[    6802ms] [ERROR] Failed to load resource: the server responded with a status of 500 (Internal Server Error) @ http://localhost:3000/logo_picker:0
[    8554ms] [INFO] %cDownload the React DevTools for a better development experience: https://react.dev/link/react-devtools font-weight:bold @ http://localhost:3000/_next/static/chunks/node_modules_react-dom_0bruynb._.js:15305
[    8883ms] Error: ./src/app/globals.css
Error evaluating Node.js code
CssSyntaxError: tailwindcss: C:\Projects\GWTH_V2\src\app\globals.css:1:1: Invalid code point 16707002
    [at Input.error (turbopack:///[project]/node_modules/postcss/lib/input.js:135:16)]
    [at Root.error (turbopack:///[project]/node_modules/postcss/lib/node.js:146:32)]
    [at Object.Once (C:\Projects\GWTH_V2\node_modules\@tailwindcss\postcss\dist\index.js:10:6911)]
    [at async LazyResult.runAsync (turbopack:///[project]/node_modules/postcss/lib/lazy-result.js:293:11)]
    [at async transform (turbopack:///[turbopack-node]/transforms/postcss.ts:70:34)]
    [at async run (turbopack:///[turbopack-node]/child_process/evaluate.ts:89:23)]

Import trace:
  Client Component Browser:
    ./src/app/globals.css [Client Component Browser]
    ./src/app/layout.tsx [Server Component]


    at Object.getCompilationErrors (file://C:\Projects\GWTH_V2\node_modules\next\dist\server\dev\hot-reloader-turbopack.js:1186:59)
    at DevBundlerService.getCompilationError (file://C:\Projects\GWTH_V2\node_modules\next\dist\server\lib\dev-bundler-service.js:44:55)
    at DevServer.getCompilationError (file://C:\Projects\GWTH_V2\node_modules\next\dist\server\dev\next-dev-server.js:719:42)
    at DevServer.findPageComponents (file://C:\Projects\GWTH_V2\node_modules\next\dist\server\dev\next-dev-server.js:689:43)
    at async DevServer.renderErrorToResponseImpl (file://C:\Projects\GWTH_V2\node_modules\next\dist\server\base-server.js:1745:26)
[    8930ms] [LOG] [HMR] connected @ http://localhost:3000/_next/static/chunks/node_modules_next_dist_0u_w_5s._.js:1226
[    8960ms] [ERROR] ./src/app/globals.css
Error evaluating Node.js code
CssSyntaxError: tailwindcss: C:\Projects\GWTH_V2\src\app\globals.css:1:1: Invalid code point 16707002
    [at Input.error (turbopack:///[project]/node_modules/postcss/lib/input.js:135:16)]
    [at Root.error (turbopack:///[project]/node_modules/postcss/lib/node.js:146:32)]
    [at Object.Once (C:\Projects\GWTH_V2\node_modules\@tailwindcss\postcss\dist\index.js:10:6911)]
    [at async LazyResult.runAsync (turbopack:///[project]/node_modules/postcss/lib/lazy-result.js:293:11)]
    [at async transform (turbopack:///[turbopack-node]/transforms/postcss.ts:70:34)]
    [at async run (turbopack:///[turbopack-node]/child_process/evaluate.ts:89:23)]

Import trace:
  Client Component Browser:
    ./src/app/globals.css [Client Component Browser]
    ./src/app/layout.tsx [Server Component] @ http://localhost:3000/_next/static/chunks/node_modules_next_dist_0u_w_5s._.js:1945
[    8961ms] [ERROR] ./src/app/globals.css
Error evaluating Node.js code
CssSyntaxError: tailwindcss: C:\Projects\GWTH_V2\src\app\globals.css:1:1: Invalid code point 16707002
    [at Input.error (turbopack:///[project]/node_modules/postcss/lib/input.js:135:16)]
    [at Root.error (turbopack:///[project]/node_modules/postcss/lib/node.js:146:32)]
    [at Object.Once (C:\Projects\GWTH_V2\node_modules\@tailwindcss\postcss\dist\index.js:10:6911)]
    [at async LazyResult.runAsync (turbopack:///[project]/node_modules/postcss/lib/lazy-result.js:293:11)]
    [at async transform (turbopack:///[turbopack-node]/transforms/postcss.ts:70:34)]
    [at async run (turbopack:///[turbopack-node]/child_process/evaluate.ts:89:23)]

Import trace:
  Client Component Browser:
    ./src/app/globals.css [Client Component Browser]
    ./src/app/layout.tsx [Server Component] @ http://localhost:3000/_next/static/chunks/node_modules_next_dist_0u_w_5s._.js:1945
[    9047ms] [ERROR] ./src/app/globals.css
Error evaluating Node.js code
CssSyntaxError: tailwindcss: C:\Projects\GWTH_V2\src\app\globals.css:1:1: Invalid code point 16707002
    [at Input.error (turbopack:///[project]/node_modules/postcss/lib/input.js:135:16)]
    [at Root.error (turbopack:///[project]/node_modules/postcss/lib/node.js:146:32)]
    [at Object.Once (C:\Projects\GWTH_V2\node_modules\@tailwindcss\postcss\dist\index.js:10:6911)]
    [at async LazyResult.runAsync (turbopack:///[project]/node_modules/postcss/lib/lazy-result.js:293:11)]
    [at async transform (turbopack:///[turbopack-node]/transforms/postcss.ts:70:34)]
    [at async run (turbopack:///[turbopack-node]/child_process/evaluate.ts:89:23)]

Import trace:
  Client Component Browser:
    ./src/app/globals.css [Client Component Browser]
    ./src/app/layout.tsx [Server Component] @ http://localhost:3000/_next/static/chunks/node_modules_next_dist_0u_w_5s._.js:1945
[    9370ms] [ERROR] ./src/app/globals.css
Error evaluating Node.js code
CssSyntaxError: tailwindcss: C:\Projects\GWTH_V2\src\app\globals.css:1:1: Invalid code point 16707002
    [at Input.error (turbopack:///[project]/node_modules/postcss/lib/input.js:135:16)]
    [at Root.error (turbopack:///[project]/node_modules/postcss/lib/node.js:146:32)]
    [at Object.Once (C:\Projects\GWTH_V2\node_modules\@tailwindcss\postcss\dist\index.js:10:6911)]
    [at async LazyResult.runAsync (turbopack:///[project]/node_modules/postcss/lib/lazy-result.js:293:11)]
    [at async transform (turbopack:///[turbopack-node]/transforms/postcss.ts:70:34)]
    [at async run (turbopack:///[turbopack-node]/child_process/evaluate.ts:89:23)]

Import trace:
  Client Component Browser:
    ./src/app/globals.css [Client Component Browser]
    ./src/app/layout.tsx [Server Component] @ http://localhost:3000/_next/static/chunks/node_modules_next_dist_0u_w_5s._.js:1945
[    9376ms] [LOG] [Fast Refresh] rebuilding @ http://localhost:3000/_next/static/chunks/node_modules_next_dist_0u_w_5s._.js:1226
[  187087ms] [ERROR] ./src/app/globals.css
Error evaluating Node.js code
CssSyntaxError: tailwindcss: C:\Projects\GWTH_V2\src\app\globals.css:1:1: Invalid code point 16707002
    [at Input.error (turbopack:///[project]/node_modules/postcss/lib/input.js:135:16)]
    [at Root.error (turbopack:///[project]/node_modules/postcss/lib/node.js:146:32)]
    [at Object.Once (C:\Projects\GWTH_V2\node_modules\@tailwindcss\postcss\dist\index.js:10:6911)]
    [at async LazyResult.runAsync (turbopack:///[project]/node_modules/postcss/lib/lazy-result.js:293:11)]
    [at async transform (turbopack:///[turbopack-node]/transforms/postcss.ts:70:34)]
    [at async run (turbopack:///[turbopack-node]/child_process/evaluate.ts:89:23)]

Import trace:
  Client Component Browser:
    ./src/app/globals.css [Client Component Browser]
    ./src/app/layout.tsx [Server Component] @ http://localhost:3000/_next/static/chunks/node_modules_next_dist_0u_w_5s._.js:1945
[  187094ms] [LOG] [Fast Refresh] rebuilding @ http://localhost:3000/_next/static/chunks/node_modules_next_dist_0u_w_5s._.js:1226
[  187526ms] [ERROR] ./src/app/globals.css
Error evaluating Node.js code
CssSyntaxError: tailwindcss: C:\Projects\GWTH_V2\src\app\globals.css:1:1: Invalid code point 16707002
    [at Input.error (turbopack:///[project]/node_modules/postcss/lib/input.js:135:16)]
    [at Root.error (turbopack:///[project]/node_modules/postcss/lib/node.js:146:32)]
    [at Object.Once (C:\Projects\GWTH_V2\node_modules\@tailwindcss\postcss\dist\index.js:10:6911)]
    [at async LazyResult.runAsync (turbopack:///[project]/node_modules/postcss/lib/lazy-result.js:293:11)]
    [at async transform (turbopack:///[turbopack-node]/transforms/postcss.ts:70:34)]
    [at async run (turbopack:///[turbopack-node]/child_process/evaluate.ts:89:23)]

Import trace:
  Client Component Browser:
    ./src/app/globals.css [Client Component Browser]
    ./src/app/layout.tsx [Server Component] @ http://localhost:3000/_next/static/chunks/node_modules_next_dist_0u_w_5s._.js:1945
[  187568ms] [LOG] [Fast Refresh] rebuilding @ http://localhost:3000/_next/static/chunks/node_modules_next_dist_0u_w_5s._.js:1226
[  218134ms] [ERROR] ./src/app/globals.css
Error evaluating Node.js code
CssSyntaxError: tailwindcss: C:\Projects\GWTH_V2\src\app\globals.css:1:1: Invalid code point 16707002
    [at Input.error (turbopack:///[project]/node_modules/postcss/lib/input.js:135:16)]
    [at Root.error (turbopack:///[project]/node_modules/postcss/lib/node.js:146:32)]
    [at Object.Once (C:\Projects\GWTH_V2\node_modules\@tailwindcss\postcss\dist\index.js:10:6911)]
    [at async LazyResult.runAsync (turbopack:///[project]/node_modules/postcss/lib/lazy-result.js:293:11)]
    [at async transform (turbopack:///[turbopack-node]/transforms/postcss.ts:70:34)]
    [at async run (turbopack:///[turbopack-node]/child_process/evaluate.ts:89:23)]

Import trace:
  Client Component Browser:
    ./src/app/globals.css [Client Component Browser]
    ./src/app/layout.tsx [Server Component] @ http://localhost:3000/_next/static/chunks/node_modules_next_dist_0u_w_5s._.js:1945
[  218237ms] [LOG] [Fast Refresh] rebuilding @ http://localhost:3000/_next/static/chunks/node_modules_next_dist_0u_w_5s._.js:1226
[  222377ms] [LOG] [Fast Refresh] rebuilding @ http://localhost:3000/_next/static/chunks/node_modules_next_dist_0u_w_5s._.js:1226
[  222437ms] [ERROR] ./src/app/globals.css
Error evaluating Node.js code
CssSyntaxError: tailwindcss: C:\Projects\GWTH_V2\src\app\globals.css:1:1: Invalid code point 16707002
    [at Input.error (turbopack:///[project]/node_modules/postcss/lib/input.js:135:16)]
    [at Root.error (turbopack:///[project]/node_modules/postcss/lib/node.js:146:32)]
    [at Object.Once (C:\Projects\GWTH_V2\node_modules\@tailwindcss\postcss\dist\index.js:10:6911)]
    [at async LazyResult.runAsync (turbopack:///[project]/node_modules/postcss/lib/lazy-result.js:293:11)]
    [at async transform (turbopack:///[turbopack-node]/transforms/postcss.ts:70:34)]
    [at async run (turbopack:///[turbopack-node]/child_process/evaluate.ts:89:23)]

Import trace:
  Client Component Browser:
    ./src/app/globals.css [Client Component Browser]
    ./src/app/layout.tsx [Server Component] @ http://localhost:3000/_next/static/chunks/node_modules_next_dist_0u_w_5s._.js:1945
[  243943ms] [LOG] [Fast Refresh] rebuilding @ http://localhost:3000/_next/static/chunks/node_modules_next_dist_0u_w_5s._.js:1226
[  246918ms] [ERROR] ./src/app/globals.css
Error evaluating Node.js code
CssSyntaxError: tailwindcss: C:\Projects\GWTH_V2\src\app\globals.css:1:1: Invalid code point 16707002
    [at Input.error (turbopack:///[project]/node_modules/postcss/lib/input.js:135:16)]
    [at Root.error (turbopack:///[project]/node_modules/postcss/lib/node.js:146:32)]
    [at Object.Once (C:\Projects\GWTH_V2\node_modules\@tailwindcss\postcss\dist\index.js:10:6911)]
    [at async LazyResult.runAsync (turbopack:///[project]/node_modules/postcss/lib/lazy-result.js:293:11)]
    [at async transform (turbopack:///[turbopack-node]/transforms/postcss.ts:70:34)]
    [at async run (turbopack:///[turbopack-node]/child_process/evaluate.ts:89:23)]

Import trace:
  Client Component Browser:
    ./src/app/globals.css [Client Component Browser]
    ./src/app/layout.tsx [Server Component] @ http://localhost:3000/_next/static/chunks/node_modules_next_dist_0u_w_5s._.js:1945
[  246921ms] [ERROR] ./src/app/globals.css
Error evaluating Node.js code
CssSyntaxError: tailwindcss: C:\Projects\GWTH_V2\src\app\globals.css:1:1: Invalid code point 16707002
    [at Input.error (turbopack:///[project]/node_modules/postcss/lib/input.js:135:16)]
    [at Root.error (turbopack:///[project]/node_modules/postcss/lib/node.js:146:32)]
    [at Object.Once (C:\Projects\GWTH_V2\node_modules\@tailwindcss\postcss\dist\index.js:10:6911)]
    [at async LazyResult.runAsync (turbopack:///[project]/node_modules/postcss/lib/lazy-result.js:293:11)]
    [at async transform (turbopack:///[turbopack-node]/transforms/postcss.ts:70:34)]
    [at async run (turbopack:///[turbopack-node]/child_process/evaluate.ts:89:23)]

Import trace:
  Client Component Browser:
    ./src/app/globals.css [Client Component Browser]
    ./src/app/layout.tsx [Server Component] @ http://localhost:3000/_next/static/chunks/node_modules_next_dist_0u_w_5s._.js:1945
[  246922ms] [ERROR] ./src/app/globals.css
Error evaluating Node.js code
CssSyntaxError: tailwindcss: C:\Projects\GWTH_V2\src\app\globals.css:1:1: Invalid code point 16707002
    [at Input.error (turbopack:///[project]/node_modules/postcss/lib/input.js:135:16)]
    [at Root.error (turbopack:///[project]/node_modules/postcss/lib/node.js:146:32)]
    [at Object.Once (C:\Projects\GWTH_V2\node_modules\@tailwindcss\postcss\dist\index.js:10:6911)]
    [at async LazyResult.runAsync (turbopack:///[project]/node_modules/postcss/lib/lazy-result.js:293:11)]
    [at async transform (turbopack:///[turbopack-node]/transforms/postcss.ts:70:34)]
    [at async run (turbopack:///[turbopack-node]/child_process/evaluate.ts:89:23)]

Import trace:
  Client Component Browser:
    ./src/app/globals.css [Client Component Browser]
    ./src/app/layout.tsx [Server Component] @ http://localhost:3000/_next/static/chunks/node_modules_next_dist_0u_w_5s._.js:1945
[  247036ms] [LOG] [Fast Refresh] rebuilding @ http://localhost:3000/_next/static/chunks/node_modules_next_dist_0u_w_5s._.js:1226
[  247265ms] [ERROR] ./src/app/globals.css
Error evaluating Node.js code
CssSyntaxError: tailwindcss: C:\Projects\GWTH_V2\src\app\globals.css:1:1: Invalid code point 16707002
    [at Input.error (turbopack:///[project]/node_modules/postcss/lib/input.js:135:16)]
    [at Root.error (turbopack:///[project]/node_modules/postcss/lib/node.js:146:32)]
    [at Object.Once (C:\Projects\GWTH_V2\node_modules\@tailwindcss\postcss\dist\index.js:10:6911)]
    [at async LazyResult.runAsync (turbopack:///[project]/node_modules/postcss/lib/lazy-result.js:293:11)]
    [at async transform (turbopack:///[turbopack-node]/transforms/postcss.ts:70:34)]
    [at async run (turbopack:///[turbopack-node]/child_process/evaluate.ts:89:23)]

Import trace:
  Client Component Browser:
    ./src/app/globals.css [Client Component Browser]
    ./src/app/layout.tsx [Server Component] @ http://localhost:3000/_next/static/chunks/node_modules_next_dist_0u_w_5s._.js:1945
[  247372ms] [LOG] [Fast Refresh] rebuilding @ http://localhost:3000/_next/static/chunks/node_modules_next_dist_0u_w_5s._.js:1226
[  247798ms] [ERROR] ./src/app/globals.css
Error evaluating Node.js code
CssSyntaxError: tailwindcss: C:\Projects\GWTH_V2\src\app\globals.css:1:1: Invalid code point 16707002
    [at Input.error (turbopack:///[project]/node_modules/postcss/lib/input.js:135:16)]
    [at Root.error (turbopack:///[project]/node_modules/postcss/lib/node.js:146:32)]
    [at Object.Once (C:\Projects\GWTH_V2\node_modules\@tailwindcss\postcss\dist\index.js:10:6911)]
    [at async LazyResult.runAsync (turbopack:///[project]/node_modules/postcss/lib/lazy-result.js:293:11)]
    [at async transform (turbopack:///[turbopack-node]/transforms/postcss.ts:70:34)]
    [at async run (turbopack:///[turbopack-node]/child_process/evaluate.ts:89:23)]

Import trace:
  Client Component Browser:
    ./src/app/globals.css [Client Component Browser]
    ./src/app/layout.tsx [Server Component] @ http://localhost:3000/_next/static/chunks/node_modules_next_dist_0u_w_5s._.js:1945
[  247911ms] [LOG] [Fast Refresh] rebuilding @ http://localhost:3000/_next/static/chunks/node_modules_next_dist_0u_w_5s._.js:1226
[  247990ms] [ERROR] ./src/app/globals.css
Error evaluating Node.js code
CssSyntaxError: tailwindcss: C:\Projects\GWTH_V2\src\app\globals.css:1:1: Invalid code point 16707002
    [at Input.error (turbopack:///[project]/node_modules/postcss/lib/input.js:135:16)]
    [at Root.error (turbopack:///[project]/node_modules/postcss/lib/node.js:146:32)]
    [at Object.Once (C:\Projects\GWTH_V2\node_modules\@tailwindcss\postcss\dist\index.js:10:6911)]
    [at async LazyResult.runAsync (turbopack:///[project]/node_modules/postcss/lib/lazy-result.js:293:11)]
    [at async transform (turbopack:///[turbopack-node]/transforms/postcss.ts:70:34)]
    [at async run (turbopack:///[turbopack-node]/child_process/evaluate.ts:89:23)]

Import trace:
  Client Component Browser:
    ./src/app/globals.css [Client Component Browser]
    ./src/app/layout.tsx [Server Component] @ http://localhost:3000/_next/static/chunks/node_modules_next_dist_0u_w_5s._.js:1945
[  248096ms] [LOG] [Fast Refresh] rebuilding @ http://localhost:3000/_next/static/chunks/node_modules_next_dist_0u_w_5s._.js:1226
[  248151ms] [ERROR] ./src/app/globals.css
Error evaluating Node.js code
CssSyntaxError: tailwindcss: C:\Projects\GWTH_V2\src\app\globals.css:1:1: Invalid code point 16707002
    [at Input.error (turbopack:///[project]/node_modules/postcss/lib/input.js:135:16)]
    [at Root.error (turbopack:///[project]/node_modules/postcss/lib/node.js:146:32)]
    [at Object.Once (C:\Projects\GWTH_V2\node_modules\@tailwindcss\postcss\dist\index.js:10:6911)]
    [at async LazyResult.runAsync (turbopack:///[project]/node_modules/postcss/lib/lazy-result.js:293:11)]
    [at async transform (turbopack:///[turbopack-node]/transforms/postcss.ts:70:34)]
    [at async run (turbopack:///[turbopack-node]/child_process/evaluate.ts:89:23)]

Import trace:
  Client Component Browser:
    ./src/app/globals.css [Client Component Browser]
    ./src/app/layout.tsx [Server Component] @ http://localhost:3000/_next/static/chunks/node_modules_next_dist_0u_w_5s._.js:1945
[  248214ms] [ERROR] Failed to load resource: the server responded with a status of 500 (Internal Server Error) @ http://localhost:3000/logo_picker:0
[  248353ms] [INFO] %cDownload the React DevTools for a better development experience: https://react.dev/link/react-devtools font-weight:bold @ http://localhost:3000/_next/static/chunks/node_modules_react-dom_0bruynb._.js:15305
[  248458ms] Error: ./src/app/globals.css
Error evaluating Node.js code
CssSyntaxError: tailwindcss: C:\Projects\GWTH_V2\src\app\globals.css:1:1: Invalid code point 16707002
    [at Input.error (turbopack:///[project]/node_modules/postcss/lib/input.js:135:16)]
    [at Root.error (turbopack:///[project]/node_modules/postcss/lib/node.js:146:32)]
    [at Object.Once (C:\Projects\GWTH_V2\node_modules\@tailwindcss\postcss\dist\index.js:10:6911)]
    [at async LazyResult.runAsync (turbopack:///[project]/node_modules/postcss/lib/lazy-result.js:293:11)]
    [at async transform (turbopack:///[turbopack-node]/transforms/postcss.ts:70:34)]
    [at async run (turbopack:///[turbopack-node]/child_process/evaluate.ts:89:23)]

Import trace:
  Client Component Browser:
    ./src/app/globals.css [Client Component Browser]
    ./src/app/layout.tsx [Server Component]


    at Object.getCompilationErrors (file://C:\Projects\GWTH_V2\node_modules\next\dist\server\dev\hot-reloader-turbopack.js:1186:59)
    at DevBundlerService.getCompilationError (file://C:\Projects\GWTH_V2\node_modules\next\dist\server\lib\dev-bundler-service.js:44:55)
    at DevServer.getCompilationError (file://C:\Projects\GWTH_V2\node_modules\next\dist\server\dev\next-dev-server.js:719:42)
    at DevServer.findPageComponents (file://C:\Projects\GWTH_V2\node_modules\next\dist\server\dev\next-dev-server.js:689:43)
    at async DevServer.renderErrorToResponseImpl (file://C:\Projects\GWTH_V2\node_modules\next\dist\server\base-server.js:1745:26)
[  248439ms] [LOG] [HMR] connected @ http://localhost:3000/_next/static/chunks/node_modules_next_dist_0u_w_5s._.js:1226
[  248446ms] [ERROR] ./src/app/globals.css
Error evaluating Node.js code
CssSyntaxError: tailwindcss: C:\Projects\GWTH_V2\src\app\globals.css:1:1: Invalid code point 16707002
    [at Input.error (turbopack:///[project]/node_modules/postcss/lib/input.js:135:16)]
    [at Root.error (turbopack:///[project]/node_modules/postcss/lib/node.js:146:32)]
    [at Object.Once (C:\Projects\GWTH_V2\node_modules\@tailwindcss\postcss\dist\index.js:10:6911)]
    [at async LazyResult.runAsync (turbopack:///[project]/node_modules/postcss/lib/lazy-result.js:293:11)]
    [at async transform (turbopack:///[turbopack-node]/transforms/postcss.ts:70:34)]
    [at async run (turbopack:///[turbopack-node]/child_process/evaluate.ts:89:23)]

Import trace:
  Client Component Browser:
    ./src/app/globals.css [Client Component Browser]
    ./src/app/layout.tsx [Server Component] @ http://localhost:3000/_next/static/chunks/node_modules_next_dist_0u_w_5s._.js:1945
[  248446ms] [ERROR] ./src/app/globals.css
Error evaluating Node.js code
CssSyntaxError: tailwindcss: C:\Projects\GWTH_V2\src\app\globals.css:1:1: Invalid code point 16707002
    [at Input.error (turbopack:///[project]/node_modules/postcss/lib/input.js:135:16)]
    [at Root.error (turbopack:///[project]/node_modules/postcss/lib/node.js:146:32)]
    [at Object.Once (C:\Projects\GWTH_V2\node_modules\@tailwindcss\postcss\dist\index.js:10:6911)]
    [at async LazyResult.runAsync (turbopack:///[project]/node_modules/postcss/lib/lazy-result.js:293:11)]
    [at async transform (turbopack:///[turbopack-node]/transforms/postcss.ts:70:34)]
    [at async run (turbopack:///[turbopack-node]/child_process/evaluate.ts:89:23)]

Import trace:
  Client Component Browser:
    ./src/app/globals.css [Client Component Browser]
    ./src/app/layout.tsx [Server Component] @ http://localhost:3000/_next/static/chunks/node_modules_next_dist_0u_w_5s._.js:1945
[  248447ms] [ERROR] ./src/app/globals.css
Error evaluating Node.js code
CssSyntaxError: tailwindcss: C:\Projects\GWTH_V2\src\app\globals.css:1:1: Invalid code point 16707002
    [at Input.error (turbopack:///[project]/node_modules/postcss/lib/input.js:135:16)]
    [at Root.error (turbopack:///[project]/node_modules/postcss/lib/node.js:146:32)]
    [at Object.Once (C:\Projects\GWTH_V2\node_modules\@tailwindcss\postcss\dist\index.js:10:6911)]
    [at async LazyResult.runAsync (turbopack:///[project]/node_modules/postcss/lib/lazy-result.js:293:11)]
    [at async transform (turbopack:///[turbopack-node]/transforms/postcss.ts:70:34)]
    [at async run (turbopack:///[turbopack-node]/child_process/evaluate.ts:89:23)]

Import trace:
  Client Component Browser:
    ./src/app/globals.css [Client Component Browser]
    ./src/app/layout.tsx [Server Component] @ http://localhost:3000/_next/static/chunks/node_modules_next_dist_0u_w_5s._.js:1945
[  248530ms] [ERROR] ./src/app/globals.css
Error evaluating Node.js code
CssSyntaxError: tailwindcss: C:\Projects\GWTH_V2\src\app\globals.css:1:1: Invalid code point 16707002
    [at Input.error (turbopack:///[project]/node_modules/postcss/lib/input.js:135:16)]
    [at Root.error (turbopack:///[project]/node_modules/postcss/lib/node.js:146:32)]
    [at Object.Once (C:\Projects\GWTH_V2\node_modules\@tailwindcss\postcss\dist\index.js:10:6911)]
    [at async LazyResult.runAsync (turbopack:///[project]/node_modules/postcss/lib/lazy-result.js:293:11)]
    [at async transform (turbopack:///[turbopack-node]/transforms/postcss.ts:70:34)]
    [at async run (turbopack:///[turbopack-node]/child_process/evaluate.ts:89:23)]

Import trace:
  Client Component Browser:
    ./src/app/globals.css [Client Component Browser]
    ./src/app/layout.tsx [Server Component] @ http://localhost:3000/_next/static/chunks/node_modules_next_dist_0u_w_5s._.js:1945
[  248567ms] [LOG] [Fast Refresh] rebuilding @ http://localhost:3000/_next/static/chunks/node_modules_next_dist_0u_w_5s._.js:1226
[  254378ms] [LOG] [Fast Refresh] rebuilding @ http://localhost:3000/_next/static/chunks/node_modules_next_dist_0u_w_5s._.js:1226
[  254533ms] [ERROR] ./src/app/globals.css
Error evaluating Node.js code
CssSyntaxError: tailwindcss: C:\Projects\GWTH_V2\src\app\globals.css:1:1: Invalid code point 16707002
    [at Input.error (turbopack:///[project]/node_modules/postcss/lib/input.js:135:16)]
    [at Root.error (turbopack:///[project]/node_modules/postcss/lib/node.js:146:32)]
    [at Object.Once (C:\Projects\GWTH_V2\node_modules\@tailwindcss\postcss\dist\index.js:10:6911)]
    [at async LazyResult.runAsync (turbopack:///[project]/node_modules/postcss/lib/lazy-result.js:293:11)]
    [at async transform (turbopack:///[turbopack-node]/transforms/postcss.ts:70:34)]
    [at async run (turbopack:///[turbopack-node]/child_process/evaluate.ts:89:23)]

Import trace:
  Client Component Browser:
    ./src/app/globals.css [Client Component Browser]
    ./src/app/layout.tsx [Server Component] @ http://localhost:3000/_next/static/chunks/node_modules_next_dist_0u_w_5s._.js:1945
[  255227ms] [LOG] [Fast Refresh] rebuilding @ http://localhost:3000/_next/static/chunks/node_modules_next_dist_0u_w_5s._.js:1226
[  255252ms] [ERROR] ./src/app/globals.css
Error evaluating Node.js code
CssSyntaxError: tailwindcss: C:\Projects\GWTH_V2\src\app\globals.css:1:1: Invalid code point 16707002
    [at Input.error (turbopack:///[project]/node_modules/postcss/lib/input.js:135:16)]
    [at Root.error (turbopack:///[project]/node_modules/postcss/lib/node.js:146:32)]
    [at Object.Once (C:\Projects\GWTH_V2\node_modules\@tailwindcss\postcss\dist\index.js:10:6911)]
    [at async LazyResult.runAsync (turbopack:///[project]/node_modules/postcss/lib/lazy-result.js:293:11)]
    [at async transform (turbopack:///[turbopack-node]/transforms/postcss.ts:70:34)]
    [at async run (turbopack:///[turbopack-node]/child_process/evaluate.ts:89:23)]

Import trace:
  Client Component Browser:
    ./src/app/globals.css [Client Component Browser]
    ./src/app/layout.tsx [Server Component] @ http://localhost:3000/_next/static/chunks/node_modules_next_dist_0u_w_5s._.js:1945
[  483761ms] [LOG] [Fast Refresh] rebuilding @ http://localhost:3000/_next/static/chunks/node_modules_next_dist_0u_w_5s._.js:1226
[  484025ms] [ERROR] ./src/app/globals.css
Error evaluating Node.js code
CssSyntaxError: tailwindcss: C:\Projects\GWTH_V2\src\app\globals.css:1:1: Invalid code point 16707002
    [at Input.error (turbopack:///[project]/node_modules/postcss/lib/input.js:135:16)]
    [at Root.error (turbopack:///[project]/node_modules/postcss/lib/node.js:146:32)]
    [at Object.Once (C:\Projects\GWTH_V2\node_modules\@tailwindcss\postcss\dist\index.js:10:6911)]
    [at async LazyResult.runAsync (turbopack:///[project]/node_modules/postcss/lib/lazy-result.js:293:11)]
    [at async transform (turbopack:///[turbopack-node]/transforms/postcss.ts:70:34)]
    [at async run (turbopack:///[turbopack-node]/child_process/evaluate.ts:89:23)]

Import trace:
  Client Component Browser:
    ./src/app/globals.css [Client Component Browser]
    ./src/app/layout.tsx [Server Component] @ http://localhost:3000/_next/static/chunks/node_modules_next_dist_0u_w_5s._.js:1945
[  487018ms] [ERROR] ./src/app/globals.css
Error evaluating Node.js code
CssSyntaxError: tailwindcss: C:\Projects\GWTH_V2\src\app\globals.css:1:1: Invalid code point 16707002
    [at Input.error (turbopack:///[project]/node_modules/postcss/lib/input.js:135:16)]
    [at Root.error (turbopack:///[project]/node_modules/postcss/lib/node.js:146:32)]
    [at Object.Once (C:\Projects\GWTH_V2\node_modules\@tailwindcss\postcss\dist\index.js:10:6911)]
    [at async LazyResult.runAsync (turbopack:///[project]/node_modules/postcss/lib/lazy-result.js:293:11)]
    [at async transform (turbopack:///[turbopack-node]/transforms/postcss.ts:70:34)]
    [at async run (turbopack:///[turbopack-node]/child_process/evaluate.ts:89:23)]

Import trace:
  Client Component Browser:
    ./src/app/globals.css [Client Component Browser]
    ./src/app/layout.tsx [Server Component] @ http://localhost:3000/_next/static/chunks/node_modules_next_dist_0u_w_5s._.js:1945
[  487131ms] [LOG] [Fast Refresh] rebuilding @ http://localhost:3000/_next/static/chunks/node_modules_next_dist_0u_w_5s._.js:1226
[  530889ms] [LOG] [Fast Refresh] rebuilding @ http://localhost:3000/_next/static/chunks/node_modules_next_dist_0u_w_5s._.js:1226
[  530950ms] [ERROR] ./src/app/globals.css
Error evaluating Node.js code
CssSyntaxError: tailwindcss: C:\Projects\GWTH_V2\src\app\globals.css:1:1: Invalid code point 16707002
    [at Input.error (turbopack:///[project]/node_modules/postcss/lib/input.js:135:16)]
    [at Root.error (turbopack:///[project]/node_modules/postcss/lib/node.js:146:32)]
    [at Object.Once (C:\Projects\GWTH_V2\node_modules\@tailwindcss\postcss\dist\index.js:10:6911)]
    [at async LazyResult.runAsync (turbopack:///[project]/node_modules/postcss/lib/lazy-result.js:293:11)]
    [at async transform (turbopack:///[turbopack-node]/transforms/postcss.ts:70:34)]
    [at async run (turbopack:///[turbopack-node]/child_process/evaluate.ts:89:23)]

Import trace:
  Client Component Browser:
    ./src/app/globals.css [Client Component Browser]
    ./src/app/layout.tsx [Server Component] @ http://localhost:3000/_next/static/chunks/node_modules_next_dist_0u_w_5s._.js:1945
[  534035ms] [LOG] [Fast Refresh] rebuilding @ http://localhost:3000/_next/static/chunks/node_modules_next_dist_0u_w_5s._.js:1226
[  534054ms] [ERROR] ./src/app/globals.css
Error evaluating Node.js code
CssSyntaxError: tailwindcss: C:\Projects\GWTH_V2\src\app\globals.css:1:1: Invalid code point 16707002
    [at Input.error (turbopack:///[project]/node_modules/postcss/lib/input.js:135:16)]
    [at Root.error (turbopack:///[project]/node_modules/postcss/lib/node.js:146:32)]
    [at Object.Once (C:\Projects\GWTH_V2\node_modules\@tailwindcss\postcss\dist\index.js:10:6911)]
    [at async LazyResult.runAsync (turbopack:///[project]/node_modules/postcss/lib/lazy-result.js:293:11)]
    [at async transform (turbopack:///[turbopack-node]/transforms/postcss.ts:70:34)]
    [at async run (turbopack:///[turbopack-node]/child_process/evaluate.ts:89:23)]

Import trace:
  Client Component Browser:
    ./src/app/globals.css [Client Component Browser]
    ./src/app/layout.tsx [Server Component] @ http://localhost:3000/_next/static/chunks/node_modules_next_dist_0u_w_5s._.js:1945
[  575275ms] [ERROR] WebSocket connection to 'ws://localhost:3000/_next/webpack-hmr' failed: Error in connection establishment: net::ERR_CONNECTION_REFUSED @ http://localhost:3000/_next/static/chunks/node_modules_next_dist_client_0pe1dg-._.js:2342
[  578627ms] [ERROR] WebSocket connection to 'ws://localhost:3000/_next/webpack-hmr' failed: Error in connection establishment: net::ERR_CONNECTION_REFUSED @ http://localhost:3000/_next/static/chunks/node_modules_next_dist_client_0pe1dg-._.js:2342
[  581992ms] [ERROR] WebSocket connection to 'ws://localhost:3000/_next/webpack-hmr' failed: Error in connection establishment: net::ERR_CONNECTION_REFUSED @ http://localhost:3000/_next/static/chunks/node_modules_next_dist_client_0pe1dg-._.js:2342
[  585355ms] [ERROR] WebSocket connection to 'ws://localhost:3000/_next/webpack-hmr' failed: Error in connection establishment: net::ERR_CONNECTION_REFUSED @ http://localhost:3000/_next/static/chunks/node_modules_next_dist_client_0pe1dg-._.js:2342
[  588730ms] [ERROR] WebSocket connection to 'ws://localhost:3000/_next/webpack-hmr' failed: Error in connection establishment: net::ERR_CONNECTION_REFUSED @ http://localhost:3000/_next/static/chunks/node_modules_next_dist_client_0pe1dg-._.js:2342
[  596115ms] [ERROR] WebSocket connection to 'ws://localhost:3000/_next/webpack-hmr' failed: Error in connection establishment: net::ERR_CONNECTION_REFUSED @ http://localhost:3000/_next/static/chunks/node_modules_next_dist_client_0pe1dg-._.js:2342
[  603490ms] [ERROR] WebSocket connection to 'ws://localhost:3000/_next/webpack-hmr' failed: Error in connection establishment: net::ERR_CONNECTION_REFUSED @ http://localhost:3000/_next/static/chunks/node_modules_next_dist_client_0pe1dg-._.js:2342
[  610869ms] [ERROR] WebSocket connection to 'ws://localhost:3000/_next/webpack-hmr' failed: Error in connection establishment: net::ERR_CONNECTION_REFUSED @ http://localhost:3000/_next/static/chunks/node_modules_next_dist_client_0pe1dg-._.js:2342
[  618250ms] [ERROR] WebSocket connection to 'ws://localhost:3000/_next/webpack-hmr' failed: Error in connection establishment: net::ERR_CONNECTION_REFUSED @ http://localhost:3000/_next/static/chunks/node_modules_next_dist_client_0pe1dg-._.js:2342
[  625653ms] [ERROR] WebSocket connection to 'ws://localhost:3000/_next/webpack-hmr' failed: Error in connection establishment: net::ERR_CONNECTION_REFUSED @ http://localhost:3000/_next/static/chunks/node_modules_next_dist_client_0pe1dg-._.js:2342
[  633100ms] [ERROR] WebSocket connection to 'ws://localhost:3000/_next/webpack-hmr' failed: Error in connection establishment: net::ERR_CONNECTION_REFUSED @ http://localhost:3000/_next/static/chunks/node_modules_next_dist_client_0pe1dg-._.js:2342
[  640544ms] [ERROR] WebSocket connection to 'ws://localhost:3000/_next/webpack-hmr' failed: Error in connection establishment: net::ERR_CONNECTION_REFUSED @ http://localhost:3000/_next/static/chunks/node_modules_next_dist_client_0pe1dg-._.js:2342
[  767041ms] [ERROR] Failed to load resource: the server responded with a status of 500 (Internal Server Error) @ http://localhost:3000/logo_picker:0
[  771437ms] [INFO] %cDownload the React DevTools for a better development experience: https://react.dev/link/react-devtools font-weight:bold @ http://localhost:3000/_next/static/chunks/node_modules_react-dom_0bruynb._.js:15305
[  771727ms] Error: ./src/app/globals.css
Error evaluating Node.js code
CssSyntaxError: tailwindcss: C:\Projects\GWTH_V2\src\app\globals.css:1:1: Invalid code point 16707002
    [at Input.error (turbopack:///[project]/node_modules/postcss/lib/input.js:135:16)]
    [at Root.error (turbopack:///[project]/node_modules/postcss/lib/node.js:146:32)]
    [at Object.Once (C:\Projects\GWTH_V2\node_modules\@tailwindcss\postcss\dist\index.js:10:6911)]
    [at async LazyResult.runAsync (turbopack:///[project]/node_modules/postcss/lib/lazy-result.js:293:11)]
    [at async transform (turbopack:///[turbopack-node]/transforms/postcss.ts:70:34)]
    [at async run (turbopack:///[turbopack-node]/child_process/evaluate.ts:89:23)]

Import trace:
  Client Component Browser:
    ./src/app/globals.css [Client Component Browser]
    ./src/app/layout.tsx [Server Component]


    at Object.getCompilationErrors (file://C:\Projects\GWTH_V2\node_modules\next\dist\server\dev\hot-reloader-turbopack.js:1186:59)
    at DevBundlerService.getCompilationError (file://C:\Projects\GWTH_V2\node_modules\next\dist\server\lib\dev-bundler-service.js:44:55)
    at DevServer.getCompilationError (file://C:\Projects\GWTH_V2\node_modules\next\dist\server\dev\next-dev-server.js:719:42)
    at DevServer.findPageComponents (file://C:\Projects\GWTH_V2\node_modules\next\dist\server\dev\next-dev-server.js:689:43)
    at async DevServer.renderErrorToResponseImpl (file://C:\Projects\GWTH_V2\node_modules\next\dist\server\base-server.js:1745:26)
[  771728ms] [LOG] [HMR] connected @ http://localhost:3000/_next/static/chunks/node_modules_next_dist_0u_w_5s._.js:1226
[  771876ms] [LOG] [Fast Refresh] rebuilding @ http://localhost:3000/_next/static/chunks/node_modules_next_dist_0u_w_5s._.js:1226
[  771934ms] [ERROR] ./src/app/globals.css
Error evaluating Node.js code
CssSyntaxError: tailwindcss: C:\Projects\GWTH_V2\src\app\globals.css:1:1: Invalid code point 16707002
    [at Input.error (turbopack:///[project]/node_modules/postcss/lib/input.js:135:16)]
    [at Root.error (turbopack:///[project]/node_modules/postcss/lib/node.js:146:32)]
    [at Object.Once (C:\Projects\GWTH_V2\node_modules\@tailwindcss\postcss\dist\index.js:10:6911)]
    [at async LazyResult.runAsync (turbopack:///[project]/node_modules/postcss/lib/lazy-result.js:293:11)]
    [at async transform (turbopack:///[turbopack-node]/transforms/postcss.ts:70:34)]
    [at async run (turbopack:///[turbopack-node]/child_process/evaluate.ts:89:23)]

Import trace:
  Client Component Browser:
    ./src/app/globals.css [Client Component Browser]
    ./src/app/layout.tsx [Server Component] @ http://localhost:3000/_next/static/chunks/node_modules_next_dist_0u_w_5s._.js:1945
[  772052ms] [LOG] [Fast Refresh] rebuilding @ http://localhost:3000/_next/static/chunks/node_modules_next_dist_0u_w_5s._.js:1226
[  772243ms] [ERROR] ./src/app/globals.css
Error evaluating Node.js code
CssSyntaxError: tailwindcss: C:\Projects\GWTH_V2\src\app\globals.css:1:1: Invalid code point 16707002
    [at Input.error (turbopack:///[project]/node_modules/postcss/lib/input.js:135:16)]
    [at Root.error (turbopack:///[project]/node_modules/postcss/lib/node.js:146:32)]
    [at Object.Once (C:\Projects\GWTH_V2\node_modules\@tailwindcss\postcss\dist\index.js:10:6911)]
    [at async LazyResult.runAsync (turbopack:///[project]/node_modules/postcss/lib/lazy-result.js:293:11)]
    [at async transform (turbopack:///[turbopack-node]/transforms/postcss.ts:70:34)]
    [at async run (turbopack:///[turbopack-node]/child_process/evaluate.ts:89:23)]

Import trace:
  Client Component Browser:
    ./src/app/globals.css [Client Component Browser]
    ./src/app/layout.tsx [Server Component] @ http://localhost:3000/_next/static/chunks/node_modules_next_dist_0u_w_5s._.js:1945
[  773152ms] [ERROR] ./src/app/globals.css
Error evaluating Node.js code
CssSyntaxError: tailwindcss: C:\Projects\GWTH_V2\src\app\globals.css:1:1: Invalid code point 16707002
    [at Input.error (turbopack:///[project]/node_modules/postcss/lib/input.js:135:16)]
    [at Root.error (turbopack:///[project]/node_modules/postcss/lib/node.js:146:32)]
    [at Object.Once (C:\Projects\GWTH_V2\node_modules\@tailwindcss\postcss\dist\index.js:10:6911)]
    [at async LazyResult.runAsync (turbopack:///[project]/node_modules/postcss/lib/lazy-result.js:293:11)]
    [at async transform (turbopack:///[turbopack-node]/transforms/postcss.ts:70:34)]
    [at async run (turbopack:///[turbopack-node]/child_process/evaluate.ts:89:23)]

Import trace:
  Client Component Browser:
    ./src/app/globals.css [Client Component Browser]
    ./src/app/layout.tsx [Server Component] @ http://localhost:3000/_next/static/chunks/node_modules_next_dist_0u_w_5s._.js:1945
[  773153ms] [ERROR] ./src/app/globals.css
Error evaluating Node.js code
CssSyntaxError: tailwindcss: C:\Projects\GWTH_V2\src\app\globals.css:1:1: Invalid code point 16707002
    [at Input.error (turbopack:///[project]/node_modules/postcss/lib/input.js:135:16)]
    [at Root.error (turbopack:///[project]/node_modules/postcss/lib/node.js:146:32)]
    [at Object.Once (C:\Projects\GWTH_V2\node_modules\@tailwindcss\postcss\dist\index.js:10:6911)]
    [at async LazyResult.runAsync (turbopack:///[project]/node_modules/postcss/lib/lazy-result.js:293:11)]
    [at async transform (turbopack:///[turbopack-node]/transforms/postcss.ts:70:34)]
    [at async run (turbopack:///[turbopack-node]/child_process/evaluate.ts:89:23)]

Import trace:
  Client Component Browser:
    ./src/app/globals.css [Client Component Browser]
    ./src/app/layout.tsx [Server Component] @ http://localhost:3000/_next/static/chunks/node_modules_next_dist_0u_w_5s._.js:1945
[  776078ms] [LOG] [Fast Refresh] rebuilding @ http://localhost:3000/_next/static/chunks/node_modules_next_dist_0u_w_5s._.js:1226
[  776161ms] [ERROR] ./src/app/globals.css
Error evaluating Node.js code
CssSyntaxError: tailwindcss: C:\Projects\GWTH_V2\src\app\globals.css:1:1: Invalid code point 16707002
    [at Input.error (turbopack:///[project]/node_modules/postcss/lib/input.js:135:16)]
    [at Root.error (turbopack:///[project]/node_modules/postcss/lib/node.js:146:32)]
    [at Object.Once (C:\Projects\GWTH_V2\node_modules\@tailwindcss\postcss\dist\index.js:10:6911)]
    [at async LazyResult.runAsync (turbopack:///[project]/node_modules/postcss/lib/lazy-result.js:293:11)]
    [at async transform (turbopack:///[turbopack-node]/transforms/postcss.ts:70:34)]
    [at async run (turbopack:///[turbopack-node]/child_process/evaluate.ts:89:23)]

Import trace:
  Client Component Browser:
    ./src/app/globals.css [Client Component Browser]
    ./src/app/layout.tsx [Server Component] @ http://localhost:3000/_next/static/chunks/node_modules_next_dist_0u_w_5s._.js:1945
[  778250ms] [LOG] [Fast Refresh] rebuilding @ http://localhost:3000/_next/static/chunks/node_modules_next_dist_0u_w_5s._.js:1226
[  778290ms] [ERROR] ./src/app/globals.css
Error evaluating Node.js code
CssSyntaxError: tailwindcss: C:\Projects\GWTH_V2\src\app\globals.css:1:1: Invalid code point 16707002
    [at Input.error (turbopack:///[project]/node_modules/postcss/lib/input.js:135:16)]
    [at Root.error (turbopack:///[project]/node_modules/postcss/lib/node.js:146:32)]
    [at Object.Once (C:\Projects\GWTH_V2\node_modules\@tailwindcss\postcss\dist\index.js:10:6911)]
    [at async LazyResult.runAsync (turbopack:///[project]/node_modules/postcss/lib/lazy-result.js:293:11)]
    [at async transform (turbopack:///[turbopack-node]/transforms/postcss.ts:70:34)]
    [at async run (turbopack:///[turbopack-node]/child_process/evaluate.ts:89:23)]

Import trace:
  Client Component Browser:
    ./src/app/globals.css [Client Component Browser]
    ./src/app/layout.tsx [Server Component] @ http://localhost:3000/_next/static/chunks/node_modules_next_dist_0u_w_5s._.js:1945
[  778292ms] [ERROR] ./src/app/globals.css
Error evaluating Node.js code
CssSyntaxError: tailwindcss: C:\Projects\GWTH_V2\src\app\globals.css:1:1: Invalid code point 16707002
    [at Input.error (turbopack:///[project]/node_modules/postcss/lib/input.js:135:16)]
    [at Root.error (turbopack:///[project]/node_modules/postcss/lib/node.js:146:32)]
    [at Object.Once (C:\Projects\GWTH_V2\node_modules\@tailwindcss\postcss\dist\index.js:10:6911)]
    [at async LazyResult.runAsync (turbopack:///[project]/node_modules/postcss/lib/lazy-result.js:293:11)]
    [at async transform (turbopack:///[turbopack-node]/transforms/postcss.ts:70:34)]
    [at async run (turbopack:///[turbopack-node]/child_process/evaluate.ts:89:23)]

Import trace:
  Client Component Browser:
    ./src/app/globals.css [Client Component Browser]
    ./src/app/layout.tsx [Server Component] @ http://localhost:3000/_next/static/chunks/node_modules_next_dist_0u_w_5s._.js:1945
[  778392ms] [LOG] [Fast Refresh] rebuilding @ http://localhost:3000/_next/static/chunks/node_modules_next_dist_0u_w_5s._.js:1226
[  778588ms] [ERROR] ./src/app/globals.css
Error evaluating Node.js code
CssSyntaxError: tailwindcss: C:\Projects\GWTH_V2\src\app\globals.css:1:1: Invalid code point 16707002
    [at Input.error (turbopack:///[project]/node_modules/postcss/lib/input.js:135:16)]
    [at Root.error (turbopack:///[project]/node_modules/postcss/lib/node.js:146:32)]
    [at Object.Once (C:\Projects\GWTH_V2\node_modules\@tailwindcss\postcss\dist\index.js:10:6911)]
    [at async LazyResult.runAsync (turbopack:///[project]/node_modules/postcss/lib/lazy-result.js:293:11)]
    [at async transform (turbopack:///[turbopack-node]/transforms/postcss.ts:70:34)]
    [at async run (turbopack:///[turbopack-node]/child_process/evaluate.ts:89:23)]

Import trace:
  Client Component Browser:
    ./src/app/globals.css [Client Component Browser]
    ./src/app/layout.tsx [Server Component] @ http://localhost:3000/_next/static/chunks/node_modules_next_dist_0u_w_5s._.js:1945
[  778689ms] [LOG] [Fast Refresh] rebuilding @ http://localhost:3000/_next/static/chunks/node_modules_next_dist_0u_w_5s._.js:1226
[  778772ms] [ERROR] ./src/app/globals.css
Error evaluating Node.js code
CssSyntaxError: tailwindcss: C:\Projects\GWTH_V2\src\app\globals.css:1:1: Invalid code point 16707002
    [at Input.error (turbopack:///[project]/node_modules/postcss/lib/input.js:135:16)]
    [at Root.error (turbopack:///[project]/node_modules/postcss/lib/node.js:146:32)]
    [at Object.Once (C:\Projects\GWTH_V2\node_modules\@tailwindcss\postcss\dist\index.js:10:6911)]
    [at async LazyResult.runAsync (turbopack:///[project]/node_modules/postcss/lib/lazy-result.js:293:11)]
    [at async transform (turbopack:///[turbopack-node]/transforms/postcss.ts:70:34)]
    [at async run (turbopack:///[turbopack-node]/child_process/evaluate.ts:89:23)]

Import trace:
  Client Component Browser:
    ./src/app/globals.css [Client Component Browser]
    ./src/app/layout.tsx [Server Component] @ http://localhost:3000/_next/static/chunks/node_modules_next_dist_0u_w_5s._.js:1945
[  778860ms] [LOG] [Fast Refresh] rebuilding @ http://localhost:3000/_next/static/chunks/node_modules_next_dist_0u_w_5s._.js:1226
[  782597ms] [LOG] [Fast Refresh] rebuilding @ http://localhost:3000/_next/static/chunks/node_modules_next_dist_0u_w_5s._.js:1226
[  782639ms] [ERROR] ./src/app/globals.css
Error evaluating Node.js code
CssSyntaxError: tailwindcss: C:\Projects\GWTH_V2\src\app\globals.css:1:1: Invalid code point 16707002
    [at Input.error (turbopack:///[project]/node_modules/postcss/lib/input.js:135:16)]
    [at Root.error (turbopack:///[project]/node_modules/postcss/lib/node.js:146:32)]
    [at Object.Once (C:\Projects\GWTH_V2\node_modules\@tailwindcss\postcss\dist\index.js:10:6911)]
    [at async LazyResult.runAsync (turbopack:///[project]/node_modules/postcss/lib/lazy-result.js:293:11)]
    [at async transform (turbopack:///[turbopack-node]/transforms/postcss.ts:70:34)]
    [at async run (turbopack:///[turbopack-node]/child_process/evaluate.ts:89:23)]

Import trace:
  Client Component Browser:
    ./src/app/globals.css [Client Component Browser]
    ./src/app/layout.tsx [Server Component] @ http://localhost:3000/_next/static/chunks/node_modules_next_dist_0u_w_5s._.js:1945
[  783000ms] [ERROR] ./src/app/globals.css
Error evaluating Node.js code
CssSyntaxError: tailwindcss: C:\Projects\GWTH_V2\src\app\globals.css:1:1: Invalid code point 16707002
    [at Input.error (turbopack:///[project]/node_modules/postcss/lib/input.js:135:16)]
    [at Root.error (turbopack:///[project]/node_modules/postcss/lib/node.js:146:32)]
    [at Object.Once (C:\Projects\GWTH_V2\node_modules\@tailwindcss\postcss\dist\index.js:10:6911)]
    [at async LazyResult.runAsync (turbopack:///[project]/node_modules/postcss/lib/lazy-result.js:293:11)]
    [at async transform (turbopack:///[turbopack-node]/transforms/postcss.ts:70:34)]
    [at async run (turbopack:///[turbopack-node]/child_process/evaluate.ts:89:23)]

Import trace:
  Client Component Browser:
    ./src/app/globals.css [Client Component Browser]
    ./src/app/layout.tsx [Server Component] @ http://localhost:3000/_next/static/chunks/node_modules_next_dist_0u_w_5s._.js:1945
[  783024ms] [LOG] [Fast Refresh] rebuilding @ http://localhost:3000/_next/static/chunks/node_modules_next_dist_0u_w_5s._.js:1226
[  786694ms] [LOG] [Fast Refresh] rebuilding @ http://localhost:3000/_next/static/chunks/node_modules_next_dist_0u_w_5s._.js:1226
[  786830ms] [ERROR] ./src/app/globals.css
Error evaluating Node.js code
CssSyntaxError: tailwindcss: C:\Projects\GWTH_V2\src\app\globals.css:1:1: Invalid code point 16707002
    [at Input.error (turbopack:///[project]/node_modules/postcss/lib/input.js:135:16)]
    [at Root.error (turbopack:///[project]/node_modules/postcss/lib/node.js:146:32)]
    [at Object.Once (C:\Projects\GWTH_V2\node_modules\@tailwindcss\postcss\dist\index.js:10:6911)]
    [at async LazyResult.runAsync (turbopack:///[project]/node_modules/postcss/lib/lazy-result.js:293:11)]
    [at async transform (turbopack:///[turbopack-node]/transforms/postcss.ts:70:34)]
    [at async run (turbopack:///[turbopack-node]/child_process/evaluate.ts:89:23)]

Import trace:
  Client Component Browser:
    ./src/app/globals.css [Client Component Browser]
    ./src/app/layout.tsx [Server Component] @ http://localhost:3000/_next/static/chunks/node_modules_next_dist_0u_w_5s._.js:1945
[  789570ms] [LOG] [Fast Refresh] rebuilding @ http://localhost:3000/_next/static/chunks/node_modules_next_dist_0u_w_5s._.js:1226
[  789687ms] [ERROR] ./src/app/globals.css
Error evaluating Node.js code
CssSyntaxError: tailwindcss: C:\Projects\GWTH_V2\src\app\globals.css:1:1: Invalid code point 16707002
    [at Input.error (turbopack:///[project]/node_modules/postcss/lib/input.js:135:16)]
    [at Root.error (turbopack:///[project]/node_modules/postcss/lib/node.js:146:32)]
    [at Object.Once (C:\Projects\GWTH_V2\node_modules\@tailwindcss\postcss\dist\index.js:10:6911)]
    [at async LazyResult.runAsync (turbopack:///[project]/node_modules/postcss/lib/lazy-result.js:293:11)]
    [at async transform (turbopack:///[turbopack-node]/transforms/postcss.ts:70:34)]
    [at async run (turbopack:///[turbopack-node]/child_process/evaluate.ts:89:23)]

Import trace:
  Client Component Browser:
    ./src/app/globals.css [Client Component Browser]
    ./src/app/layout.tsx [Server Component] @ http://localhost:3000/_next/static/chunks/node_modules_next_dist_0u_w_5s._.js:1945
[  790905ms] [ERROR] ./src/app/globals.css
Error evaluating Node.js code
CssSyntaxError: tailwindcss: C:\Projects\GWTH_V2\src\app\globals.css:1:1: Invalid code point 16707002
    [at Input.error (turbopack:///[project]/node_modules/postcss/lib/input.js:135:16)]
    [at Root.error (turbopack:///[project]/node_modules/postcss/lib/node.js:146:32)]
    [at Object.Once (C:\Projects\GWTH_V2\node_modules\@tailwindcss\postcss\dist\index.js:10:6911)]
    [at async LazyResult.runAsync (turbopack:///[project]/node_modules/postcss/lib/lazy-result.js:293:11)]
    [at async transform (turbopack:///[turbopack-node]/transforms/postcss.ts:70:34)]
    [at async run (turbopack:///[turbopack-node]/child_process/evaluate.ts:89:23)]

Import trace:
  Client Component Browser:
    ./src/app/globals.css [Client Component Browser]
    ./src/app/layout.tsx [Server Component] @ http://localhost:3000/_next/static/chunks/node_modules_next_dist_0u_w_5s._.js:1945
[  790945ms] [LOG] [Fast Refresh] rebuilding @ http://localhost:3000/_next/static/chunks/node_modules_next_dist_0u_w_5s._.js:1226
[  793704ms] [ERROR] ./src/app/globals.css
Error evaluating Node.js code
CssSyntaxError: tailwindcss: C:\Projects\GWTH_V2\src\app\globals.css:1:1: Invalid code point 16707002
    [at Input.error (turbopack:///[project]/node_modules/postcss/lib/input.js:135:16)]
    [at Root.error (turbopack:///[project]/node_modules/postcss/lib/node.js:146:32)]
    [at Object.Once (C:\Projects\GWTH_V2\node_modules\@tailwindcss\postcss\dist\index.js:10:6911)]
    [at async LazyResult.runAsync (turbopack:///[project]/node_modules/postcss/lib/lazy-result.js:293:11)]
    [at async transform (turbopack:///[turbopack-node]/transforms/postcss.ts:70:34)]
    [at async run (turbopack:///[turbopack-node]/child_process/evaluate.ts:89:23)]

Import trace:
  Client Component Browser:
    ./src/app/globals.css [Client Component Browser]
    ./src/app/layout.tsx [Server Component] @ http://localhost:3000/_next/static/chunks/node_modules_next_dist_0u_w_5s._.js:1945
[  793821ms] [LOG] [Fast Refresh] rebuilding @ http://localhost:3000/_next/static/chunks/node_modules_next_dist_0u_w_5s._.js:1226
[  793850ms] [ERROR] ./src/app/globals.css
Error evaluating Node.js code
CssSyntaxError: tailwindcss: C:\Projects\GWTH_V2\src\app\globals.css:1:1: Invalid code point 16707002
    [at Input.error (turbopack:///[project]/node_modules/postcss/lib/input.js:135:16)]
    [at Root.error (turbopack:///[project]/node_modules/postcss/lib/node.js:146:32)]
    [at Object.Once (C:\Projects\GWTH_V2\node_modules\@tailwindcss\postcss\dist\index.js:10:6911)]
    [at async LazyResult.runAsync (turbopack:///[project]/node_modules/postcss/lib/lazy-result.js:293:11)]
    [at async transform (turbopack:///[turbopack-node]/transforms/postcss.ts:70:34)]
    [at async run (turbopack:///[turbopack-node]/child_process/evaluate.ts:89:23)]

Import trace:
  Client Component Browser:
    ./src/app/globals.css [Client Component Browser]
    ./src/app/layout.tsx [Server Component] @ http://localhost:3000/_next/static/chunks/node_modules_next_dist_0u_w_5s._.js:1945
[  793855ms] [ERROR] ./src/app/globals.css
Error evaluating Node.js code
CssSyntaxError: tailwindcss: C:\Projects\GWTH_V2\src\app\globals.css:1:1: Invalid code point 16707002
    [at Input.error (turbopack:///[project]/node_modules/postcss/lib/input.js:135:16)]
    [at Root.error (turbopack:///[project]/node_modules/postcss/lib/node.js:146:32)]
    [at Object.Once (C:\Projects\GWTH_V2\node_modules\@tailwindcss\postcss\dist\index.js:10:6911)]
    [at async LazyResult.runAsync (turbopack:///[project]/node_modules/postcss/lib/lazy-result.js:293:11)]
    [at async transform (turbopack:///[turbopack-node]/transforms/postcss.ts:70:34)]
    [at async run (turbopack:///[turbopack-node]/child_process/evaluate.ts:89:23)]

Import trace:
  Client Component Browser:
    ./src/app/globals.css [Client Component Browser]
    ./src/app/layout.tsx [Server Component] @ http://localhost:3000/_next/static/chunks/node_modules_next_dist_0u_w_5s._.js:1945
[  793952ms] [LOG] [Fast Refresh] rebuilding @ http://localhost:3000/_next/static/chunks/node_modules_next_dist_0u_w_5s._.js:1226
[  794233ms] [ERROR] ./src/app/globals.css
Error evaluating Node.js code
CssSyntaxError: tailwindcss: C:\Projects\GWTH_V2\src\app\globals.css:1:1: Invalid code point 16707002
    [at Input.error (turbopack:///[project]/node_modules/postcss/lib/input.js:135:16)]
    [at Root.error (turbopack:///[project]/node_modules/postcss/lib/node.js:146:32)]
    [at Object.Once (C:\Projects\GWTH_V2\node_modules\@tailwindcss\postcss\dist\index.js:10:6911)]
    [at async LazyResult.runAsync (turbopack:///[project]/node_modules/postcss/lib/lazy-result.js:293:11)]
    [at async transform (turbopack:///[turbopack-node]/transforms/postcss.ts:70:34)]
    [at async run (turbopack:///[turbopack-node]/child_process/evaluate.ts:89:23)]

Import trace:
  Client Component Browser:
    ./src/app/globals.css [Client Component Browser]
    ./src/app/layout.tsx [Server Component] @ http://localhost:3000/_next/static/chunks/node_modules_next_dist_0u_w_5s._.js:1945
[  794270ms] [LOG] [Fast Refresh] rebuilding @ http://localhost:3000/_next/static/chunks/node_modules_next_dist_0u_w_5s._.js:1226
[  798066ms] [LOG] [Fast Refresh] rebuilding @ http://localhost:3000/_next/static/chunks/node_modules_next_dist_0u_w_5s._.js:1226
[  798182ms] [ERROR] ./src/app/globals.css
Error evaluating Node.js code
CssSyntaxError: tailwindcss: C:\Projects\GWTH_V2\src\app\globals.css:1:1: Invalid code point 16707002
    [at Input.error (turbopack:///[project]/node_modules/postcss/lib/input.js:135:16)]
    [at Root.error (turbopack:///[project]/node_modules/postcss/lib/node.js:146:32)]
    [at Object.Once (C:\Projects\GWTH_V2\node_modules\@tailwindcss\postcss\dist\index.js:10:6911)]
    [at async LazyResult.runAsync (turbopack:///[project]/node_modules/postcss/lib/lazy-result.js:293:11)]
    [at async transform (turbopack:///[turbopack-node]/transforms/postcss.ts:70:34)]
    [at async run (turbopack:///[turbopack-node]/child_process/evaluate.ts:89:23)]

Import trace:
  Client Component Browser:
    ./src/app/globals.css [Client Component Browser]
    ./src/app/layout.tsx [Server Component] @ http://localhost:3000/_next/static/chunks/node_modules_next_dist_0u_w_5s._.js:1945
[  798471ms] [LOG] [Fast Refresh] rebuilding @ http://localhost:3000/_next/static/chunks/node_modules_next_dist_0u_w_5s._.js:1226
[  798519ms] [ERROR] ./src/app/globals.css
Error evaluating Node.js code
CssSyntaxError: tailwindcss: C:\Projects\GWTH_V2\src\app\globals.css:1:1: Invalid code point 16707002
    [at Input.error (turbopack:///[project]/node_modules/postcss/lib/input.js:135:16)]
    [at Root.error (turbopack:///[project]/node_modules/postcss/lib/node.js:146:32)]
    [at Object.Once (C:\Projects\GWTH_V2\node_modules\@tailwindcss\postcss\dist\index.js:10:6911)]
    [at async LazyResult.runAsync (turbopack:///[project]/node_modules/postcss/lib/lazy-result.js:293:11)]
    [at async transform (turbopack:///[turbopack-node]/transforms/postcss.ts:70:34)]
    [at async run (turbopack:///[turbopack-node]/child_process/evaluate.ts:89:23)]

Import trace:
  Client Component Browser:
    ./src/app/globals.css [Client Component Browser]
    ./src/app/layout.tsx [Server Component] @ http://localhost:3000/_next/static/chunks/node_modules_next_dist_0u_w_5s._.js:1945
[  803102ms] [ERROR] ./src/app/globals.css
Error evaluating Node.js code
CssSyntaxError: tailwindcss: C:\Projects\GWTH_V2\src\app\globals.css:1:1: Invalid code point 16707002
    [at Input.error (turbopack:///[project]/node_modules/postcss/lib/input.js:135:16)]
    [at Root.error (turbopack:///[project]/node_modules/postcss/lib/node.js:146:32)]
    [at Object.Once (C:\Projects\GWTH_V2\node_modules\@tailwindcss\postcss\dist\index.js:10:6911)]
    [at async LazyResult.runAsync (turbopack:///[project]/node_modules/postcss/lib/lazy-result.js:293:11)]
    [at async transform (turbopack:///[turbopack-node]/transforms/postcss.ts:70:34)]
    [at async run (turbopack:///[turbopack-node]/child_process/evaluate.ts:89:23)]

Import trace:
  Client Component Browser:
    ./src/app/globals.css [Client Component Browser]
    ./src/app/layout.tsx [Server Component] @ http://localhost:3000/_next/static/chunks/node_modules_next_dist_0u_w_5s._.js:1945
[  803210ms] [LOG] [Fast Refresh] rebuilding @ http://localhost:3000/_next/static/chunks/node_modules_next_dist_0u_w_5s._.js:1226
[  803262ms] [ERROR] ./src/app/globals.css
Error evaluating Node.js code
CssSyntaxError: tailwindcss: C:\Projects\GWTH_V2\src\app\globals.css:1:1: Invalid code point 16707002
    [at Input.error (turbopack:///[project]/node_modules/postcss/lib/input.js:135:16)]
    [at Root.error (turbopack:///[project]/node_modules/postcss/lib/node.js:146:32)]
    [at Object.Once (C:\Projects\GWTH_V2\node_modules\@tailwindcss\postcss\dist\index.js:10:6911)]
    [at async LazyResult.runAsync (turbopack:///[project]/node_modules/postcss/lib/lazy-result.js:293:11)]
    [at async transform (turbopack:///[turbopack-node]/transforms/postcss.ts:70:34)]
    [at async run (turbopack:///[turbopack-node]/child_process/evaluate.ts:89:23)]

Import trace:
  Client Component Browser:
    ./src/app/globals.css [Client Component Browser]
    ./src/app/layout.tsx [Server Component] @ http://localhost:3000/_next/static/chunks/node_modules_next_dist_0u_w_5s._.js:1945
[  803661ms] [LOG] [Fast Refresh] rebuilding @ http://localhost:3000/_next/static/chunks/node_modules_next_dist_0u_w_5s._.js:1226
[  803678ms] [ERROR] ./src/app/globals.css
Error evaluating Node.js code
CssSyntaxError: tailwindcss: C:\Projects\GWTH_V2\src\app\globals.css:1:1: Invalid code point 16707002
    [at Input.error (turbopack:///[project]/node_modules/postcss/lib/input.js:135:16)]
    [at Root.error (turbopack:///[project]/node_modules/postcss/lib/node.js:146:32)]
    [at Object.Once (C:\Projects\GWTH_V2\node_modules\@tailwindcss\postcss\dist\index.js:10:6911)]
    [at async LazyResult.runAsync (turbopack:///[project]/node_modules/postcss/lib/lazy-result.js:293:11)]
    [at async transform (turbopack:///[turbopack-node]/transforms/postcss.ts:70:34)]
    [at async run (turbopack:///[turbopack-node]/child_process/evaluate.ts:89:23)]

Import trace:
  Client Component Browser:
    ./src/app/globals.css [Client Component Browser]
    ./src/app/layout.tsx [Server Component] @ http://localhost:3000/_next/static/chunks/node_modules_next_dist_0u_w_5s._.js:1945
[  806637ms] [ERROR] ./src/app/globals.css
Error evaluating Node.js code
CssSyntaxError: tailwindcss: C:\Projects\GWTH_V2\src\app\globals.css:1:1: Invalid code point 16707002
    [at Input.error (turbopack:///[project]/node_modules/postcss/lib/input.js:135:16)]
    [at Root.error (turbopack:///[project]/node_modules/postcss/lib/node.js:146:32)]
    [at Object.Once (C:\Projects\GWTH_V2\node_modules\@tailwindcss\postcss\dist\index.js:10:6911)]
    [at async LazyResult.runAsync (turbopack:///[project]/node_modules/postcss/lib/lazy-result.js:293:11)]
    [at async transform (turbopack:///[turbopack-node]/transforms/postcss.ts:70:34)]
    [at async run (turbopack:///[turbopack-node]/child_process/evaluate.ts:89:23)]

Import trace:
  Client Component Browser:
    ./src/app/globals.css [Client Component Browser]
    ./src/app/layout.tsx [Server Component] @ http://localhost:3000/_next/static/chunks/node_modules_next_dist_0u_w_5s._.js:1945
[  806659ms] [LOG] [Fast Refresh] rebuilding @ http://localhost:3000/_next/static/chunks/node_modules_next_dist_0u_w_5s._.js:1226
[  806856ms] [ERROR] ./src/app/globals.css
Error evaluating Node.js code
CssSyntaxError: tailwindcss: C:\Projects\GWTH_V2\src\app\globals.css:1:1: Invalid code point 16707002
    [at Input.error (turbopack:///[project]/node_modules/postcss/lib/input.js:135:16)]
    [at Root.error (turbopack:///[project]/node_modules/postcss/lib/node.js:146:32)]
    [at Object.Once (C:\Projects\GWTH_V2\node_modules\@tailwindcss\postcss\dist\index.js:10:6911)]
    [at async LazyResult.runAsync (turbopack:///[project]/node_modules/postcss/lib/lazy-result.js:293:11)]
    [at async transform (turbopack:///[turbopack-node]/transforms/postcss.ts:70:34)]
    [at async run (turbopack:///[turbopack-node]/child_process/evaluate.ts:89:23)]

Import trace:
  Client Component Browser:
    ./src/app/globals.css [Client Component Browser]
    ./src/app/layout.tsx [Server Component] @ http://localhost:3000/_next/static/chunks/node_modules_next_dist_0u_w_5s._.js:1945
[  806911ms] [LOG] [Fast Refresh] rebuilding @ http://localhost:3000/_next/static/chunks/node_modules_next_dist_0u_w_5s._.js:1226
[  809248ms] [ERROR] ./src/app/globals.css
Error evaluating Node.js code
CssSyntaxError: tailwindcss: C:\Projects\GWTH_V2\src\app\globals.css:1:1: Invalid code point 16707002
    [at Input.error (turbopack:///[project]/node_modules/postcss/lib/input.js:135:16)]
    [at Root.error (turbopack:///[project]/node_modules/postcss/lib/node.js:146:32)]
    [at Object.Once (C:\Projects\GWTH_V2\node_modules\@tailwindcss\postcss\dist\index.js:10:6911)]
    [at async LazyResult.runAsync (turbopack:///[project]/node_modules/postcss/lib/lazy-result.js:293:11)]
    [at async transform (turbopack:///[turbopack-node]/transforms/postcss.ts:70:34)]
    [at async run (turbopack:///[turbopack-node]/child_process/evaluate.ts:89:23)]

Import trace:
  Client Component Browser:
    ./src/app/globals.css [Client Component Browser]
    ./src/app/layout.tsx [Server Component] @ http://localhost:3000/_next/static/chunks/node_modules_next_dist_0u_w_5s._.js:1945
[  809265ms] [LOG] [Fast Refresh] rebuilding @ http://localhost:3000/_next/static/chunks/node_modules_next_dist_0u_w_5s._.js:1226
[  809543ms] [ERROR] ./src/app/globals.css
Error evaluating Node.js code
CssSyntaxError: tailwindcss: C:\Projects\GWTH_V2\src\app\globals.css:1:1: Invalid code point 16707002
    [at Input.error (turbopack:///[project]/node_modules/postcss/lib/input.js:135:16)]
    [at Root.error (turbopack:///[project]/node_modules/postcss/lib/node.js:146:32)]
    [at Object.Once (C:\Projects\GWTH_V2\node_modules\@tailwindcss\postcss\dist\index.js:10:6911)]
    [at async LazyResult.runAsync (turbopack:///[project]/node_modules/postcss/lib/lazy-result.js:293:11)]
    [at async transform (turbopack:///[turbopack-node]/transforms/postcss.ts:70:34)]
    [at async run (turbopack:///[turbopack-node]/child_process/evaluate.ts:89:23)]

Import trace:
  Client Component Browser:
    ./src/app/globals.css [Client Component Browser]
    ./src/app/layout.tsx [Server Component] @ http://localhost:3000/_next/static/chunks/node_modules_next_dist_0u_w_5s._.js:1945
[  809569ms] [LOG] [Fast Refresh] rebuilding @ http://localhost:3000/_next/static/chunks/node_modules_next_dist_0u_w_5s._.js:1226
[  812026ms] [ERROR] ./src/app/globals.css
Error evaluating Node.js code
CssSyntaxError: tailwindcss: C:\Projects\GWTH_V2\src\app\globals.css:1:1: Invalid code point 16707002
    [at Input.error (turbopack:///[project]/node_modules/postcss/lib/input.js:135:16)]
    [at Root.error (turbopack:///[project]/node_modules/postcss/lib/node.js:146:32)]
    [at Object.Once (C:\Projects\GWTH_V2\node_modules\@tailwindcss\postcss\dist\index.js:10:6911)]
    [at async LazyResult.runAsync (turbopack:///[project]/node_modules/postcss/lib/lazy-result.js:293:11)]
    [at async transform (turbopack:///[turbopack-node]/transforms/postcss.ts:70:34)]
    [at async run (turbopack:///[turbopack-node]/child_process/evaluate.ts:89:23)]

Import trace:
  Client Component Browser:
    ./src/app/globals.css [Client Component Browser]
    ./src/app/layout.tsx [Server Component] @ http://localhost:3000/_next/static/chunks/node_modules_next_dist_0u_w_5s._.js:1945
[  812063ms] [LOG] [Fast Refresh] rebuilding @ http://localhost:3000/_next/static/chunks/node_modules_next_dist_0u_w_5s._.js:1226
[  812223ms] [ERROR] ./src/app/globals.css
Error evaluating Node.js code
CssSyntaxError: tailwindcss: C:\Projects\GWTH_V2\src\app\globals.css:1:1: Invalid code point 16707002
    [at Input.error (turbopack:///[project]/node_modules/postcss/lib/input.js:135:16)]
    [at Root.error (turbopack:///[project]/node_modules/postcss/lib/node.js:146:32)]
    [at Object.Once (C:\Projects\GWTH_V2\node_modules\@tailwindcss\postcss\dist\index.js:10:6911)]
    [at async LazyResult.runAsync (turbopack:///[project]/node_modules/postcss/lib/lazy-result.js:293:11)]
    [at async transform (turbopack:///[turbopack-node]/transforms/postcss.ts:70:34)]
    [at async run (turbopack:///[turbopack-node]/child_process/evaluate.ts:89:23)]

Import trace:
  Client Component Browser:
    ./src/app/globals.css [Client Component Browser]
    ./src/app/layout.tsx [Server Component] @ http://localhost:3000/_next/static/chunks/node_modules_next_dist_0u_w_5s._.js:1945
[  812268ms] [LOG] [Fast Refresh] rebuilding @ http://localhost:3000/_next/static/chunks/node_modules_next_dist_0u_w_5s._.js:1226
[  814828ms] [ERROR] ./src/app/globals.css
Error evaluating Node.js code
CssSyntaxError: tailwindcss: C:\Projects\GWTH_V2\src\app\globals.css:1:1: Invalid code point 16707002
    [at Input.error (turbopack:///[project]/node_modules/postcss/lib/input.js:135:16)]
    [at Root.error (turbopack:///[project]/node_modules/postcss/lib/node.js:146:32)]
    [at Object.Once (C:\Projects\GWTH_V2\node_modules\@tailwindcss\postcss\dist\index.js:10:6911)]
    [at async LazyResult.runAsync (turbopack:///[project]/node_modules/postcss/lib/lazy-result.js:293:11)]
    [at async transform (turbopack:///[turbopack-node]/transforms/postcss.ts:70:34)]
    [at async run (turbopack:///[turbopack-node]/child_process/evaluate.ts:89:23)]

Import trace:
  Client Component Browser:
    ./src/app/globals.css [Client Component Browser]
    ./src/app/layout.tsx [Server Component] @ http://localhost:3000/_next/static/chunks/node_modules_next_dist_0u_w_5s._.js:1945
[  814891ms] [ERROR] ./src/app/globals.css
Error evaluating Node.js code
CssSyntaxError: tailwindcss: C:\Projects\GWTH_V2\src\app\globals.css:1:1: Invalid code point 16707002
    [at Input.error (turbopack:///[project]/node_modules/postcss/lib/input.js:135:16)]
    [at Root.error (turbopack:///[project]/node_modules/postcss/lib/node.js:146:32)]
    [at Object.Once (C:\Projects\GWTH_V2\node_modules\@tailwindcss\postcss\dist\index.js:10:6911)]
    [at async LazyResult.runAsync (turbopack:///[project]/node_modules/postcss/lib/lazy-result.js:293:11)]
    [at async transform (turbopack:///[turbopack-node]/transforms/postcss.ts:70:34)]
    [at async run (turbopack:///[turbopack-node]/child_process/evaluate.ts:89:23)]

Import trace:
  Client Component Browser:
    ./src/app/globals.css [Client Component Browser]
    ./src/app/layout.tsx [Server Component] @ http://localhost:3000/_next/static/chunks/node_modules_next_dist_0u_w_5s._.js:1945
[  814943ms] [LOG] [Fast Refresh] rebuilding @ http://localhost:3000/_next/static/chunks/node_modules_next_dist_0u_w_5s._.js:1226
[  815446ms] [LOG] [Fast Refresh] rebuilding @ http://localhost:3000/_next/static/chunks/node_modules_next_dist_0u_w_5s._.js:1226
[  818040ms] [ERROR] ./src/app/globals.css
Error evaluating Node.js code
CssSyntaxError: tailwindcss: C:\Projects\GWTH_V2\src\app\globals.css:1:1: Invalid code point 16707002
    [at Input.error (turbopack:///[project]/node_modules/postcss/lib/input.js:135:16)]
    [at Root.error (turbopack:///[project]/node_modules/postcss/lib/node.js:146:32)]
    [at Object.Once (C:\Projects\GWTH_V2\node_modules\@tailwindcss\postcss\dist\index.js:10:6911)]
    [at async LazyResult.runAsync (turbopack:///[project]/node_modules/postcss/lib/lazy-result.js:293:11)]
    [at async transform (turbopack:///[turbopack-node]/transforms/postcss.ts:70:34)]
    [at async run (turbopack:///[turbopack-node]/child_process/evaluate.ts:89:23)]

Import trace:
  Client Component Browser:
    ./src/app/globals.css [Client Component Browser]
    ./src/app/layout.tsx [Server Component] @ http://localhost:3000/_next/static/chunks/node_modules_next_dist_0u_w_5s._.js:1945
[  818076ms] [ERROR] ./src/app/globals.css
Error evaluating Node.js code
CssSyntaxError: tailwindcss: C:\Projects\GWTH_V2\src\app\globals.css:1:1: Invalid code point 16707002
    [at Input.error (turbopack:///[project]/node_modules/postcss/lib/input.js:135:16)]
    [at Root.error (turbopack:///[project]/node_modules/postcss/lib/node.js:146:32)]
    [at Object.Once (C:\Projects\GWTH_V2\node_modules\@tailwindcss\postcss\dist\index.js:10:6911)]
    [at async LazyResult.runAsync (turbopack:///[project]/node_modules/postcss/lib/lazy-result.js:293:11)]
    [at async transform (turbopack:///[turbopack-node]/transforms/postcss.ts:70:34)]
    [at async run (turbopack:///[turbopack-node]/child_process/evaluate.ts:89:23)]

Import trace:
  Client Component Browser:
    ./src/app/globals.css [Client Component Browser]
    ./src/app/layout.tsx [Server Component] @ http://localhost:3000/_next/static/chunks/node_modules_next_dist_0u_w_5s._.js:1945
[  818174ms] [LOG] [Fast Refresh] rebuilding @ http://localhost:3000/_next/static/chunks/node_modules_next_dist_0u_w_5s._.js:1226
[  818523ms] [ERROR] ./src/app/globals.css
Error evaluating Node.js code
CssSyntaxError: tailwindcss: C:\Projects\GWTH_V2\src\app\globals.css:1:1: Invalid code point 16707002
    [at Input.error (turbopack:///[project]/node_modules/postcss/lib/input.js:135:16)]
    [at Root.error (turbopack:///[project]/node_modules/postcss/lib/node.js:146:32)]
    [at Object.Once (C:\Projects\GWTH_V2\node_modules\@tailwindcss\postcss\dist\index.js:10:6911)]
    [at async LazyResult.runAsync (turbopack:///[project]/node_modules/postcss/lib/lazy-result.js:293:11)]
    [at async transform (turbopack:///[turbopack-node]/transforms/postcss.ts:70:34)]
    [at async run (turbopack:///[turbopack-node]/child_process/evaluate.ts:89:23)]

Import trace:
  Client Component Browser:
    ./src/app/globals.css [Client Component Browser]
    ./src/app/layout.tsx [Server Component] @ http://localhost:3000/_next/static/chunks/node_modules_next_dist_0u_w_5s._.js:1945
[  818593ms] [ERROR] ./src/app/globals.css
Error evaluating Node.js code
CssSyntaxError: tailwindcss: C:\Projects\GWTH_V2\src\app\globals.css:1:1: Invalid code point 16707002
    [at Input.error (turbopack:///[project]/node_modules/postcss/lib/input.js:135:16)]
    [at Root.error (turbopack:///[project]/node_modules/postcss/lib/node.js:146:32)]
    [at Object.Once (C:\Projects\GWTH_V2\node_modules\@tailwindcss\postcss\dist\index.js:10:6911)]
    [at async LazyResult.runAsync (turbopack:///[project]/node_modules/postcss/lib/lazy-result.js:293:11)]
    [at async transform (turbopack:///[turbopack-node]/transforms/postcss.ts:70:34)]
    [at async run (turbopack:///[turbopack-node]/child_process/evaluate.ts:89:23)]

Import trace:
  Client Component Browser:
    ./src/app/globals.css [Client Component Browser]
    ./src/app/layout.tsx [Server Component] @ http://localhost:3000/_next/static/chunks/node_modules_next_dist_0u_w_5s._.js:1945
[  818696ms] [ERROR] ./src/app/globals.css
Error evaluating Node.js code
CssSyntaxError: tailwindcss: C:\Projects\GWTH_V2\src\app\globals.css:1:1: Invalid code point 16707002
    [at Input.error (turbopack:///[project]/node_modules/postcss/lib/input.js:135:16)]
    [at Root.error (turbopack:///[project]/node_modules/postcss/lib/node.js:146:32)]
    [at Object.Once (C:\Projects\GWTH_V2\node_modules\@tailwindcss\postcss\dist\index.js:10:6911)]
    [at async LazyResult.runAsync (turbopack:///[project]/node_modules/postcss/lib/lazy-result.js:293:11)]
    [at async transform (turbopack:///[turbopack-node]/transforms/postcss.ts:70:34)]
    [at async run (turbopack:///[turbopack-node]/child_process/evaluate.ts:89:23)]

Import trace:
  Client Component Browser:
    ./src/app/globals.css [Client Component Browser]
    ./src/app/layout.tsx [Server Component] @ http://localhost:3000/_next/static/chunks/node_modules_next_dist_0u_w_5s._.js:1945
[  818712ms] [LOG] [Fast Refresh] rebuilding @ http://localhost:3000/_next/static/chunks/node_modules_next_dist_0u_w_5s._.js:1226
[  819561ms] [ERROR] ./src/app/globals.css
Error evaluating Node.js code
CssSyntaxError: tailwindcss: C:\Projects\GWTH_V2\src\app\globals.css:1:1: Invalid code point 16707002
    [at Input.error (turbopack:///[project]/node_modules/postcss/lib/input.js:135:16)]
    [at Root.error (turbopack:///[project]/node_modules/postcss/lib/node.js:146:32)]
    [at Object.Once (C:\Projects\GWTH_V2\node_modules\@tailwindcss\postcss\dist\index.js:10:6911)]
    [at async LazyResult.runAsync (turbopack:///[project]/node_modules/postcss/lib/lazy-result.js:293:11)]
    [at async transform (turbopack:///[turbopack-node]/transforms/postcss.ts:70:34)]
    [at async run (turbopack:///[turbopack-node]/child_process/evaluate.ts:89:23)]

Import trace:
  Client Component Browser:
    ./src/app/globals.css [Client Component Browser]
    ./src/app/layout.tsx [Server Component] @ http://localhost:3000/_next/static/chunks/node_modules_next_dist_0u_w_5s._.js:1945
[  819631ms] [LOG] [Fast Refresh] rebuilding @ http://localhost:3000/_next/static/chunks/node_modules_next_dist_0u_w_5s._.js:1226
[  821345ms] [ERROR] ./src/app/globals.css
Error evaluating Node.js code
CssSyntaxError: tailwindcss: C:\Projects\GWTH_V2\src\app\globals.css:1:1: Invalid code point 16707002
    [at Input.error (turbopack:///[project]/node_modules/postcss/lib/input.js:135:16)]
    [at Root.error (turbopack:///[project]/node_modules/postcss/lib/node.js:146:32)]
    [at Object.Once (C:\Projects\GWTH_V2\node_modules\@tailwindcss\postcss\dist\index.js:10:6911)]
    [at async LazyResult.runAsync (turbopack:///[project]/node_modules/postcss/lib/lazy-result.js:293:11)]
    [at async transform (turbopack:///[turbopack-node]/transforms/postcss.ts:70:34)]
    [at async run (turbopack:///[turbopack-node]/child_process/evaluate.ts:89:23)]

Import trace:
  Client Component Browser:
    ./src/app/globals.css [Client Component Browser]
    ./src/app/layout.tsx [Server Component] @ http://localhost:3000/_next/static/chunks/node_modules_next_dist_0u_w_5s._.js:1945
[  821362ms] [LOG] [Fast Refresh] rebuilding @ http://localhost:3000/_next/static/chunks/node_modules_next_dist_0u_w_5s._.js:1226
[  821549ms] [LOG] [Fast Refresh] rebuilding @ http://localhost:3000/_next/static/chunks/node_modules_next_dist_0u_w_5s._.js:1226
[  821574ms] [ERROR] ./src/app/globals.css
Error evaluating Node.js code
CssSyntaxError: tailwindcss: C:\Projects\GWTH_V2\src\app\globals.css:1:1: Invalid code point 16707002
    [at Input.error (turbopack:///[project]/node_modules/postcss/lib/input.js:135:16)]
    [at Root.error (turbopack:///[project]/node_modules/postcss/lib/node.js:146:32)]
    [at Object.Once (C:\Projects\GWTH_V2\node_modules\@tailwindcss\postcss\dist\index.js:10:6911)]
    [at async LazyResult.runAsync (turbopack:///[project]/node_modules/postcss/lib/lazy-result.js:293:11)]
    [at async transform (turbopack:///[turbopack-node]/transforms/postcss.ts:70:34)]
    [at async run (turbopack:///[turbopack-node]/child_process/evaluate.ts:89:23)]

Import trace:
  Client Component Browser:
    ./src/app/globals.css [Client Component Browser]
    ./src/app/layout.tsx [Server Component] @ http://localhost:3000/_next/static/chunks/node_modules_next_dist_0u_w_5s._.js:1945
[  824835ms] [ERROR] ./src/app/globals.css
Error evaluating Node.js code
CssSyntaxError: tailwindcss: C:\Projects\GWTH_V2\src\app\globals.css:1:1: Invalid code point 16707002
    [at Input.error (turbopack:///[project]/node_modules/postcss/lib/input.js:135:16)]
    [at Root.error (turbopack:///[project]/node_modules/postcss/lib/node.js:146:32)]
    [at Object.Once (C:\Projects\GWTH_V2\node_modules\@tailwindcss\postcss\dist\index.js:10:6911)]
    [at async LazyResult.runAsync (turbopack:///[project]/node_modules/postcss/lib/lazy-result.js:293:11)]
    [at async transform (turbopack:///[turbopack-node]/transforms/postcss.ts:70:34)]
    [at async run (turbopack:///[turbopack-node]/child_process/evaluate.ts:89:23)]

Import trace:
  Client Component Browser:
    ./src/app/globals.css [Client Component Browser]
    ./src/app/layout.tsx [Server Component] @ http://localhost:3000/_next/static/chunks/node_modules_next_dist_0u_w_5s._.js:1945
[  824866ms] [LOG] [Fast Refresh] rebuilding @ http://localhost:3000/_next/static/chunks/node_modules_next_dist_0u_w_5s._.js:1226
[  825097ms] [ERROR] ./src/app/globals.css
Error evaluating Node.js code
CssSyntaxError: tailwindcss: C:\Projects\GWTH_V2\src\app\globals.css:1:1: Invalid code point 16707002
    [at Input.error (turbopack:///[project]/node_modules/postcss/lib/input.js:135:16)]
    [at Root.error (turbopack:///[project]/node_modules/postcss/lib/node.js:146:32)]
    [at Object.Once (C:\Projects\GWTH_V2\node_modules\@tailwindcss\postcss\dist\index.js:10:6911)]
    [at async LazyResult.runAsync (turbopack:///[project]/node_modules/postcss/lib/lazy-result.js:293:11)]
    [at async transform (turbopack:///[turbopack-node]/transforms/postcss.ts:70:34)]
    [at async run (turbopack:///[turbopack-node]/child_process/evaluate.ts:89:23)]

Import trace:
  Client Component Browser:
    ./src/app/globals.css [Client Component Browser]
    ./src/app/layout.tsx [Server Component] @ http://localhost:3000/_next/static/chunks/node_modules_next_dist_0u_w_5s._.js:1945
[  825234ms] [LOG] [Fast Refresh] rebuilding @ http://localhost:3000/_next/static/chunks/node_modules_next_dist_0u_w_5s._.js:1226
[  825332ms] [ERROR] ./src/app/globals.css
Error evaluating Node.js code
CssSyntaxError: tailwindcss: C:\Projects\GWTH_V2\src\app\globals.css:1:1: Invalid code point 16707002
    [at Input.error (turbopack:///[project]/node_modules/postcss/lib/input.js:135:16)]
    [at Root.error (turbopack:///[project]/node_modules/postcss/lib/node.js:146:32)]
    [at Object.Once (C:\Projects\GWTH_V2\node_modules\@tailwindcss\postcss\dist\index.js:10:6911)]
    [at async LazyResult.runAsync (turbopack:///[project]/node_modules/postcss/lib/lazy-result.js:293:11)]
    [at async transform (turbopack:///[turbopack-node]/transforms/postcss.ts:70:34)]
    [at async run (turbopack:///[turbopack-node]/child_process/evaluate.ts:89:23)]

Import trace:
  Client Component Browser:
    ./src/app/globals.css [Client Component Browser]
    ./src/app/layout.tsx [Server Component] @ http://localhost:3000/_next/static/chunks/node_modules_next_dist_0u_w_5s._.js:1945
[  829677ms] [ERROR] ./src/app/globals.css
Error evaluating Node.js code
CssSyntaxError: tailwindcss: C:\Projects\GWTH_V2\src\app\globals.css:1:1: Invalid code point 16707002
    [at Input.error (turbopack:///[project]/node_modules/postcss/lib/input.js:135:16)]
    [at Root.error (turbopack:///[project]/node_modules/postcss/lib/node.js:146:32)]
    [at Object.Once (C:\Projects\GWTH_V2\node_modules\@tailwindcss\postcss\dist\index.js:10:6911)]
    [at async LazyResult.runAsync (turbopack:///[project]/node_modules/postcss/lib/lazy-result.js:293:11)]
    [at async transform (turbopack:///[turbopack-node]/transforms/postcss.ts:70:34)]
    [at async run (turbopack:///[turbopack-node]/child_process/evaluate.ts:89:23)]

Import trace:
  Client Component Browser:
    ./src/app/globals.css [Client Component Browser]
    ./src/app/layout.tsx [Server Component] @ http://localhost:3000/_next/static/chunks/node_modules_next_dist_0u_w_5s._.js:1945
[  829734ms] [LOG] [Fast Refresh] rebuilding @ http://localhost:3000/_next/static/chunks/node_modules_next_dist_0u_w_5s._.js:1226
[  830561ms] [LOG] [Fast Refresh] rebuilding @ http://localhost:3000/_next/static/chunks/node_modules_next_dist_0u_w_5s._.js:1226
[  830684ms] [ERROR] ./src/app/globals.css
Error evaluating Node.js code
CssSyntaxError: tailwindcss: C:\Projects\GWTH_V2\src\app\globals.css:1:1: Invalid code point 16707002
    [at Input.error (turbopack:///[project]/node_modules/postcss/lib/input.js:135:16)]
    [at Root.error (turbopack:///[project]/node_modules/postcss/lib/node.js:146:32)]
    [at Object.Once (C:\Projects\GWTH_V2\node_modules\@tailwindcss\postcss\dist\index.js:10:6911)]
    [at async LazyResult.runAsync (turbopack:///[project]/node_modules/postcss/lib/lazy-result.js:293:11)]
    [at async transform (turbopack:///[turbopack-node]/transforms/postcss.ts:70:34)]
    [at async run (turbopack:///[turbopack-node]/child_process/evaluate.ts:89:23)]

Import trace:
  Client Component Browser:
    ./src/app/globals.css [Client Component Browser]
    ./src/app/layout.tsx [Server Component] @ http://localhost:3000/_next/static/chunks/node_modules_next_dist_0u_w_5s._.js:1945
[  834155ms] [ERROR] ./src/app/globals.css
Error evaluating Node.js code
CssSyntaxError: tailwindcss: C:\Projects\GWTH_V2\src\app\globals.css:1:1: Invalid code point 16707002
    [at Input.error (turbopack:///[project]/node_modules/postcss/lib/input.js:135:16)]
    [at Root.error (turbopack:///[project]/node_modules/postcss/lib/node.js:146:32)]
    [at Object.Once (C:\Projects\GWTH_V2\node_modules\@tailwindcss\postcss\dist\index.js:10:6911)]
    [at async LazyResult.runAsync (turbopack:///[project]/node_modules/postcss/lib/lazy-result.js:293:11)]
    [at async transform (turbopack:///[turbopack-node]/transforms/postcss.ts:70:34)]
    [at async run (turbopack:///[turbopack-node]/child_process/evaluate.ts:89:23)]

Import trace:
  Client Component Browser:
    ./src/app/globals.css [Client Component Browser]
    ./src/app/layout.tsx [Server Component] @ http://localhost:3000/_next/static/chunks/node_modules_next_dist_0u_w_5s._.js:1945
[  834195ms] [LOG] [Fast Refresh] rebuilding @ http://localhost:3000/_next/static/chunks/node_modules_next_dist_0u_w_5s._.js:1226
[  834801ms] [ERROR] ./src/app/globals.css
Error evaluating Node.js code
CssSyntaxError: tailwindcss: C:\Projects\GWTH_V2\src\app\globals.css:1:1: Invalid code point 16707002
    [at Input.error (turbopack:///[project]/node_modules/postcss/lib/input.js:135:16)]
    [at Root.error (turbopack:///[project]/node_modules/postcss/lib/node.js:146:32)]
    [at Object.Once (C:\Projects\GWTH_V2\node_modules\@tailwindcss\postcss\dist\index.js:10:6911)]
    [at async LazyResult.runAsync (turbopack:///[project]/node_modules/postcss/lib/lazy-result.js:293:11)]
    [at async transform (turbopack:///[turbopack-node]/transforms/postcss.ts:70:34)]
    [at async run (turbopack:///[turbopack-node]/child_process/evaluate.ts:89:23)]

Import trace:
  Client Component Browser:
    ./src/app/globals.css [Client Component Browser]
    ./src/app/layout.tsx [Server Component] @ http://localhost:3000/_next/static/chunks/node_modules_next_dist_0u_w_5s._.js:1945
[  834828ms] [LOG] [Fast Refresh] rebuilding @ http://localhost:3000/_next/static/chunks/node_modules_next_dist_0u_w_5s._.js:1226
[  838590ms] [ERROR] ./src/app/globals.css
Error evaluating Node.js code
CssSyntaxError: tailwindcss: C:\Projects\GWTH_V2\src\app\globals.css:1:1: Invalid code point 16707002
    [at Input.error (turbopack:///[project]/node_modules/postcss/lib/input.js:135:16)]
    [at Root.error (turbopack:///[project]/node_modules/postcss/lib/node.js:146:32)]
    [at Object.Once (C:\Projects\GWTH_V2\node_modules\@tailwindcss\postcss\dist\index.js:10:6911)]
    [at async LazyResult.runAsync (turbopack:///[project]/node_modules/postcss/lib/lazy-result.js:293:11)]
    [at async transform (turbopack:///[turbopack-node]/transforms/postcss.ts:70:34)]
    [at async run (turbopack:///[turbopack-node]/child_process/evaluate.ts:89:23)]

Import trace:
  Client Component Browser:
    ./src/app/globals.css [Client Component Browser]
    ./src/app/layout.tsx [Server Component] @ http://localhost:3000/_next/static/chunks/node_modules_next_dist_0u_w_5s._.js:1945
[  838629ms] [LOG] [Fast Refresh] rebuilding @ http://localhost:3000/_next/static/chunks/node_modules_next_dist_0u_w_5s._.js:1226
[  838930ms] [ERROR] ./src/app/globals.css
Error evaluating Node.js code
CssSyntaxError: tailwindcss: C:\Projects\GWTH_V2\src\app\globals.css:1:1: Invalid code point 16707002
    [at Input.error (turbopack:///[project]/node_modules/postcss/lib/input.js:135:16)]
    [at Root.error (turbopack:///[project]/node_modules/postcss/lib/node.js:146:32)]
    [at Object.Once (C:\Projects\GWTH_V2\node_modules\@tailwindcss\postcss\dist\index.js:10:6911)]
    [at async LazyResult.runAsync (turbopack:///[project]/node_modules/postcss/lib/lazy-result.js:293:11)]
    [at async transform (turbopack:///[turbopack-node]/transforms/postcss.ts:70:34)]
    [at async run (turbopack:///[turbopack-node]/child_process/evaluate.ts:89:23)]

Import trace:
  Client Component Browser:
    ./src/app/globals.css [Client Component Browser]
    ./src/app/layout.tsx [Server Component] @ http://localhost:3000/_next/static/chunks/node_modules_next_dist_0u_w_5s._.js:1945
[  838954ms] [LOG] [Fast Refresh] rebuilding @ http://localhost:3000/_next/static/chunks/node_modules_next_dist_0u_w_5s._.js:1226
[  841100ms] [ERROR] ./src/app/globals.css
Error evaluating Node.js code
CssSyntaxError: tailwindcss: C:\Projects\GWTH_V2\src\app\globals.css:1:1: Invalid code point 16707002
    [at Input.error (turbopack:///[project]/node_modules/postcss/lib/input.js:135:16)]
    [at Root.error (turbopack:///[project]/node_modules/postcss/lib/node.js:146:32)]
    [at Object.Once (C:\Projects\GWTH_V2\node_modules\@tailwindcss\postcss\dist\index.js:10:6911)]
    [at async LazyResult.runAsync (turbopack:///[project]/node_modules/postcss/lib/lazy-result.js:293:11)]
    [at async transform (turbopack:///[turbopack-node]/transforms/postcss.ts:70:34)]
    [at async run (turbopack:///[turbopack-node]/child_process/evaluate.ts:89:23)]

Import trace:
  Client Component Browser:
    ./src/app/globals.css [Client Component Browser]
    ./src/app/layout.tsx [Server Component] @ http://localhost:3000/_next/static/chunks/node_modules_next_dist_0u_w_5s._.js:1945
[  841155ms] [LOG] [Fast Refresh] rebuilding @ http://localhost:3000/_next/static/chunks/node_modules_next_dist_0u_w_5s._.js:1226
[  841410ms] [ERROR] ./src/app/globals.css
Error evaluating Node.js code
CssSyntaxError: tailwindcss: C:\Projects\GWTH_V2\src\app\globals.css:1:1: Invalid code point 16707002
    [at Input.error (turbopack:///[project]/node_modules/postcss/lib/input.js:135:16)]
    [at Root.error (turbopack:///[project]/node_modules/postcss/lib/node.js:146:32)]
    [at Object.Once (C:\Projects\GWTH_V2\node_modules\@tailwindcss\postcss\dist\index.js:10:6911)]
    [at async LazyResult.runAsync (turbopack:///[project]/node_modules/postcss/lib/lazy-result.js:293:11)]
    [at async transform (turbopack:///[turbopack-node]/transforms/postcss.ts:70:34)]
    [at async run (turbopack:///[turbopack-node]/child_process/evaluate.ts:89:23)]

Import trace:
  Client Component Browser:
    ./src/app/globals.css [Client Component Browser]
    ./src/app/layout.tsx [Server Component] @ http://localhost:3000/_next/static/chunks/node_modules_next_dist_0u_w_5s._.js:1945
[  841449ms] [LOG] [Fast Refresh] rebuilding @ http://localhost:3000/_next/static/chunks/node_modules_next_dist_0u_w_5s._.js:1226
[  843978ms] [ERROR] ./src/app/globals.css
Error evaluating Node.js code
CssSyntaxError: tailwindcss: C:\Projects\GWTH_V2\src\app\globals.css:1:1: Invalid code point 16707002
    [at Input.error (turbopack:///[project]/node_modules/postcss/lib/input.js:135:16)]
    [at Root.error (turbopack:///[project]/node_modules/postcss/lib/node.js:146:32)]
    [at Object.Once (C:\Projects\GWTH_V2\node_modules\@tailwindcss\postcss\dist\index.js:10:6911)]
    [at async LazyResult.runAsync (turbopack:///[project]/node_modules/postcss/lib/lazy-result.js:293:11)]
    [at async transform (turbopack:///[turbopack-node]/transforms/postcss.ts:70:34)]
    [at async run (turbopack:///[turbopack-node]/child_process/evaluate.ts:89:23)]

Import trace:
  Client Component Browser:
    ./src/app/globals.css [Client Component Browser]
    ./src/app/layout.tsx [Server Component] @ http://localhost:3000/_next/static/chunks/node_modules_next_dist_0u_w_5s._.js:1945
[  844016ms] [LOG] [Fast Refresh] rebuilding @ http://localhost:3000/_next/static/chunks/node_modules_next_dist_0u_w_5s._.js:1226
[  844273ms] [ERROR] ./src/app/globals.css
Error evaluating Node.js code
CssSyntaxError: tailwindcss: C:\Projects\GWTH_V2\src\app\globals.css:1:1: Invalid code point 16707002
    [at Input.error (turbopack:///[project]/node_modules/postcss/lib/input.js:135:16)]
    [at Root.error (turbopack:///[project]/node_modules/postcss/lib/node.js:146:32)]
    [at Object.Once (C:\Projects\GWTH_V2\node_modules\@tailwindcss\postcss\dist\index.js:10:6911)]
    [at async LazyResult.runAsync (turbopack:///[project]/node_modules/postcss/lib/lazy-result.js:293:11)]
    [at async transform (turbopack:///[turbopack-node]/transforms/postcss.ts:70:34)]
    [at async run (turbopack:///[turbopack-node]/child_process/evaluate.ts:89:23)]

Import trace:
  Client Component Browser:
    ./src/app/globals.css [Client Component Browser]
    ./src/app/layout.tsx [Server Component] @ http://localhost:3000/_next/static/chunks/node_modules_next_dist_0u_w_5s._.js:1945
[  844286ms] [LOG] [Fast Refresh] rebuilding @ http://localhost:3000/_next/static/chunks/node_modules_next_dist_0u_w_5s._.js:1226
[  847227ms] [ERROR] ./src/app/globals.css
Error evaluating Node.js code
CssSyntaxError: tailwindcss: C:\Projects\GWTH_V2\src\app\globals.css:1:1: Invalid code point 16707002
    [at Input.error (turbopack:///[project]/node_modules/postcss/lib/input.js:135:16)]
    [at Root.error (turbopack:///[project]/node_modules/postcss/lib/node.js:146:32)]
    [at Object.Once (C:\Projects\GWTH_V2\node_modules\@tailwindcss\postcss\dist\index.js:10:6911)]
    [at async LazyResult.runAsync (turbopack:///[project]/node_modules/postcss/lib/lazy-result.js:293:11)]
    [at async transform (turbopack:///[turbopack-node]/transforms/postcss.ts:70:34)]
    [at async run (turbopack:///[turbopack-node]/child_process/evaluate.ts:89:23)]

Import trace:
  Client Component Browser:
    ./src/app/globals.css [Client Component Browser]
    ./src/app/layout.tsx [Server Component] @ http://localhost:3000/_next/static/chunks/node_modules_next_dist_0u_w_5s._.js:1945
[  847233ms] [LOG] [Fast Refresh] rebuilding @ http://localhost:3000/_next/static/chunks/node_modules_next_dist_0u_w_5s._.js:1226
[  847751ms] [ERROR] ./src/app/globals.css
Error evaluating Node.js code
CssSyntaxError: tailwindcss: C:\Projects\GWTH_V2\src\app\globals.css:1:1: Invalid code point 16707002
    [at Input.error (turbopack:///[project]/node_modules/postcss/lib/input.js:135:16)]
    [at Root.error (turbopack:///[project]/node_modules/postcss/lib/node.js:146:32)]
    [at Object.Once (C:\Projects\GWTH_V2\node_modules\@tailwindcss\postcss\dist\index.js:10:6911)]
    [at async LazyResult.runAsync (turbopack:///[project]/node_modules/postcss/lib/lazy-result.js:293:11)]
    [at async transform (turbopack:///[turbopack-node]/transforms/postcss.ts:70:34)]
    [at async run (turbopack:///[turbopack-node]/child_process/evaluate.ts:89:23)]

Import trace:
  Client Component Browser:
    ./src/app/globals.css [Client Component Browser]
    ./src/app/layout.tsx [Server Component] @ http://localhost:3000/_next/static/chunks/node_modules_next_dist_0u_w_5s._.js:1945
[  847786ms] [LOG] [Fast Refresh] rebuilding @ http://localhost:3000/_next/static/chunks/node_modules_next_dist_0u_w_5s._.js:1226
[  850153ms] [ERROR] ./src/app/globals.css
Error evaluating Node.js code
CssSyntaxError: tailwindcss: C:\Projects\GWTH_V2\src\app\globals.css:1:1: Invalid code point 16707002
    [at Input.error (turbopack:///[project]/node_modules/postcss/lib/input.js:135:16)]
    [at Root.error (turbopack:///[project]/node_modules/postcss/lib/node.js:146:32)]
    [at Object.Once (C:\Projects\GWTH_V2\node_modules\@tailwindcss\postcss\dist\index.js:10:6911)]
    [at async LazyResult.runAsync (turbopack:///[project]/node_modules/postcss/lib/lazy-result.js:293:11)]
    [at async transform (turbopack:///[turbopack-node]/transforms/postcss.ts:70:34)]
    [at async run (turbopack:///[turbopack-node]/child_process/evaluate.ts:89:23)]

Import trace:
  Client Component Browser:
    ./src/app/globals.css [Client Component Browser]
    ./src/app/layout.tsx [Server Component] @ http://localhost:3000/_next/static/chunks/node_modules_next_dist_0u_w_5s._.js:1945
[  850206ms] [LOG] [Fast Refresh] rebuilding @ http://localhost:3000/_next/static/chunks/node_modules_next_dist_0u_w_5s._.js:1226
[  850573ms] [ERROR] ./src/app/globals.css
Error evaluating Node.js code
CssSyntaxError: tailwindcss: C:\Projects\GWTH_V2\src\app\globals.css:1:1: Invalid code point 16707002
    [at Input.error (turbopack:///[project]/node_modules/postcss/lib/input.js:135:16)]
    [at Root.error (turbopack:///[project]/node_modules/postcss/lib/node.js:146:32)]
    [at Object.Once (C:\Projects\GWTH_V2\node_modules\@tailwindcss\postcss\dist\index.js:10:6911)]
    [at async LazyResult.runAsync (turbopack:///[project]/node_modules/postcss/lib/lazy-result.js:293:11)]
    [at async transform (turbopack:///[turbopack-node]/transforms/postcss.ts:70:34)]
    [at async run (turbopack:///[turbopack-node]/child_process/evaluate.ts:89:23)]

Import trace:
  Client Component Browser:
    ./src/app/globals.css [Client Component Browser]
    ./src/app/layout.tsx [Server Component] @ http://localhost:3000/_next/static/chunks/node_modules_next_dist_0u_w_5s._.js:1945
[  850633ms] [LOG] [Fast Refresh] rebuilding @ http://localhost:3000/_next/static/chunks/node_modules_next_dist_0u_w_5s._.js:1226
[  852735ms] [ERROR] ./src/app/globals.css
Error evaluating Node.js code
CssSyntaxError: tailwindcss: C:\Projects\GWTH_V2\src\app\globals.css:1:1: Invalid code point 16707002
    [at Input.error (turbopack:///[project]/node_modules/postcss/lib/input.js:135:16)]
    [at Root.error (turbopack:///[project]/node_modules/postcss/lib/node.js:146:32)]
    [at Object.Once (C:\Projects\GWTH_V2\node_modules\@tailwindcss\postcss\dist\index.js:10:6911)]
    [at async LazyResult.runAsync (turbopack:///[project]/node_modules/postcss/lib/lazy-result.js:293:11)]
    [at async transform (turbopack:///[turbopack-node]/transforms/postcss.ts:70:34)]
    [at async run (turbopack:///[turbopack-node]/child_process/evaluate.ts:89:23)]

Import trace:
  Client Component Browser:
    ./src/app/globals.css [Client Component Browser]
    ./src/app/layout.tsx [Server Component] @ http://localhost:3000/_next/static/chunks/node_modules_next_dist_0u_w_5s._.js:1945
[  852736ms] [LOG] [Fast Refresh] rebuilding @ http://localhost:3000/_next/static/chunks/node_modules_next_dist_0u_w_5s._.js:1226
[  853554ms] [ERROR] ./src/app/globals.css
Error evaluating Node.js code
CssSyntaxError: tailwindcss: C:\Projects\GWTH_V2\src\app\globals.css:1:1: Invalid code point 16707002
    [at Input.error (turbopack:///[project]/node_modules/postcss/lib/input.js:135:16)]
    [at Root.error (turbopack:///[project]/node_modules/postcss/lib/node.js:146:32)]
    [at Object.Once (C:\Projects\GWTH_V2\node_modules\@tailwindcss\postcss\dist\index.js:10:6911)]
    [at async LazyResult.runAsync (turbopack:///[project]/node_modules/postcss/lib/lazy-result.js:293:11)]
    [at async transform (turbopack:///[turbopack-node]/transforms/postcss.ts:70:34)]
    [at async run (turbopack:///[turbopack-node]/child_process/evaluate.ts:89:23)]

Import trace:
  Client Component Browser:
    ./src/app/globals.css [Client Component Browser]
    ./src/app/layout.tsx [Server Component] @ http://localhost:3000/_next/static/chunks/node_modules_next_dist_0u_w_5s._.js:1945
[  853591ms] [LOG] [Fast Refresh] rebuilding @ http://localhost:3000/_next/static/chunks/node_modules_next_dist_0u_w_5s._.js:1226
[  857126ms] [ERROR] ./src/app/globals.css
Error evaluating Node.js code
CssSyntaxError: tailwindcss: C:\Projects\GWTH_V2\src\app\globals.css:1:1: Invalid code point 16707002
    [at Input.error (turbopack:///[project]/node_modules/postcss/lib/input.js:135:16)]
    [at Root.error (turbopack:///[project]/node_modules/postcss/lib/node.js:146:32)]
    [at Object.Once (C:\Projects\GWTH_V2\node_modules\@tailwindcss\postcss\dist\index.js:10:6911)]
    [at async LazyResult.runAsync (turbopack:///[project]/node_modules/postcss/lib/lazy-result.js:293:11)]
    [at async transform (turbopack:///[turbopack-node]/transforms/postcss.ts:70:34)]
    [at async run (turbopack:///[turbopack-node]/child_process/evaluate.ts:89:23)]

Import trace:
  Client Component Browser:
    ./src/app/globals.css [Client Component Browser]
    ./src/app/layout.tsx [Server Component] @ http://localhost:3000/_next/static/chunks/node_modules_next_dist_0u_w_5s._.js:1945
[  857127ms] [LOG] [Fast Refresh] rebuilding @ http://localhost:3000/_next/static/chunks/node_modules_next_dist_0u_w_5s._.js:1226
[  857869ms] [ERROR] ./src/app/globals.css
Error evaluating Node.js code
CssSyntaxError: tailwindcss: C:\Projects\GWTH_V2\src\app\globals.css:1:1: Invalid code point 16707002
    [at Input.error (turbopack:///[project]/node_modules/postcss/lib/input.js:135:16)]
    [at Root.error (turbopack:///[project]/node_modules/postcss/lib/node.js:146:32)]
    [at Object.Once (C:\Projects\GWTH_V2\node_modules\@tailwindcss\postcss\dist\index.js:10:6911)]
    [at async LazyResult.runAsync (turbopack:///[project]/node_modules/postcss/lib/lazy-result.js:293:11)]
    [at async transform (turbopack:///[turbopack-node]/transforms/postcss.ts:70:34)]
    [at async run (turbopack:///[turbopack-node]/child_process/evaluate.ts:89:23)]

Import trace:
  Client Component Browser:
    ./src/app/globals.css [Client Component Browser]
    ./src/app/layout.tsx [Server Component] @ http://localhost:3000/_next/static/chunks/node_modules_next_dist_0u_w_5s._.js:1945
[  857873ms] [LOG] [Fast Refresh] rebuilding @ http://localhost:3000/_next/static/chunks/node_modules_next_dist_0u_w_5s._.js:1226
[  861096ms] [LOG] [Fast Refresh] rebuilding @ http://localhost:3000/_next/static/chunks/node_modules_next_dist_0u_w_5s._.js:1226
[  861216ms] [ERROR] ./src/app/globals.css
Error evaluating Node.js code
CssSyntaxError: tailwindcss: C:\Projects\GWTH_V2\src\app\globals.css:1:1: Invalid code point 16707002
    [at Input.error (turbopack:///[project]/node_modules/postcss/lib/input.js:135:16)]
    [at Root.error (turbopack:///[project]/node_modules/postcss/lib/node.js:146:32)]
    [at Object.Once (C:\Projects\GWTH_V2\node_modules\@tailwindcss\postcss\dist\index.js:10:6911)]
    [at async LazyResult.runAsync (turbopack:///[project]/node_modules/postcss/lib/lazy-result.js:293:11)]
    [at async transform (turbopack:///[turbopack-node]/transforms/postcss.ts:70:34)]
    [at async run (turbopack:///[turbopack-node]/child_process/evaluate.ts:89:23)]

Import trace:
  Client Component Browser:
    ./src/app/globals.css [Client Component Browser]
    ./src/app/layout.tsx [Server Component] @ http://localhost:3000/_next/static/chunks/node_modules_next_dist_0u_w_5s._.js:1945
[  861597ms] [ERROR] ./src/app/globals.css
Error evaluating Node.js code
CssSyntaxError: tailwindcss: C:\Projects\GWTH_V2\src\app\globals.css:1:1: Invalid code point 16707002
    [at Input.error (turbopack:///[project]/node_modules/postcss/lib/input.js:135:16)]
    [at Root.error (turbopack:///[project]/node_modules/postcss/lib/node.js:146:32)]
    [at Object.Once (C:\Projects\GWTH_V2\node_modules\@tailwindcss\postcss\dist\index.js:10:6911)]
    [at async LazyResult.runAsync (turbopack:///[project]/node_modules/postcss/lib/lazy-result.js:293:11)]
    [at async transform (turbopack:///[turbopack-node]/transforms/postcss.ts:70:34)]
    [at async run (turbopack:///[turbopack-node]/child_process/evaluate.ts:89:23)]

Import trace:
  Client Component Browser:
    ./src/app/globals.css [Client Component Browser]
    ./src/app/layout.tsx [Server Component] @ http://localhost:3000/_next/static/chunks/node_modules_next_dist_0u_w_5s._.js:1945
[  861614ms] [LOG] [Fast Refresh] rebuilding @ http://localhost:3000/_next/static/chunks/node_modules_next_dist_0u_w_5s._.js:1226
[  866013ms] [LOG] [Fast Refresh] rebuilding @ http://localhost:3000/_next/static/chunks/node_modules_next_dist_0u_w_5s._.js:1226
[  866037ms] [ERROR] ./src/app/globals.css
Error evaluating Node.js code
CssSyntaxError: tailwindcss: C:\Projects\GWTH_V2\src\app\globals.css:1:1: Invalid code point 16707002
    [at Input.error (turbopack:///[project]/node_modules/postcss/lib/input.js:135:16)]
    [at Root.error (turbopack:///[project]/node_modules/postcss/lib/node.js:146:32)]
    [at Object.Once (C:\Projects\GWTH_V2\node_modules\@tailwindcss\postcss\dist\index.js:10:6911)]
    [at async LazyResult.runAsync (turbopack:///[project]/node_modules/postcss/lib/lazy-result.js:293:11)]
    [at async transform (turbopack:///[turbopack-node]/transforms/postcss.ts:70:34)]
    [at async run (turbopack:///[turbopack-node]/child_process/evaluate.ts:89:23)]

Import trace:
  Client Component Browser:
    ./src/app/globals.css [Client Component Browser]
    ./src/app/layout.tsx [Server Component] @ http://localhost:3000/_next/static/chunks/node_modules_next_dist_0u_w_5s._.js:1945
[  866161ms] [ERROR] ./src/app/globals.css
Error evaluating Node.js code
CssSyntaxError: tailwindcss: C:\Projects\GWTH_V2\src\app\globals.css:1:1: Invalid code point 16707002
    [at Input.error (turbopack:///[project]/node_modules/postcss/lib/input.js:135:16)]
    [at Root.error (turbopack:///[project]/node_modules/postcss/lib/node.js:146:32)]
    [at Object.Once (C:\Projects\GWTH_V2\node_modules\@tailwindcss\postcss\dist\index.js:10:6911)]
    [at async LazyResult.runAsync (turbopack:///[project]/node_modules/postcss/lib/lazy-result.js:293:11)]
    [at async transform (turbopack:///[turbopack-node]/transforms/postcss.ts:70:34)]
    [at async run (turbopack:///[turbopack-node]/child_process/evaluate.ts:89:23)]

Import trace:
  Client Component Browser:
    ./src/app/globals.css [Client Component Browser]
    ./src/app/layout.tsx [Server Component] @ http://localhost:3000/_next/static/chunks/node_modules_next_dist_0u_w_5s._.js:1945
[  866253ms] [ERROR] ./src/app/globals.css
Error evaluating Node.js code
CssSyntaxError: tailwindcss: C:\Projects\GWTH_V2\src\app\globals.css:1:1: Invalid code point 16707002
    [at Input.error (turbopack:///[project]/node_modules/postcss/lib/input.js:135:16)]
    [at Root.error (turbopack:///[project]/node_modules/postcss/lib/node.js:146:32)]
    [at Object.Once (C:\Projects\GWTH_V2\node_modules\@tailwindcss\postcss\dist\index.js:10:6911)]
    [at async LazyResult.runAsync (turbopack:///[project]/node_modules/postcss/lib/lazy-result.js:293:11)]
    [at async transform (turbopack:///[turbopack-node]/transforms/postcss.ts:70:34)]
    [at async run (turbopack:///[turbopack-node]/child_process/evaluate.ts:89:23)]

Import trace:
  Client Component Browser:
    ./src/app/globals.css [Client Component Browser]
    ./src/app/layout.tsx [Server Component] @ http://localhost:3000/_next/static/chunks/node_modules_next_dist_0u_w_5s._.js:1945
[  866278ms] [LOG] [Fast Refresh] rebuilding @ http://localhost:3000/_next/static/chunks/node_modules_next_dist_0u_w_5s._.js:1226
[  868888ms] [ERROR] ./src/app/globals.css
Error evaluating Node.js code
CssSyntaxError: tailwindcss: C:\Projects\GWTH_V2\src\app\globals.css:1:1: Invalid code point 16707002
    [at Input.error (turbopack:///[project]/node_modules/postcss/lib/input.js:135:16)]
    [at Root.error (turbopack:///[project]/node_modules/postcss/lib/node.js:146:32)]
    [at Object.Once (C:\Projects\GWTH_V2\node_modules\@tailwindcss\postcss\dist\index.js:10:6911)]
    [at async LazyResult.runAsync (turbopack:///[project]/node_modules/postcss/lib/lazy-result.js:293:11)]
    [at async transform (turbopack:///[turbopack-node]/transforms/postcss.ts:70:34)]
    [at async run (turbopack:///[turbopack-node]/child_process/evaluate.ts:89:23)]

Import trace:
  Client Component Browser:
    ./src/app/globals.css [Client Component Browser]
    ./src/app/layout.tsx [Server Component] @ http://localhost:3000/_next/static/chunks/node_modules_next_dist_0u_w_5s._.js:1945
[  868949ms] [LOG] [Fast Refresh] rebuilding @ http://localhost:3000/_next/static/chunks/node_modules_next_dist_0u_w_5s._.js:1226
[  869404ms] [ERROR] ./src/app/globals.css
Error evaluating Node.js code
CssSyntaxError: tailwindcss: C:\Projects\GWTH_V2\src\app\globals.css:1:1: Invalid code point 16707002
    [at Input.error (turbopack:///[project]/node_modules/postcss/lib/input.js:135:16)]
    [at Root.error (turbopack:///[project]/node_modules/postcss/lib/node.js:146:32)]
    [at Object.Once (C:\Projects\GWTH_V2\node_modules\@tailwindcss\postcss\dist\index.js:10:6911)]
    [at async LazyResult.runAsync (turbopack:///[project]/node_modules/postcss/lib/lazy-result.js:293:11)]
    [at async transform (turbopack:///[turbopack-node]/transforms/postcss.ts:70:34)]
    [at async run (turbopack:///[turbopack-node]/child_process/evaluate.ts:89:23)]

Import trace:
  Client Component Browser:
    ./src/app/globals.css [Client Component Browser]
    ./src/app/layout.tsx [Server Component] @ http://localhost:3000/_next/static/chunks/node_modules_next_dist_0u_w_5s._.js:1945
[  869443ms] [LOG] [Fast Refresh] rebuilding @ http://localhost:3000/_next/static/chunks/node_modules_next_dist_0u_w_5s._.js:1226
[  871520ms] [ERROR] ./src/app/globals.css
Error evaluating Node.js code
CssSyntaxError: tailwindcss: C:\Projects\GWTH_V2\src\app\globals.css:1:1: Invalid code point 16707002
    [at Input.error (turbopack:///[project]/node_modules/postcss/lib/input.js:135:16)]
    [at Root.error (turbopack:///[project]/node_modules/postcss/lib/node.js:146:32)]
    [at Object.Once (C:\Projects\GWTH_V2\node_modules\@tailwindcss\postcss\dist\index.js:10:6911)]
    [at async LazyResult.runAsync (turbopack:///[project]/node_modules/postcss/lib/lazy-result.js:293:11)]
    [at async transform (turbopack:///[turbopack-node]/transforms/postcss.ts:70:34)]
    [at async run (turbopack:///[turbopack-node]/child_process/evaluate.ts:89:23)]

Import trace:
  Client Component Browser:
    ./src/app/globals.css [Client Component Browser]
    ./src/app/layout.tsx [Server Component] @ http://localhost:3000/_next/static/chunks/node_modules_next_dist_0u_w_5s._.js:1945
[  871543ms] [LOG] [Fast Refresh] rebuilding @ http://localhost:3000/_next/static/chunks/node_modules_next_dist_0u_w_5s._.js:1226
[  872178ms] [ERROR] ./src/app/globals.css
Error evaluating Node.js code
CssSyntaxError: tailwindcss: C:\Projects\GWTH_V2\src\app\globals.css:1:1: Invalid code point 16707002
    [at Input.error (turbopack:///[project]/node_modules/postcss/lib/input.js:135:16)]
    [at Root.error (turbopack:///[project]/node_modules/postcss/lib/node.js:146:32)]
    [at Object.Once (C:\Projects\GWTH_V2\node_modules\@tailwindcss\postcss\dist\index.js:10:6911)]
    [at async LazyResult.runAsync (turbopack:///[project]/node_modules/postcss/lib/lazy-result.js:293:11)]
    [at async transform (turbopack:///[turbopack-node]/transforms/postcss.ts:70:34)]
    [at async run (turbopack:///[turbopack-node]/child_process/evaluate.ts:89:23)]

Import trace:
  Client Component Browser:
    ./src/app/globals.css [Client Component Browser]
    ./src/app/layout.tsx [Server Component] @ http://localhost:3000/_next/static/chunks/node_modules_next_dist_0u_w_5s._.js:1945
[  872229ms] [LOG] [Fast Refresh] rebuilding @ http://localhost:3000/_next/static/chunks/node_modules_next_dist_0u_w_5s._.js:1226
[  874134ms] [ERROR] ./src/app/globals.css
Error evaluating Node.js code
CssSyntaxError: tailwindcss: C:\Projects\GWTH_V2\src\app\globals.css:1:1: Invalid code point 16707002
    [at Input.error (turbopack:///[project]/node_modules/postcss/lib/input.js:135:16)]
    [at Root.error (turbopack:///[project]/node_modules/postcss/lib/node.js:146:32)]
    [at Object.Once (C:\Projects\GWTH_V2\node_modules\@tailwindcss\postcss\dist\index.js:10:6911)]
    [at async LazyResult.runAsync (turbopack:///[project]/node_modules/postcss/lib/lazy-result.js:293:11)]
    [at async transform (turbopack:///[turbopack-node]/transforms/postcss.ts:70:34)]
    [at async run (turbopack:///[turbopack-node]/child_process/evaluate.ts:89:23)]

Import trace:
  Client Component Browser:
    ./src/app/globals.css [Client Component Browser]
    ./src/app/layout.tsx [Server Component] @ http://localhost:3000/_next/static/chunks/node_modules_next_dist_0u_w_5s._.js:1945
[  874150ms] [LOG] [Fast Refresh] rebuilding @ http://localhost:3000/_next/static/chunks/node_modules_next_dist_0u_w_5s._.js:1226
[  875125ms] [ERROR] ./src/app/globals.css
Error evaluating Node.js code
CssSyntaxError: tailwindcss: C:\Projects\GWTH_V2\src\app\globals.css:1:1: Invalid code point 16707002
    [at Input.error (turbopack:///[project]/node_modules/postcss/lib/input.js:135:16)]
    [at Root.error (turbopack:///[project]/node_modules/postcss/lib/node.js:146:32)]
    [at Object.Once (C:\Projects\GWTH_V2\node_modules\@tailwindcss\postcss\dist\index.js:10:6911)]
    [at async LazyResult.runAsync (turbopack:///[project]/node_modules/postcss/lib/lazy-result.js:293:11)]
    [at async transform (turbopack:///[turbopack-node]/transforms/postcss.ts:70:34)]
    [at async run (turbopack:///[turbopack-node]/child_process/evaluate.ts:89:23)]

Import trace:
  Client Component Browser:
    ./src/app/globals.css [Client Component Browser]
    ./src/app/layout.tsx [Server Component] @ http://localhost:3000/_next/static/chunks/node_modules_next_dist_0u_w_5s._.js:1945
[  875138ms] [LOG] [Fast Refresh] rebuilding @ http://localhost:3000/_next/static/chunks/node_modules_next_dist_0u_w_5s._.js:1226
[  876896ms] [ERROR] ./src/app/globals.css
Error evaluating Node.js code
CssSyntaxError: tailwindcss: C:\Projects\GWTH_V2\src\app\globals.css:1:1: Invalid code point 16707002
    [at Input.error (turbopack:///[project]/node_modules/postcss/lib/input.js:135:16)]
    [at Root.error (turbopack:///[project]/node_modules/postcss/lib/node.js:146:32)]
    [at Object.Once (C:\Projects\GWTH_V2\node_modules\@tailwindcss\postcss\dist\index.js:10:6911)]
    [at async LazyResult.runAsync (turbopack:///[project]/node_modules/postcss/lib/lazy-result.js:293:11)]
    [at async transform (turbopack:///[turbopack-node]/transforms/postcss.ts:70:34)]
    [at async run (turbopack:///[turbopack-node]/child_process/evaluate.ts:89:23)]

Import trace:
  Client Component Browser:
    ./src/app/globals.css [Client Component Browser]
    ./src/app/layout.tsx [Server Component] @ http://localhost:3000/_next/static/chunks/node_modules_next_dist_0u_w_5s._.js:1945
[  876929ms] [LOG] [Fast Refresh] rebuilding @ http://localhost:3000/_next/static/chunks/node_modules_next_dist_0u_w_5s._.js:1226
[  878053ms] [ERROR] ./src/app/globals.css
Error evaluating Node.js code
CssSyntaxError: tailwindcss: C:\Projects\GWTH_V2\src\app\globals.css:1:1: Invalid code point 16707002
    [at Input.error (turbopack:///[project]/node_modules/postcss/lib/input.js:135:16)]
    [at Root.error (turbopack:///[project]/node_modules/postcss/lib/node.js:146:32)]
    [at Object.Once (C:\Projects\GWTH_V2\node_modules\@tailwindcss\postcss\dist\index.js:10:6911)]
    [at async LazyResult.runAsync (turbopack:///[project]/node_modules/postcss/lib/lazy-result.js:293:11)]
    [at async transform (turbopack:///[turbopack-node]/transforms/postcss.ts:70:34)]
    [at async run (turbopack:///[turbopack-node]/child_process/evaluate.ts:89:23)]

Import trace:
  Client Component Browser:
    ./src/app/globals.css [Client Component Browser]
    ./src/app/layout.tsx [Server Component] @ http://localhost:3000/_next/static/chunks/node_modules_next_dist_0u_w_5s._.js:1945
[  878089ms] [LOG] [Fast Refresh] rebuilding @ http://localhost:3000/_next/static/chunks/node_modules_next_dist_0u_w_5s._.js:1226
[  879727ms] [ERROR] ./src/app/globals.css
Error evaluating Node.js code
CssSyntaxError: tailwindcss: C:\Projects\GWTH_V2\src\app\globals.css:1:1: Invalid code point 16707002
    [at Input.error (turbopack:///[project]/node_modules/postcss/lib/input.js:135:16)]
    [at Root.error (turbopack:///[project]/node_modules/postcss/lib/node.js:146:32)]
    [at Object.Once (C:\Projects\GWTH_V2\node_modules\@tailwindcss\postcss\dist\index.js:10:6911)]
    [at async LazyResult.runAsync (turbopack:///[project]/node_modules/postcss/lib/lazy-result.js:293:11)]
    [at async transform (turbopack:///[turbopack-node]/transforms/postcss.ts:70:34)]
    [at async run (turbopack:///[turbopack-node]/child_process/evaluate.ts:89:23)]

Import trace:
  Client Component Browser:
    ./src/app/globals.css [Client Component Browser]
    ./src/app/layout.tsx [Server Component] @ http://localhost:3000/_next/static/chunks/node_modules_next_dist_0u_w_5s._.js:1945
[  879780ms] [LOG] [Fast Refresh] rebuilding @ http://localhost:3000/_next/static/chunks/node_modules_next_dist_0u_w_5s._.js:1226
[  880913ms] [ERROR] ./src/app/globals.css
Error evaluating Node.js code
CssSyntaxError: tailwindcss: C:\Projects\GWTH_V2\src\app\globals.css:1:1: Invalid code point 16707002
    [at Input.error (turbopack:///[project]/node_modules/postcss/lib/input.js:135:16)]
    [at Root.error (turbopack:///[project]/node_modules/postcss/lib/node.js:146:32)]
    [at Object.Once (C:\Projects\GWTH_V2\node_modules\@tailwindcss\postcss\dist\index.js:10:6911)]
    [at async LazyResult.runAsync (turbopack:///[project]/node_modules/postcss/lib/lazy-result.js:293:11)]
    [at async transform (turbopack:///[turbopack-node]/transforms/postcss.ts:70:34)]
    [at async run (turbopack:///[turbopack-node]/child_process/evaluate.ts:89:23)]

Import trace:
  Client Component Browser:
    ./src/app/globals.css [Client Component Browser]
    ./src/app/layout.tsx [Server Component] @ http://localhost:3000/_next/static/chunks/node_modules_next_dist_0u_w_5s._.js:1945
[  880945ms] [LOG] [Fast Refresh] rebuilding @ http://localhost:3000/_next/static/chunks/node_modules_next_dist_0u_w_5s._.js:1226
[  882458ms] [ERROR] ./src/app/globals.css
Error evaluating Node.js code
CssSyntaxError: tailwindcss: C:\Projects\GWTH_V2\src\app\globals.css:1:1: Invalid code point 16707002
    [at Input.error (turbopack:///[project]/node_modules/postcss/lib/input.js:135:16)]
    [at Root.error (turbopack:///[project]/node_modules/postcss/lib/node.js:146:32)]
    [at Object.Once (C:\Projects\GWTH_V2\node_modules\@tailwindcss\postcss\dist\index.js:10:6911)]
    [at async LazyResult.runAsync (turbopack:///[project]/node_modules/postcss/lib/lazy-result.js:293:11)]
    [at async transform (turbopack:///[turbopack-node]/transforms/postcss.ts:70:34)]
    [at async run (turbopack:///[turbopack-node]/child_process/evaluate.ts:89:23)]

Import trace:
  Client Component Browser:
    ./src/app/globals.css [Client Component Browser]
    ./src/app/layout.tsx [Server Component] @ http://localhost:3000/_next/static/chunks/node_modules_next_dist_0u_w_5s._.js:1945
[  882502ms] [LOG] [Fast Refresh] rebuilding @ http://localhost:3000/_next/static/chunks/node_modules_next_dist_0u_w_5s._.js:1226
[  884114ms] [ERROR] ./src/app/globals.css
Error evaluating Node.js code
CssSyntaxError: tailwindcss: C:\Projects\GWTH_V2\src\app\globals.css:1:1: Invalid code point 16707002
    [at Input.error (turbopack:///[project]/node_modules/postcss/lib/input.js:135:16)]
    [at Root.error (turbopack:///[project]/node_modules/postcss/lib/node.js:146:32)]
    [at Object.Once (C:\Projects\GWTH_V2\node_modules\@tailwindcss\postcss\dist\index.js:10:6911)]
    [at async LazyResult.runAsync (turbopack:///[project]/node_modules/postcss/lib/lazy-result.js:293:11)]
    [at async transform (turbopack:///[turbopack-node]/transforms/postcss.ts:70:34)]
    [at async run (turbopack:///[turbopack-node]/child_process/evaluate.ts:89:23)]

Import trace:
  Client Component Browser:
    ./src/app/globals.css [Client Component Browser]
    ./src/app/layout.tsx [Server Component] @ http://localhost:3000/_next/static/chunks/node_modules_next_dist_0u_w_5s._.js:1945
[  884115ms] [LOG] [Fast Refresh] rebuilding @ http://localhost:3000/_next/static/chunks/node_modules_next_dist_0u_w_5s._.js:1226
[  885668ms] [ERROR] ./src/app/globals.css
Error evaluating Node.js code
CssSyntaxError: tailwindcss: C:\Projects\GWTH_V2\src\app\globals.css:1:1: Invalid code point 16707002
    [at Input.error (turbopack:///[project]/node_modules/postcss/lib/input.js:135:16)]
    [at Root.error (turbopack:///[project]/node_modules/postcss/lib/node.js:146:32)]
    [at Object.Once (C:\Projects\GWTH_V2\node_modules\@tailwindcss\postcss\dist\index.js:10:6911)]
    [at async LazyResult.runAsync (turbopack:///[project]/node_modules/postcss/lib/lazy-result.js:293:11)]
    [at async transform (turbopack:///[turbopack-node]/transforms/postcss.ts:70:34)]
    [at async run (turbopack:///[turbopack-node]/child_process/evaluate.ts:89:23)]

Import trace:
  Client Component Browser:
    ./src/app/globals.css [Client Component Browser]
    ./src/app/layout.tsx [Server Component] @ http://localhost:3000/_next/static/chunks/node_modules_next_dist_0u_w_5s._.js:1945
[  885688ms] [LOG] [Fast Refresh] rebuilding @ http://localhost:3000/_next/static/chunks/node_modules_next_dist_0u_w_5s._.js:1226
[  889380ms] [LOG] [Fast Refresh] rebuilding @ http://localhost:3000/_next/static/chunks/node_modules_next_dist_0u_w_5s._.js:1226
[  889382ms] [ERROR] ./src/app/globals.css
Error evaluating Node.js code
CssSyntaxError: tailwindcss: C:\Projects\GWTH_V2\src\app\globals.css:1:1: Invalid code point 16707002
    [at Input.error (turbopack:///[project]/node_modules/postcss/lib/input.js:135:16)]
    [at Root.error (turbopack:///[project]/node_modules/postcss/lib/node.js:146:32)]
    [at Object.Once (C:\Projects\GWTH_V2\node_modules\@tailwindcss\postcss\dist\index.js:10:6911)]
    [at async LazyResult.runAsync (turbopack:///[project]/node_modules/postcss/lib/lazy-result.js:293:11)]
    [at async transform (turbopack:///[turbopack-node]/transforms/postcss.ts:70:34)]
    [at async run (turbopack:///[turbopack-node]/child_process/evaluate.ts:89:23)]

Import trace:
  Client Component Browser:
    ./src/app/globals.css [Client Component Browser]
    ./src/app/layout.tsx [Server Component] @ http://localhost:3000/_next/static/chunks/node_modules_next_dist_0u_w_5s._.js:1945
[  890774ms] [ERROR] ./src/app/globals.css
Error evaluating Node.js code
CssSyntaxError: tailwindcss: C:\Projects\GWTH_V2\src\app\globals.css:1:1: Invalid code point 16707002
    [at Input.error (turbopack:///[project]/node_modules/postcss/lib/input.js:135:16)]
    [at Root.error (turbopack:///[project]/node_modules/postcss/lib/node.js:146:32)]
    [at Object.Once (C:\Projects\GWTH_V2\node_modules\@tailwindcss\postcss\dist\index.js:10:6911)]
    [at async LazyResult.runAsync (turbopack:///[project]/node_modules/postcss/lib/lazy-result.js:293:11)]
    [at async transform (turbopack:///[turbopack-node]/transforms/postcss.ts:70:34)]
    [at async run (turbopack:///[turbopack-node]/child_process/evaluate.ts:89:23)]

Import trace:
  Client Component Browser:
    ./src/app/globals.css [Client Component Browser]
    ./src/app/layout.tsx [Server Component] @ http://localhost:3000/_next/static/chunks/node_modules_next_dist_0u_w_5s._.js:1945
[  890782ms] [LOG] [Fast Refresh] rebuilding @ http://localhost:3000/_next/static/chunks/node_modules_next_dist_0u_w_5s._.js:1226
[  894083ms] [ERROR] ./src/app/globals.css
Error evaluating Node.js code
CssSyntaxError: tailwindcss: C:\Projects\GWTH_V2\src\app\globals.css:1:1: Invalid code point 16707002
    [at Input.error (turbopack:///[project]/node_modules/postcss/lib/input.js:135:16)]
    [at Root.error (turbopack:///[project]/node_modules/postcss/lib/node.js:146:32)]
    [at Object.Once (C:\Projects\GWTH_V2\node_modules\@tailwindcss\postcss\dist\index.js:10:6911)]
    [at async LazyResult.runAsync (turbopack:///[project]/node_modules/postcss/lib/lazy-result.js:293:11)]
    [at async transform (turbopack:///[turbopack-node]/transforms/postcss.ts:70:34)]
    [at async run (turbopack:///[turbopack-node]/child_process/evaluate.ts:89:23)]

Import trace:
  Client Component Browser:
    ./src/app/globals.css [Client Component Browser]
    ./src/app/layout.tsx [Server Component] @ http://localhost:3000/_next/static/chunks/node_modules_next_dist_0u_w_5s._.js:1945
[  894093ms] [LOG] [Fast Refresh] rebuilding @ http://localhost:3000/_next/static/chunks/node_modules_next_dist_0u_w_5s._.js:1226
[  894737ms] [ERROR] ./src/app/globals.css
Error evaluating Node.js code
CssSyntaxError: tailwindcss: C:\Projects\GWTH_V2\src\app\globals.css:1:1: Invalid code point 16707002
    [at Input.error (turbopack:///[project]/node_modules/postcss/lib/input.js:135:16)]
    [at Root.error (turbopack:///[project]/node_modules/postcss/lib/node.js:146:32)]
    [at Object.Once (C:\Projects\GWTH_V2\node_modules\@tailwindcss\postcss\dist\index.js:10:6911)]
    [at async LazyResult.runAsync (turbopack:///[project]/node_modules/postcss/lib/lazy-result.js:293:11)]
    [at async transform (turbopack:///[turbopack-node]/transforms/postcss.ts:70:34)]
    [at async run (turbopack:///[turbopack-node]/child_process/evaluate.ts:89:23)]

Import trace:
  Client Component Browser:
    ./src/app/globals.css [Client Component Browser]
    ./src/app/layout.tsx [Server Component] @ http://localhost:3000/_next/static/chunks/node_modules_next_dist_0u_w_5s._.js:1945
[  894777ms] [LOG] [Fast Refresh] rebuilding @ http://localhost:3000/_next/static/chunks/node_modules_next_dist_0u_w_5s._.js:1226
[  897651ms] [LOG] [Fast Refresh] rebuilding @ http://localhost:3000/_next/static/chunks/node_modules_next_dist_0u_w_5s._.js:1226
[  897681ms] [ERROR] ./src/app/globals.css
Error evaluating Node.js code
CssSyntaxError: tailwindcss: C:\Projects\GWTH_V2\src\app\globals.css:1:1: Invalid code point 16707002
    [at Input.error (turbopack:///[project]/node_modules/postcss/lib/input.js:135:16)]
    [at Root.error (turbopack:///[project]/node_modules/postcss/lib/node.js:146:32)]
    [at Object.Once (C:\Projects\GWTH_V2\node_modules\@tailwindcss\postcss\dist\index.js:10:6911)]
    [at async LazyResult.runAsync (turbopack:///[project]/node_modules/postcss/lib/lazy-result.js:293:11)]
    [at async transform (turbopack:///[turbopack-node]/transforms/postcss.ts:70:34)]
    [at async run (turbopack:///[turbopack-node]/child_process/evaluate.ts:89:23)]

Import trace:
  Client Component Browser:
    ./src/app/globals.css [Client Component Browser]
    ./src/app/layout.tsx [Server Component] @ http://localhost:3000/_next/static/chunks/node_modules_next_dist_0u_w_5s._.js:1945
[  899354ms] [ERROR] ./src/app/globals.css
Error evaluating Node.js code
CssSyntaxError: tailwindcss: C:\Projects\GWTH_V2\src\app\globals.css:1:1: Invalid code point 16707002
    [at Input.error (turbopack:///[project]/node_modules/postcss/lib/input.js:135:16)]
    [at Root.error (turbopack:///[project]/node_modules/postcss/lib/node.js:146:32)]
    [at Object.Once (C:\Projects\GWTH_V2\node_modules\@tailwindcss\postcss\dist\index.js:10:6911)]
    [at async LazyResult.runAsync (turbopack:///[project]/node_modules/postcss/lib/lazy-result.js:293:11)]
    [at async transform (turbopack:///[turbopack-node]/transforms/postcss.ts:70:34)]
    [at async run (turbopack:///[turbopack-node]/child_process/evaluate.ts:89:23)]

Import trace:
  Client Component Browser:
    ./src/app/globals.css [Client Component Browser]
    ./src/app/layout.tsx [Server Component] @ http://localhost:3000/_next/static/chunks/node_modules_next_dist_0u_w_5s._.js:1945
[  899394ms] [LOG] [Fast Refresh] rebuilding @ http://localhost:3000/_next/static/chunks/node_modules_next_dist_0u_w_5s._.js:1226
[  901191ms] [ERROR] ./src/app/globals.css
Error evaluating Node.js code
CssSyntaxError: tailwindcss: C:\Projects\GWTH_V2\src\app\globals.css:1:1: Invalid code point 16707002
    [at Input.error (turbopack:///[project]/node_modules/postcss/lib/input.js:135:16)]
    [at Root.error (turbopack:///[project]/node_modules/postcss/lib/node.js:146:32)]
    [at Object.Once (C:\Projects\GWTH_V2\node_modules\@tailwindcss\postcss\dist\index.js:10:6911)]
    [at async LazyResult.runAsync (turbopack:///[project]/node_modules/postcss/lib/lazy-result.js:293:11)]
    [at async transform (turbopack:///[turbopack-node]/transforms/postcss.ts:70:34)]
    [at async run (turbopack:///[turbopack-node]/child_process/evaluate.ts:89:23)]

Import trace:
  Client Component Browser:
    ./src/app/globals.css [Client Component Browser]
    ./src/app/layout.tsx [Server Component] @ http://localhost:3000/_next/static/chunks/node_modules_next_dist_0u_w_5s._.js:1945
[  901231ms] [LOG] [Fast Refresh] rebuilding @ http://localhost:3000/_next/static/chunks/node_modules_next_dist_0u_w_5s._.js:1226
[  902121ms] [ERROR] ./src/app/globals.css
Error evaluating Node.js code
CssSyntaxError: tailwindcss: C:\Projects\GWTH_V2\src\app\globals.css:1:1: Invalid code point 16707002
    [at Input.error (turbopack:///[project]/node_modules/postcss/lib/input.js:135:16)]
    [at Root.error (turbopack:///[project]/node_modules/postcss/lib/node.js:146:32)]
    [at Object.Once (C:\Projects\GWTH_V2\node_modules\@tailwindcss\postcss\dist\index.js:10:6911)]
    [at async LazyResult.runAsync (turbopack:///[project]/node_modules/postcss/lib/lazy-result.js:293:11)]
    [at async transform (turbopack:///[turbopack-node]/transforms/postcss.ts:70:34)]
    [at async run (turbopack:///[turbopack-node]/child_process/evaluate.ts:89:23)]

Import trace:
  Client Component Browser:
    ./src/app/globals.css [Client Component Browser]
    ./src/app/layout.tsx [Server Component] @ http://localhost:3000/_next/static/chunks/node_modules_next_dist_0u_w_5s._.js:1945
[  902152ms] [LOG] [Fast Refresh] rebuilding @ http://localhost:3000/_next/static/chunks/node_modules_next_dist_0u_w_5s._.js:1226
[  903498ms] [ERROR] ./src/app/globals.css
Error evaluating Node.js code
CssSyntaxError: tailwindcss: C:\Projects\GWTH_V2\src\app\globals.css:1:1: Invalid code point 16707002
    [at Input.error (turbopack:///[project]/node_modules/postcss/lib/input.js:135:16)]
    [at Root.error (turbopack:///[project]/node_modules/postcss/lib/node.js:146:32)]
    [at Object.Once (C:\Projects\GWTH_V2\node_modules\@tailwindcss\postcss\dist\index.js:10:6911)]
    [at async LazyResult.runAsync (turbopack:///[project]/node_modules/postcss/lib/lazy-result.js:293:11)]
    [at async transform (turbopack:///[turbopack-node]/transforms/postcss.ts:70:34)]
    [at async run (turbopack:///[turbopack-node]/child_process/evaluate.ts:89:23)]

Import trace:
  Client Component Browser:
    ./src/app/globals.css [Client Component Browser]
    ./src/app/layout.tsx [Server Component] @ http://localhost:3000/_next/static/chunks/node_modules_next_dist_0u_w_5s._.js:1945
[  903536ms] [LOG] [Fast Refresh] rebuilding @ http://localhost:3000/_next/static/chunks/node_modules_next_dist_0u_w_5s._.js:1226
[  904892ms] [ERROR] ./src/app/globals.css
Error evaluating Node.js code
CssSyntaxError: tailwindcss: C:\Projects\GWTH_V2\src\app\globals.css:1:1: Invalid code point 16707002
    [at Input.error (turbopack:///[project]/node_modules/postcss/lib/input.js:135:16)]
    [at Root.error (turbopack:///[project]/node_modules/postcss/lib/node.js:146:32)]
    [at Object.Once (C:\Projects\GWTH_V2\node_modules\@tailwindcss\postcss\dist\index.js:10:6911)]
    [at async LazyResult.runAsync (turbopack:///[project]/node_modules/postcss/lib/lazy-result.js:293:11)]
    [at async transform (turbopack:///[turbopack-node]/transforms/postcss.ts:70:34)]
    [at async run (turbopack:///[turbopack-node]/child_process/evaluate.ts:89:23)]

Import trace:
  Client Component Browser:
    ./src/app/globals.css [Client Component Browser]
    ./src/app/layout.tsx [Server Component] @ http://localhost:3000/_next/static/chunks/node_modules_next_dist_0u_w_5s._.js:1945
[  904933ms] [LOG] [Fast Refresh] rebuilding @ http://localhost:3000/_next/static/chunks/node_modules_next_dist_0u_w_5s._.js:1226
[  905912ms] [ERROR] ./src/app/globals.css
Error evaluating Node.js code
CssSyntaxError: tailwindcss: C:\Projects\GWTH_V2\src\app\globals.css:1:1: Invalid code point 16707002
    [at Input.error (turbopack:///[project]/node_modules/postcss/lib/input.js:135:16)]
    [at Root.error (turbopack:///[project]/node_modules/postcss/lib/node.js:146:32)]
    [at Object.Once (C:\Projects\GWTH_V2\node_modules\@tailwindcss\postcss\dist\index.js:10:6911)]
    [at async LazyResult.runAsync (turbopack:///[project]/node_modules/postcss/lib/lazy-result.js:293:11)]
    [at async transform (turbopack:///[turbopack-node]/transforms/postcss.ts:70:34)]
    [at async run (turbopack:///[turbopack-node]/child_process/evaluate.ts:89:23)]

Import trace:
  Client Component Browser:
    ./src/app/globals.css [Client Component Browser]
    ./src/app/layout.tsx [Server Component] @ http://localhost:3000/_next/static/chunks/node_modules_next_dist_0u_w_5s._.js:1945
[  905922ms] [LOG] [Fast Refresh] rebuilding @ http://localhost:3000/_next/static/chunks/node_modules_next_dist_0u_w_5s._.js:1226
[  907349ms] [ERROR] ./src/app/globals.css
Error evaluating Node.js code
CssSyntaxError: tailwindcss: C:\Projects\GWTH_V2\src\app\globals.css:1:1: Invalid code point 16707002
    [at Input.error (turbopack:///[project]/node_modules/postcss/lib/input.js:135:16)]
    [at Root.error (turbopack:///[project]/node_modules/postcss/lib/node.js:146:32)]
    [at Object.Once (C:\Projects\GWTH_V2\node_modules\@tailwindcss\postcss\dist\index.js:10:6911)]
    [at async LazyResult.runAsync (turbopack:///[project]/node_modules/postcss/lib/lazy-result.js:293:11)]
    [at async transform (turbopack:///[turbopack-node]/transforms/postcss.ts:70:34)]
    [at async run (turbopack:///[turbopack-node]/child_process/evaluate.ts:89:23)]

Import trace:
  Client Component Browser:
    ./src/app/globals.css [Client Component Browser]
    ./src/app/layout.tsx [Server Component] @ http://localhost:3000/_next/static/chunks/node_modules_next_dist_0u_w_5s._.js:1945
[  907364ms] [LOG] [Fast Refresh] rebuilding @ http://localhost:3000/_next/static/chunks/node_modules_next_dist_0u_w_5s._.js:1226
[  908877ms] [ERROR] ./src/app/globals.css
Error evaluating Node.js code
CssSyntaxError: tailwindcss: C:\Projects\GWTH_V2\src\app\globals.css:1:1: Invalid code point 16707002
    [at Input.error (turbopack:///[project]/node_modules/postcss/lib/input.js:135:16)]
    [at Root.error (turbopack:///[project]/node_modules/postcss/lib/node.js:146:32)]
    [at Object.Once (C:\Projects\GWTH_V2\node_modules\@tailwindcss\postcss\dist\index.js:10:6911)]
    [at async LazyResult.runAsync (turbopack:///[project]/node_modules/postcss/lib/lazy-result.js:293:11)]
    [at async transform (turbopack:///[turbopack-node]/transforms/postcss.ts:70:34)]
    [at async run (turbopack:///[turbopack-node]/child_process/evaluate.ts:89:23)]

Import trace:
  Client Component Browser:
    ./src/app/globals.css [Client Component Browser]
    ./src/app/layout.tsx [Server Component] @ http://localhost:3000/_next/static/chunks/node_modules_next_dist_0u_w_5s._.js:1945
[  908916ms] [LOG] [Fast Refresh] rebuilding @ http://localhost:3000/_next/static/chunks/node_modules_next_dist_0u_w_5s._.js:1226
[  910075ms] [ERROR] ./src/app/globals.css
Error evaluating Node.js code
CssSyntaxError: tailwindcss: C:\Projects\GWTH_V2\src\app\globals.css:1:1: Invalid code point 16707002
    [at Input.error (turbopack:///[project]/node_modules/postcss/lib/input.js:135:16)]
    [at Root.error (turbopack:///[project]/node_modules/postcss/lib/node.js:146:32)]
    [at Object.Once (C:\Projects\GWTH_V2\node_modules\@tailwindcss\postcss\dist\index.js:10:6911)]
    [at async LazyResult.runAsync (turbopack:///[project]/node_modules/postcss/lib/lazy-result.js:293:11)]
    [at async transform (turbopack:///[turbopack-node]/transforms/postcss.ts:70:34)]
    [at async run (turbopack:///[turbopack-node]/child_process/evaluate.ts:89:23)]

Import trace:
  Client Component Browser:
    ./src/app/globals.css [Client Component Browser]
    ./src/app/layout.tsx [Server Component] @ http://localhost:3000/_next/static/chunks/node_modules_next_dist_0u_w_5s._.js:1945
[  910106ms] [LOG] [Fast Refresh] rebuilding @ http://localhost:3000/_next/static/chunks/node_modules_next_dist_0u_w_5s._.js:1226
[  911337ms] [ERROR] ./src/app/globals.css
Error evaluating Node.js code
CssSyntaxError: tailwindcss: C:\Projects\GWTH_V2\src\app\globals.css:1:1: Invalid code point 16707002
    [at Input.error (turbopack:///[project]/node_modules/postcss/lib/input.js:135:16)]
    [at Root.error (turbopack:///[project]/node_modules/postcss/lib/node.js:146:32)]
    [at Object.Once (C:\Projects\GWTH_V2\node_modules\@tailwindcss\postcss\dist\index.js:10:6911)]
    [at async LazyResult.runAsync (turbopack:///[project]/node_modules/postcss/lib/lazy-result.js:293:11)]
    [at async transform (turbopack:///[turbopack-node]/transforms/postcss.ts:70:34)]
    [at async run (turbopack:///[turbopack-node]/child_process/evaluate.ts:89:23)]

Import trace:
  Client Component Browser:
    ./src/app/globals.css [Client Component Browser]
    ./src/app/layout.tsx [Server Component] @ http://localhost:3000/_next/static/chunks/node_modules_next_dist_0u_w_5s._.js:1945
[  911407ms] [LOG] [Fast Refresh] rebuilding @ http://localhost:3000/_next/static/chunks/node_modules_next_dist_0u_w_5s._.js:1226
[  913035ms] [ERROR] ./src/app/globals.css
Error evaluating Node.js code
CssSyntaxError: tailwindcss: C:\Projects\GWTH_V2\src\app\globals.css:1:1: Invalid code point 16707002
    [at Input.error (turbopack:///[project]/node_modules/postcss/lib/input.js:135:16)]
    [at Root.error (turbopack:///[project]/node_modules/postcss/lib/node.js:146:32)]
    [at Object.Once (C:\Projects\GWTH_V2\node_modules\@tailwindcss\postcss\dist\index.js:10:6911)]
    [at async LazyResult.runAsync (turbopack:///[project]/node_modules/postcss/lib/lazy-result.js:293:11)]
    [at async transform (turbopack:///[turbopack-node]/transforms/postcss.ts:70:34)]
    [at async run (turbopack:///[turbopack-node]/child_process/evaluate.ts:89:23)]

Import trace:
  Client Component Browser:
    ./src/app/globals.css [Client Component Browser]
    ./src/app/layout.tsx [Server Component] @ http://localhost:3000/_next/static/chunks/node_modules_next_dist_0u_w_5s._.js:1945
[  913068ms] [LOG] [Fast Refresh] rebuilding @ http://localhost:3000/_next/static/chunks/node_modules_next_dist_0u_w_5s._.js:1226
[  914211ms] [ERROR] ./src/app/globals.css
Error evaluating Node.js code
CssSyntaxError: tailwindcss: C:\Projects\GWTH_V2\src\app\globals.css:1:1: Invalid code point 16707002
    [at Input.error (turbopack:///[project]/node_modules/postcss/lib/input.js:135:16)]
    [at Root.error (turbopack:///[project]/node_modules/postcss/lib/node.js:146:32)]
    [at Object.Once (C:\Projects\GWTH_V2\node_modules\@tailwindcss\postcss\dist\index.js:10:6911)]
    [at async LazyResult.runAsync (turbopack:///[project]/node_modules/postcss/lib/lazy-result.js:293:11)]
    [at async transform (turbopack:///[turbopack-node]/transforms/postcss.ts:70:34)]
    [at async run (turbopack:///[turbopack-node]/child_process/evaluate.ts:89:23)]

Import trace:
  Client Component Browser:
    ./src/app/globals.css [Client Component Browser]
    ./src/app/layout.tsx [Server Component] @ http://localhost:3000/_next/static/chunks/node_modules_next_dist_0u_w_5s._.js:1945
[  914229ms] [LOG] [Fast Refresh] rebuilding @ http://localhost:3000/_next/static/chunks/node_modules_next_dist_0u_w_5s._.js:1226
[  917674ms] [LOG] [Fast Refresh] rebuilding @ http://localhost:3000/_next/static/chunks/node_modules_next_dist_0u_w_5s._.js:1226
[  917716ms] [ERROR] ./src/app/globals.css
Error evaluating Node.js code
CssSyntaxError: tailwindcss: C:\Projects\GWTH_V2\src\app\globals.css:1:1: Invalid code point 16707002
    [at Input.error (turbopack:///[project]/node_modules/postcss/lib/input.js:135:16)]
    [at Root.error (turbopack:///[project]/node_modules/postcss/lib/node.js:146:32)]
    [at Object.Once (C:\Projects\GWTH_V2\node_modules\@tailwindcss\postcss\dist\index.js:10:6911)]
    [at async LazyResult.runAsync (turbopack:///[project]/node_modules/postcss/lib/lazy-result.js:293:11)]
    [at async transform (turbopack:///[turbopack-node]/transforms/postcss.ts:70:34)]
    [at async run (turbopack:///[turbopack-node]/child_process/evaluate.ts:89:23)]

Import trace:
  Client Component Browser:
    ./src/app/globals.css [Client Component Browser]
    ./src/app/layout.tsx [Server Component] @ http://localhost:3000/_next/static/chunks/node_modules_next_dist_0u_w_5s._.js:1945
[  918864ms] [LOG] [Fast Refresh] rebuilding @ http://localhost:3000/_next/static/chunks/node_modules_next_dist_0u_w_5s._.js:1226
[  918907ms] [ERROR] ./src/app/globals.css
Error evaluating Node.js code
CssSyntaxError: tailwindcss: C:\Projects\GWTH_V2\src\app\globals.css:1:1: Invalid code point 16707002
    [at Input.error (turbopack:///[project]/node_modules/postcss/lib/input.js:135:16)]
    [at Root.error (turbopack:///[project]/node_modules/postcss/lib/node.js:146:32)]
    [at Object.Once (C:\Projects\GWTH_V2\node_modules\@tailwindcss\postcss\dist\index.js:10:6911)]
    [at async LazyResult.runAsync (turbopack:///[project]/node_modules/postcss/lib/lazy-result.js:293:11)]
    [at async transform (turbopack:///[turbopack-node]/transforms/postcss.ts:70:34)]
    [at async run (turbopack:///[turbopack-node]/child_process/evaluate.ts:89:23)]

Import trace:
  Client Component Browser:
    ./src/app/globals.css [Client Component Browser]
    ./src/app/layout.tsx [Server Component] @ http://localhost:3000/_next/static/chunks/node_modules_next_dist_0u_w_5s._.js:1945
[  922771ms] [ERROR] ./src/app/globals.css
Error evaluating Node.js code
CssSyntaxError: tailwindcss: C:\Projects\GWTH_V2\src\app\globals.css:1:1: Invalid code point 16707002
    [at Input.error (turbopack:///[project]/node_modules/postcss/lib/input.js:135:16)]
    [at Root.error (turbopack:///[project]/node_modules/postcss/lib/node.js:146:32)]
    [at Object.Once (C:\Projects\GWTH_V2\node_modules\@tailwindcss\postcss\dist\index.js:10:6911)]
    [at async LazyResult.runAsync (turbopack:///[project]/node_modules/postcss/lib/lazy-result.js:293:11)]
    [at async transform (turbopack:///[turbopack-node]/transforms/postcss.ts:70:34)]
    [at async run (turbopack:///[turbopack-node]/child_process/evaluate.ts:89:23)]

Import trace:
  Client Component Browser:
    ./src/app/globals.css [Client Component Browser]
    ./src/app/layout.tsx [Server Component] @ http://localhost:3000/_next/static/chunks/node_modules_next_dist_0u_w_5s._.js:1945
[  922771ms] [LOG] [Fast Refresh] rebuilding @ http://localhost:3000/_next/static/chunks/node_modules_next_dist_0u_w_5s._.js:1226
[  924384ms] [ERROR] ./src/app/globals.css
Error evaluating Node.js code
CssSyntaxError: tailwindcss: C:\Projects\GWTH_V2\src\app\globals.css:1:1: Invalid code point 16707002
    [at Input.error (turbopack:///[project]/node_modules/postcss/lib/input.js:135:16)]
    [at Root.error (turbopack:///[project]/node_modules/postcss/lib/node.js:146:32)]
    [at Object.Once (C:\Projects\GWTH_V2\node_modules\@tailwindcss\postcss\dist\index.js:10:6911)]
    [at async LazyResult.runAsync (turbopack:///[project]/node_modules/postcss/lib/lazy-result.js:293:11)]
    [at async transform (turbopack:///[turbopack-node]/transforms/postcss.ts:70:34)]
    [at async run (turbopack:///[turbopack-node]/child_process/evaluate.ts:89:23)]

Import trace:
  Client Component Browser:
    ./src/app/globals.css [Client Component Browser]
    ./src/app/layout.tsx [Server Component] @ http://localhost:3000/_next/static/chunks/node_modules_next_dist_0u_w_5s._.js:1945
[  924390ms] [LOG] [Fast Refresh] rebuilding @ http://localhost:3000/_next/static/chunks/node_modules_next_dist_0u_w_5s._.js:1226
[  927012ms] [ERROR] ./src/app/globals.css
Error evaluating Node.js code
CssSyntaxError: tailwindcss: C:\Projects\GWTH_V2\src\app\globals.css:1:1: Invalid code point 16707002
    [at Input.error (turbopack:///[project]/node_modules/postcss/lib/input.js:135:16)]
    [at Root.error (turbopack:///[project]/node_modules/postcss/lib/node.js:146:32)]
    [at Object.Once (C:\Projects\GWTH_V2\node_modules\@tailwindcss\postcss\dist\index.js:10:6911)]
    [at async LazyResult.runAsync (turbopack:///[project]/node_modules/postcss/lib/lazy-result.js:293:11)]
    [at async transform (turbopack:///[turbopack-node]/transforms/postcss.ts:70:34)]
    [at async run (turbopack:///[turbopack-node]/child_process/evaluate.ts:89:23)]

Import trace:
  Client Component Browser:
    ./src/app/globals.css [Client Component Browser]
    ./src/app/layout.tsx [Server Component] @ http://localhost:3000/_next/static/chunks/node_modules_next_dist_0u_w_5s._.js:1945
[  927050ms] [LOG] [Fast Refresh] rebuilding @ http://localhost:3000/_next/static/chunks/node_modules_next_dist_0u_w_5s._.js:1226
[  928315ms] [ERROR] ./src/app/globals.css
Error evaluating Node.js code
CssSyntaxError: tailwindcss: C:\Projects\GWTH_V2\src\app\globals.css:1:1: Invalid code point 16707002
    [at Input.error (turbopack:///[project]/node_modules/postcss/lib/input.js:135:16)]
    [at Root.error (turbopack:///[project]/node_modules/postcss/lib/node.js:146:32)]
    [at Object.Once (C:\Projects\GWTH_V2\node_modules\@tailwindcss\postcss\dist\index.js:10:6911)]
    [at async LazyResult.runAsync (turbopack:///[project]/node_modules/postcss/lib/lazy-result.js:293:11)]
    [at async transform (turbopack:///[turbopack-node]/transforms/postcss.ts:70:34)]
    [at async run (turbopack:///[turbopack-node]/child_process/evaluate.ts:89:23)]

Import trace:
  Client Component Browser:
    ./src/app/globals.css [Client Component Browser]
    ./src/app/layout.tsx [Server Component] @ http://localhost:3000/_next/static/chunks/node_modules_next_dist_0u_w_5s._.js:1945
[  928322ms] [LOG] [Fast Refresh] rebuilding @ http://localhost:3000/_next/static/chunks/node_modules_next_dist_0u_w_5s._.js:1226
[  930007ms] [ERROR] ./src/app/globals.css
Error evaluating Node.js code
CssSyntaxError: tailwindcss: C:\Projects\GWTH_V2\src\app\globals.css:1:1: Invalid code point 16707002
    [at Input.error (turbopack:///[project]/node_modules/postcss/lib/input.js:135:16)]
    [at Root.error (turbopack:///[project]/node_modules/postcss/lib/node.js:146:32)]
    [at Object.Once (C:\Projects\GWTH_V2\node_modules\@tailwindcss\postcss\dist\index.js:10:6911)]
    [at async LazyResult.runAsync (turbopack:///[project]/node_modules/postcss/lib/lazy-result.js:293:11)]
    [at async transform (turbopack:///[turbopack-node]/transforms/postcss.ts:70:34)]
    [at async run (turbopack:///[turbopack-node]/child_process/evaluate.ts:89:23)]

Import trace:
  Client Component Browser:
    ./src/app/globals.css [Client Component Browser]
    ./src/app/layout.tsx [Server Component] @ http://localhost:3000/_next/static/chunks/node_modules_next_dist_0u_w_5s._.js:1945
[  930048ms] [LOG] [Fast Refresh] rebuilding @ http://localhost:3000/_next/static/chunks/node_modules_next_dist_0u_w_5s._.js:1226
[  931700ms] [ERROR] ./src/app/globals.css
Error evaluating Node.js code
CssSyntaxError: tailwindcss: C:\Projects\GWTH_V2\src\app\globals.css:1:1: Invalid code point 16707002
    [at Input.error (turbopack:///[project]/node_modules/postcss/lib/input.js:135:16)]
    [at Root.error (turbopack:///[project]/node_modules/postcss/lib/node.js:146:32)]
    [at Object.Once (C:\Projects\GWTH_V2\node_modules\@tailwindcss\postcss\dist\index.js:10:6911)]
    [at async LazyResult.runAsync (turbopack:///[project]/node_modules/postcss/lib/lazy-result.js:293:11)]
    [at async transform (turbopack:///[turbopack-node]/transforms/postcss.ts:70:34)]
    [at async run (turbopack:///[turbopack-node]/child_process/evaluate.ts:89:23)]

Import trace:
  Client Component Browser:
    ./src/app/globals.css [Client Component Browser]
    ./src/app/layout.tsx [Server Component] @ http://localhost:3000/_next/static/chunks/node_modules_next_dist_0u_w_5s._.js:1945
[  931733ms] [LOG] [Fast Refresh] rebuilding @ http://localhost:3000/_next/static/chunks/node_modules_next_dist_0u_w_5s._.js:1226
[  932413ms] [ERROR] ./src/app/globals.css
Error evaluating Node.js code
CssSyntaxError: tailwindcss: C:\Projects\GWTH_V2\src\app\globals.css:1:1: Invalid code point 16707002
    [at Input.error (turbopack:///[project]/node_modules/postcss/lib/input.js:135:16)]
    [at Root.error (turbopack:///[project]/node_modules/postcss/lib/node.js:146:32)]
    [at Object.Once (C:\Projects\GWTH_V2\node_modules\@tailwindcss\postcss\dist\index.js:10:6911)]
    [at async LazyResult.runAsync (turbopack:///[project]/node_modules/postcss/lib/lazy-result.js:293:11)]
    [at async transform (turbopack:///[turbopack-node]/transforms/postcss.ts:70:34)]
    [at async run (turbopack:///[turbopack-node]/child_process/evaluate.ts:89:23)]

Import trace:
  Client Component Browser:
    ./src/app/globals.css [Client Component Browser]
    ./src/app/layout.tsx [Server Component] @ http://localhost:3000/_next/static/chunks/node_modules_next_dist_0u_w_5s._.js:1945
[  932459ms] [LOG] [Fast Refresh] rebuilding @ http://localhost:3000/_next/static/chunks/node_modules_next_dist_0u_w_5s._.js:1226
[  934748ms] [LOG] [Fast Refresh] rebuilding @ http://localhost:3000/_next/static/chunks/node_modules_next_dist_0u_w_5s._.js:1226
[  934854ms] [ERROR] ./src/app/globals.css
Error evaluating Node.js code
CssSyntaxError: tailwindcss: C:\Projects\GWTH_V2\src\app\globals.css:1:1: Invalid code point 16707002
    [at Input.error (turbopack:///[project]/node_modules/postcss/lib/input.js:135:16)]
    [at Root.error (turbopack:///[project]/node_modules/postcss/lib/node.js:146:32)]
    [at Object.Once (C:\Projects\GWTH_V2\node_modules\@tailwindcss\postcss\dist\index.js:10:6911)]
    [at async LazyResult.runAsync (turbopack:///[project]/node_modules/postcss/lib/lazy-result.js:293:11)]
    [at async transform (turbopack:///[turbopack-node]/transforms/postcss.ts:70:34)]
    [at async run (turbopack:///[turbopack-node]/child_process/evaluate.ts:89:23)]

Import trace:
  Client Component Browser:
    ./src/app/globals.css [Client Component Browser]
    ./src/app/layout.tsx [Server Component] @ http://localhost:3000/_next/static/chunks/node_modules_next_dist_0u_w_5s._.js:1945
[  935506ms] [ERROR] ./src/app/globals.css
Error evaluating Node.js code
CssSyntaxError: tailwindcss: C:\Projects\GWTH_V2\src\app\globals.css:1:1: Invalid code point 16707002
    [at Input.error (turbopack:///[project]/node_modules/postcss/lib/input.js:135:16)]
    [at Root.error (turbopack:///[project]/node_modules/postcss/lib/node.js:146:32)]
    [at Object.Once (C:\Projects\GWTH_V2\node_modules\@tailwindcss\postcss\dist\index.js:10:6911)]
    [at async LazyResult.runAsync (turbopack:///[project]/node_modules/postcss/lib/lazy-result.js:293:11)]
    [at async transform (turbopack:///[turbopack-node]/transforms/postcss.ts:70:34)]
    [at async run (turbopack:///[turbopack-node]/child_process/evaluate.ts:89:23)]

Import trace:
  Client Component Browser:
    ./src/app/globals.css [Client Component Browser]
    ./src/app/layout.tsx [Server Component] @ http://localhost:3000/_next/static/chunks/node_modules_next_dist_0u_w_5s._.js:1945
[  935542ms] [LOG] [Fast Refresh] rebuilding @ http://localhost:3000/_next/static/chunks/node_modules_next_dist_0u_w_5s._.js:1226
[  938183ms] [LOG] [Fast Refresh] rebuilding @ http://localhost:3000/_next/static/chunks/node_modules_next_dist_0u_w_5s._.js:1226
[  938187ms] [ERROR] ./src/app/globals.css
Error evaluating Node.js code
CssSyntaxError: tailwindcss: C:\Projects\GWTH_V2\src\app\globals.css:1:1: Invalid code point 16707002
    [at Input.error (turbopack:///[project]/node_modules/postcss/lib/input.js:135:16)]
    [at Root.error (turbopack:///[project]/node_modules/postcss/lib/node.js:146:32)]
    [at Object.Once (C:\Projects\GWTH_V2\node_modules\@tailwindcss\postcss\dist\index.js:10:6911)]
    [at async LazyResult.runAsync (turbopack:///[project]/node_modules/postcss/lib/lazy-result.js:293:11)]
    [at async transform (turbopack:///[turbopack-node]/transforms/postcss.ts:70:34)]
    [at async run (turbopack:///[turbopack-node]/child_process/evaluate.ts:89:23)]

Import trace:
  Client Component Browser:
    ./src/app/globals.css [Client Component Browser]
    ./src/app/layout.tsx [Server Component] @ http://localhost:3000/_next/static/chunks/node_modules_next_dist_0u_w_5s._.js:1945
[  938372ms] [ERROR] ./src/app/globals.css
Error evaluating Node.js code
CssSyntaxError: tailwindcss: C:\Projects\GWTH_V2\src\app\globals.css:1:1: Invalid code point 16707002
    [at Input.error (turbopack:///[project]/node_modules/postcss/lib/input.js:135:16)]
    [at Root.error (turbopack:///[project]/node_modules/postcss/lib/node.js:146:32)]
    [at Object.Once (C:\Projects\GWTH_V2\node_modules\@tailwindcss\postcss\dist\index.js:10:6911)]
    [at async LazyResult.runAsync (turbopack:///[project]/node_modules/postcss/lib/lazy-result.js:293:11)]
    [at async transform (turbopack:///[turbopack-node]/transforms/postcss.ts:70:34)]
    [at async run (turbopack:///[turbopack-node]/child_process/evaluate.ts:89:23)]

Import trace:
  Client Component Browser:
    ./src/app/globals.css [Client Component Browser]
    ./src/app/layout.tsx [Server Component] @ http://localhost:3000/_next/static/chunks/node_modules_next_dist_0u_w_5s._.js:1945
[  938372ms] [LOG] [Fast Refresh] rebuilding @ http://localhost:3000/_next/static/chunks/node_modules_next_dist_0u_w_5s._.js:1226
[  941172ms] [ERROR] ./src/app/globals.css
Error evaluating Node.js code
CssSyntaxError: tailwindcss: C:\Projects\GWTH_V2\src\app\globals.css:1:1: Invalid code point 16707002
    [at Input.error (turbopack:///[project]/node_modules/postcss/lib/input.js:135:16)]
    [at Root.error (turbopack:///[project]/node_modules/postcss/lib/node.js:146:32)]
    [at Object.Once (C:\Projects\GWTH_V2\node_modules\@tailwindcss\postcss\dist\index.js:10:6911)]
    [at async LazyResult.runAsync (turbopack:///[project]/node_modules/postcss/lib/lazy-result.js:293:11)]
    [at async transform (turbopack:///[turbopack-node]/transforms/postcss.ts:70:34)]
    [at async run (turbopack:///[turbopack-node]/child_process/evaluate.ts:89:23)]

Import trace:
  Client Component Browser:
    ./src/app/globals.css [Client Component Browser]
    ./src/app/layout.tsx [Server Component] @ http://localhost:3000/_next/static/chunks/node_modules_next_dist_0u_w_5s._.js:1945
[  941220ms] [LOG] [Fast Refresh] rebuilding @ http://localhost:3000/_next/static/chunks/node_modules_next_dist_0u_w_5s._.js:1226
[  941501ms] [LOG] [Fast Refresh] rebuilding @ http://localhost:3000/_next/static/chunks/node_modules_next_dist_0u_w_5s._.js:1226
[  941591ms] [ERROR] ./src/app/globals.css
Error evaluating Node.js code
CssSyntaxError: tailwindcss: C:\Projects\GWTH_V2\src\app\globals.css:1:1: Invalid code point 16707002
    [at Input.error (turbopack:///[project]/node_modules/postcss/lib/input.js:135:16)]
    [at Root.error (turbopack:///[project]/node_modules/postcss/lib/node.js:146:32)]
    [at Object.Once (C:\Projects\GWTH_V2\node_modules\@tailwindcss\postcss\dist\index.js:10:6911)]
    [at async LazyResult.runAsync (turbopack:///[project]/node_modules/postcss/lib/lazy-result.js:293:11)]
    [at async transform (turbopack:///[turbopack-node]/transforms/postcss.ts:70:34)]
    [at async run (turbopack:///[turbopack-node]/child_process/evaluate.ts:89:23)]

Import trace:
  Client Component Browser:
    ./src/app/globals.css [Client Component Browser]
    ./src/app/layout.tsx [Server Component] @ http://localhost:3000/_next/static/chunks/node_modules_next_dist_0u_w_5s._.js:1945
[  944292ms] [ERROR] ./src/app/globals.css
Error evaluating Node.js code
CssSyntaxError: tailwindcss: C:\Projects\GWTH_V2\src\app\globals.css:1:1: Invalid code point 16707002
    [at Input.error (turbopack:///[project]/node_modules/postcss/lib/input.js:135:16)]
    [at Root.error (turbopack:///[project]/node_modules/postcss/lib/node.js:146:32)]
    [at Object.Once (C:\Projects\GWTH_V2\node_modules\@tailwindcss\postcss\dist\index.js:10:6911)]
    [at async LazyResult.runAsync (turbopack:///[project]/node_modules/postcss/lib/lazy-result.js:293:11)]
    [at async transform (turbopack:///[turbopack-node]/transforms/postcss.ts:70:34)]
    [at async run (turbopack:///[turbopack-node]/child_process/evaluate.ts:89:23)]

Import trace:
  Client Component Browser:
    ./src/app/globals.css [Client Component Browser]
    ./src/app/layout.tsx [Server Component] @ http://localhost:3000/_next/static/chunks/node_modules_next_dist_0u_w_5s._.js:1945
[  944303ms] [LOG] [Fast Refresh] rebuilding @ http://localhost:3000/_next/static/chunks/node_modules_next_dist_0u_w_5s._.js:1226
[  944899ms] [LOG] [Fast Refresh] rebuilding @ http://localhost:3000/_next/static/chunks/node_modules_next_dist_0u_w_5s._.js:1226
[  944917ms] [ERROR] ./src/app/globals.css
Error evaluating Node.js code
CssSyntaxError: tailwindcss: C:\Projects\GWTH_V2\src\app\globals.css:1:1: Invalid code point 16707002
    [at Input.error (turbopack:///[project]/node_modules/postcss/lib/input.js:135:16)]
    [at Root.error (turbopack:///[project]/node_modules/postcss/lib/node.js:146:32)]
    [at Object.Once (C:\Projects\GWTH_V2\node_modules\@tailwindcss\postcss\dist\index.js:10:6911)]
    [at async LazyResult.runAsync (turbopack:///[project]/node_modules/postcss/lib/lazy-result.js:293:11)]
    [at async transform (turbopack:///[turbopack-node]/transforms/postcss.ts:70:34)]
    [at async run (turbopack:///[turbopack-node]/child_process/evaluate.ts:89:23)]

Import trace:
  Client Component Browser:
    ./src/app/globals.css [Client Component Browser]
    ./src/app/layout.tsx [Server Component] @ http://localhost:3000/_next/static/chunks/node_modules_next_dist_0u_w_5s._.js:1945
[  948830ms] [LOG] [Fast Refresh] rebuilding @ http://localhost:3000/_next/static/chunks/node_modules_next_dist_0u_w_5s._.js:1226
[  948895ms] [ERROR] ./src/app/globals.css
Error evaluating Node.js code
CssSyntaxError: tailwindcss: C:\Projects\GWTH_V2\src\app\globals.css:1:1: Invalid code point 16707002
    [at Input.error (turbopack:///[project]/node_modules/postcss/lib/input.js:135:16)]
    [at Root.error (turbopack:///[project]/node_modules/postcss/lib/node.js:146:32)]
    [at Object.Once (C:\Projects\GWTH_V2\node_modules\@tailwindcss\postcss\dist\index.js:10:6911)]
    [at async LazyResult.runAsync (turbopack:///[project]/node_modules/postcss/lib/lazy-result.js:293:11)]
    [at async transform (turbopack:///[turbopack-node]/transforms/postcss.ts:70:34)]
    [at async run (turbopack:///[turbopack-node]/child_process/evaluate.ts:89:23)]

Import trace:
  Client Component Browser:
    ./src/app/globals.css [Client Component Browser]
    ./src/app/layout.tsx [Server Component] @ http://localhost:3000/_next/static/chunks/node_modules_next_dist_0u_w_5s._.js:1945
[  949870ms] [ERROR] ./src/app/globals.css
Error evaluating Node.js code
CssSyntaxError: tailwindcss: C:\Projects\GWTH_V2\src\app\globals.css:1:1: Invalid code point 16707002
    [at Input.error (turbopack:///[project]/node_modules/postcss/lib/input.js:135:16)]
    [at Root.error (turbopack:///[project]/node_modules/postcss/lib/node.js:146:32)]
    [at Object.Once (C:\Projects\GWTH_V2\node_modules\@tailwindcss\postcss\dist\index.js:10:6911)]
    [at async LazyResult.runAsync (turbopack:///[project]/node_modules/postcss/lib/lazy-result.js:293:11)]
    [at async transform (turbopack:///[turbopack-node]/transforms/postcss.ts:70:34)]
    [at async run (turbopack:///[turbopack-node]/child_process/evaluate.ts:89:23)]

Import trace:
  Client Component Browser:
    ./src/app/globals.css [Client Component Browser]
    ./src/app/layout.tsx [Server Component] @ http://localhost:3000/_next/static/chunks/node_modules_next_dist_0u_w_5s._.js:1945
[  949886ms] [LOG] [Fast Refresh] rebuilding @ http://localhost:3000/_next/static/chunks/node_modules_next_dist_0u_w_5s._.js:1226
[  953999ms] [ERROR] ./src/app/globals.css
Error evaluating Node.js code
CssSyntaxError: tailwindcss: C:\Projects\GWTH_V2\src\app\globals.css:1:1: Invalid code point 16707002
    [at Input.error (turbopack:///[project]/node_modules/postcss/lib/input.js:135:16)]
    [at Root.error (turbopack:///[project]/node_modules/postcss/lib/node.js:146:32)]
    [at Object.Once (C:\Projects\GWTH_V2\node_modules\@tailwindcss\postcss\dist\index.js:10:6911)]
    [at async LazyResult.runAsync (turbopack:///[project]/node_modules/postcss/lib/lazy-result.js:293:11)]
    [at async transform (turbopack:///[turbopack-node]/transforms/postcss.ts:70:34)]
    [at async run (turbopack:///[turbopack-node]/child_process/evaluate.ts:89:23)]

Import trace:
  Client Component Browser:
    ./src/app/globals.css [Client Component Browser]
    ./src/app/layout.tsx [Server Component] @ http://localhost:3000/_next/static/chunks/node_modules_next_dist_0u_w_5s._.js:1945
[  954017ms] [LOG] [Fast Refresh] rebuilding @ http://localhost:3000/_next/static/chunks/node_modules_next_dist_0u_w_5s._.js:1226
[  954626ms] [ERROR] ./src/app/globals.css
Error evaluating Node.js code
CssSyntaxError: tailwindcss: C:\Projects\GWTH_V2\src\app\globals.css:1:1: Invalid code point 16707002
    [at Input.error (turbopack:///[project]/node_modules/postcss/lib/input.js:135:16)]
    [at Root.error (turbopack:///[project]/node_modules/postcss/lib/node.js:146:32)]
    [at Object.Once (C:\Projects\GWTH_V2\node_modules\@tailwindcss\postcss\dist\index.js:10:6911)]
    [at async LazyResult.runAsync (turbopack:///[project]/node_modules/postcss/lib/lazy-result.js:293:11)]
    [at async transform (turbopack:///[turbopack-node]/transforms/postcss.ts:70:34)]
    [at async run (turbopack:///[turbopack-node]/child_process/evaluate.ts:89:23)]

Import trace:
  Client Component Browser:
    ./src/app/globals.css [Client Component Browser]
    ./src/app/layout.tsx [Server Component] @ http://localhost:3000/_next/static/chunks/node_modules_next_dist_0u_w_5s._.js:1945
[  954648ms] [LOG] [Fast Refresh] rebuilding @ http://localhost:3000/_next/static/chunks/node_modules_next_dist_0u_w_5s._.js:1226
[  958910ms] [ERROR] ./src/app/globals.css
Error evaluating Node.js code
CssSyntaxError: tailwindcss: C:\Projects\GWTH_V2\src\app\globals.css:1:1: Invalid code point 16707002
    [at Input.error (turbopack:///[project]/node_modules/postcss/lib/input.js:135:16)]
    [at Root.error (turbopack:///[project]/node_modules/postcss/lib/node.js:146:32)]
    [at Object.Once (C:\Projects\GWTH_V2\node_modules\@tailwindcss\postcss\dist\index.js:10:6911)]
    [at async LazyResult.runAsync (turbopack:///[project]/node_modules/postcss/lib/lazy-result.js:293:11)]
    [at async transform (turbopack:///[turbopack-node]/transforms/postcss.ts:70:34)]
    [at async run (turbopack:///[turbopack-node]/child_process/evaluate.ts:89:23)]

Import trace:
  Client Component Browser:
    ./src/app/globals.css [Client Component Browser]
    ./src/app/layout.tsx [Server Component] @ http://localhost:3000/_next/static/chunks/node_modules_next_dist_0u_w_5s._.js:1945
[  958960ms] [LOG] [Fast Refresh] rebuilding @ http://localhost:3000/_next/static/chunks/node_modules_next_dist_0u_w_5s._.js:1226
[  959115ms] [LOG] [Fast Refresh] rebuilding @ http://localhost:3000/_next/static/chunks/node_modules_next_dist_0u_w_5s._.js:1226
[  959130ms] [ERROR] ./src/app/globals.css
Error evaluating Node.js code
CssSyntaxError: tailwindcss: C:\Projects\GWTH_V2\src\app\globals.css:1:1: Invalid code point 16707002
    [at Input.error (turbopack:///[project]/node_modules/postcss/lib/input.js:135:16)]
    [at Root.error (turbopack:///[project]/node_modules/postcss/lib/node.js:146:32)]
    [at Object.Once (C:\Projects\GWTH_V2\node_modules\@tailwindcss\postcss\dist\index.js:10:6911)]
    [at async LazyResult.runAsync (turbopack:///[project]/node_modules/postcss/lib/lazy-result.js:293:11)]
    [at async transform (turbopack:///[turbopack-node]/transforms/postcss.ts:70:34)]
    [at async run (turbopack:///[turbopack-node]/child_process/evaluate.ts:89:23)]

Import trace:
  Client Component Browser:
    ./src/app/globals.css [Client Component Browser]
    ./src/app/layout.tsx [Server Component] @ http://localhost:3000/_next/static/chunks/node_modules_next_dist_0u_w_5s._.js:1945
[  963146ms] [LOG] [Fast Refresh] rebuilding @ http://localhost:3000/_next/static/chunks/node_modules_next_dist_0u_w_5s._.js:1226
[  963176ms] [ERROR] ./src/app/globals.css
Error evaluating Node.js code
CssSyntaxError: tailwindcss: C:\Projects\GWTH_V2\src\app\globals.css:1:1: Invalid code point 16707002
    [at Input.error (turbopack:///[project]/node_modules/postcss/lib/input.js:135:16)]
    [at Root.error (turbopack:///[project]/node_modules/postcss/lib/node.js:146:32)]
    [at Object.Once (C:\Projects\GWTH_V2\node_modules\@tailwindcss\postcss\dist\index.js:10:6911)]
    [at async LazyResult.runAsync (turbopack:///[project]/node_modules/postcss/lib/lazy-result.js:293:11)]
    [at async transform (turbopack:///[turbopack-node]/transforms/postcss.ts:70:34)]
    [at async run (turbopack:///[turbopack-node]/child_process/evaluate.ts:89:23)]

Import trace:
  Client Component Browser:
    ./src/app/globals.css [Client Component Browser]
    ./src/app/layout.tsx [Server Component] @ http://localhost:3000/_next/static/chunks/node_modules_next_dist_0u_w_5s._.js:1945
[  963763ms] [ERROR] ./src/app/globals.css
Error evaluating Node.js code
CssSyntaxError: tailwindcss: C:\Projects\GWTH_V2\src\app\globals.css:1:1: Invalid code point 16707002
    [at Input.error (turbopack:///[project]/node_modules/postcss/lib/input.js:135:16)]
    [at Root.error (turbopack:///[project]/node_modules/postcss/lib/node.js:146:32)]
    [at Object.Once (C:\Projects\GWTH_V2\node_modules\@tailwindcss\postcss\dist\index.js:10:6911)]
    [at async LazyResult.runAsync (turbopack:///[project]/node_modules/postcss/lib/lazy-result.js:293:11)]
    [at async transform (turbopack:///[turbopack-node]/transforms/postcss.ts:70:34)]
    [at async run (turbopack:///[turbopack-node]/child_process/evaluate.ts:89:23)]

Import trace:
  Client Component Browser:
    ./src/app/globals.css [Client Component Browser]
    ./src/app/layout.tsx [Server Component] @ http://localhost:3000/_next/static/chunks/node_modules_next_dist_0u_w_5s._.js:1945
[  963864ms] [LOG] [Fast Refresh] rebuilding @ http://localhost:3000/_next/static/chunks/node_modules_next_dist_0u_w_5s._.js:1226
[  963879ms] [ERROR] ./src/app/globals.css
Error evaluating Node.js code
CssSyntaxError: tailwindcss: C:\Projects\GWTH_V2\src\app\globals.css:1:1: Invalid code point 16707002
    [at Input.error (turbopack:///[project]/node_modules/postcss/lib/input.js:135:16)]
    [at Root.error (turbopack:///[project]/node_modules/postcss/lib/node.js:146:32)]
    [at Object.Once (C:\Projects\GWTH_V2\node_modules\@tailwindcss\postcss\dist\index.js:10:6911)]
    [at async LazyResult.runAsync (turbopack:///[project]/node_modules/postcss/lib/lazy-result.js:293:11)]
    [at async transform (turbopack:///[turbopack-node]/transforms/postcss.ts:70:34)]
    [at async run (turbopack:///[turbopack-node]/child_process/evaluate.ts:89:23)]

Import trace:
  Client Component Browser:
    ./src/app/globals.css [Client Component Browser]
    ./src/app/layout.tsx [Server Component] @ http://localhost:3000/_next/static/chunks/node_modules_next_dist_0u_w_5s._.js:1945
[  966639ms] [ERROR] ./src/app/globals.css
Error evaluating Node.js code
CssSyntaxError: tailwindcss: C:\Projects\GWTH_V2\src\app\globals.css:1:1: Invalid code point 16707002
    [at Input.error (turbopack:///[project]/node_modules/postcss/lib/input.js:135:16)]
    [at Root.error (turbopack:///[project]/node_modules/postcss/lib/node.js:146:32)]
    [at Object.Once (C:\Projects\GWTH_V2\node_modules\@tailwindcss\postcss\dist\index.js:10:6911)]
    [at async LazyResult.runAsync (turbopack:///[project]/node_modules/postcss/lib/lazy-result.js:293:11)]
    [at async transform (turbopack:///[turbopack-node]/transforms/postcss.ts:70:34)]
    [at async run (turbopack:///[turbopack-node]/child_process/evaluate.ts:89:23)]

Import trace:
  Client Component Browser:
    ./src/app/globals.css [Client Component Browser]
    ./src/app/layout.tsx [Server Component] @ http://localhost:3000/_next/static/chunks/node_modules_next_dist_0u_w_5s._.js:1945
[  966648ms] [LOG] [Fast Refresh] rebuilding @ http://localhost:3000/_next/static/chunks/node_modules_next_dist_0u_w_5s._.js:1226
[  966992ms] [ERROR] ./src/app/globals.css
Error evaluating Node.js code
CssSyntaxError: tailwindcss: C:\Projects\GWTH_V2\src\app\globals.css:1:1: Invalid code point 16707002
    [at Input.error (turbopack:///[project]/node_modules/postcss/lib/input.js:135:16)]
    [at Root.error (turbopack:///[project]/node_modules/postcss/lib/node.js:146:32)]
    [at Object.Once (C:\Projects\GWTH_V2\node_modules\@tailwindcss\postcss\dist\index.js:10:6911)]
    [at async LazyResult.runAsync (turbopack:///[project]/node_modules/postcss/lib/lazy-result.js:293:11)]
    [at async transform (turbopack:///[turbopack-node]/transforms/postcss.ts:70:34)]
    [at async run (turbopack:///[turbopack-node]/child_process/evaluate.ts:89:23)]

Import trace:
  Client Component Browser:
    ./src/app/globals.css [Client Component Browser]
    ./src/app/layout.tsx [Server Component] @ http://localhost:3000/_next/static/chunks/node_modules_next_dist_0u_w_5s._.js:1945
[  967111ms] [LOG] [Fast Refresh] rebuilding @ http://localhost:3000/_next/static/chunks/node_modules_next_dist_0u_w_5s._.js:1226
[  967357ms] [ERROR] ./src/app/globals.css
Error evaluating Node.js code
CssSyntaxError: tailwindcss: C:\Projects\GWTH_V2\src\app\globals.css:1:1: Invalid code point 16707002
    [at Input.error (turbopack:///[project]/node_modules/postcss/lib/input.js:135:16)]
    [at Root.error (turbopack:///[project]/node_modules/postcss/lib/node.js:146:32)]
    [at Object.Once (C:\Projects\GWTH_V2\node_modules\@tailwindcss\postcss\dist\index.js:10:6911)]
    [at async LazyResult.runAsync (turbopack:///[project]/node_modules/postcss/lib/lazy-result.js:293:11)]
    [at async transform (turbopack:///[turbopack-node]/transforms/postcss.ts:70:34)]
    [at async run (turbopack:///[turbopack-node]/child_process/evaluate.ts:89:23)]

Import trace:
  Client Component Browser:
    ./src/app/globals.css [Client Component Browser]
    ./src/app/layout.tsx [Server Component] @ http://localhost:3000/_next/static/chunks/node_modules_next_dist_0u_w_5s._.js:1945
[  970581ms] [ERROR] ./src/app/globals.css
Error evaluating Node.js code
CssSyntaxError: tailwindcss: C:\Projects\GWTH_V2\src\app\globals.css:1:1: Invalid code point 16707002
    [at Input.error (turbopack:///[project]/node_modules/postcss/lib/input.js:135:16)]
    [at Root.error (turbopack:///[project]/node_modules/postcss/lib/node.js:146:32)]
    [at Object.Once (C:\Projects\GWTH_V2\node_modules\@tailwindcss\postcss\dist\index.js:10:6911)]
    [at async LazyResult.runAsync (turbopack:///[project]/node_modules/postcss/lib/lazy-result.js:293:11)]
    [at async transform (turbopack:///[turbopack-node]/transforms/postcss.ts:70:34)]
    [at async run (turbopack:///[turbopack-node]/child_process/evaluate.ts:89:23)]

Import trace:
  Client Component Browser:
    ./src/app/globals.css [Client Component Browser]
    ./src/app/layout.tsx [Server Component] @ http://localhost:3000/_next/static/chunks/node_modules_next_dist_0u_w_5s._.js:1945
[  970610ms] [LOG] [Fast Refresh] rebuilding @ http://localhost:3000/_next/static/chunks/node_modules_next_dist_0u_w_5s._.js:1226
[  971172ms] [ERROR] ./src/app/globals.css
Error evaluating Node.js code
CssSyntaxError: tailwindcss: C:\Projects\GWTH_V2\src\app\globals.css:1:1: Invalid code point 16707002
    [at Input.error (turbopack:///[project]/node_modules/postcss/lib/input.js:135:16)]
    [at Root.error (turbopack:///[project]/node_modules/postcss/lib/node.js:146:32)]
    [at Object.Once (C:\Projects\GWTH_V2\node_modules\@tailwindcss\postcss\dist\index.js:10:6911)]
    [at async LazyResult.runAsync (turbopack:///[project]/node_modules/postcss/lib/lazy-result.js:293:11)]
    [at async transform (turbopack:///[turbopack-node]/transforms/postcss.ts:70:34)]
    [at async run (turbopack:///[turbopack-node]/child_process/evaluate.ts:89:23)]

Import trace:
  Client Component Browser:
    ./src/app/globals.css [Client Component Browser]
    ./src/app/layout.tsx [Server Component] @ http://localhost:3000/_next/static/chunks/node_modules_next_dist_0u_w_5s._.js:1945
[  971191ms] [LOG] [Fast Refresh] rebuilding @ http://localhost:3000/_next/static/chunks/node_modules_next_dist_0u_w_5s._.js:1226
[  973709ms] [ERROR] ./src/app/globals.css
Error evaluating Node.js code
CssSyntaxError: tailwindcss: C:\Projects\GWTH_V2\src\app\globals.css:1:1: Invalid code point 16707002
    [at Input.error (turbopack:///[project]/node_modules/postcss/lib/input.js:135:16)]
    [at Root.error (turbopack:///[project]/node_modules/postcss/lib/node.js:146:32)]
    [at Object.Once (C:\Projects\GWTH_V2\node_modules\@tailwindcss\postcss\dist\index.js:10:6911)]
    [at async LazyResult.runAsync (turbopack:///[project]/node_modules/postcss/lib/lazy-result.js:293:11)]
    [at async transform (turbopack:///[turbopack-node]/transforms/postcss.ts:70:34)]
    [at async run (turbopack:///[turbopack-node]/child_process/evaluate.ts:89:23)]

Import trace:
  Client Component Browser:
    ./src/app/globals.css [Client Component Browser]
    ./src/app/layout.tsx [Server Component] @ http://localhost:3000/_next/static/chunks/node_modules_next_dist_0u_w_5s._.js:1945
[  973737ms] [LOG] [Fast Refresh] rebuilding @ http://localhost:3000/_next/static/chunks/node_modules_next_dist_0u_w_5s._.js:1226
[  974634ms] [ERROR] ./src/app/globals.css
Error evaluating Node.js code
CssSyntaxError: tailwindcss: C:\Projects\GWTH_V2\src\app\globals.css:1:1: Invalid code point 16707002
    [at Input.error (turbopack:///[project]/node_modules/postcss/lib/input.js:135:16)]
    [at Root.error (turbopack:///[project]/node_modules/postcss/lib/node.js:146:32)]
    [at Object.Once (C:\Projects\GWTH_V2\node_modules\@tailwindcss\postcss\dist\index.js:10:6911)]
    [at async LazyResult.runAsync (turbopack:///[project]/node_modules/postcss/lib/lazy-result.js:293:11)]
    [at async transform (turbopack:///[turbopack-node]/transforms/postcss.ts:70:34)]
    [at async run (turbopack:///[turbopack-node]/child_process/evaluate.ts:89:23)]

Import trace:
  Client Component Browser:
    ./src/app/globals.css [Client Component Browser]
    ./src/app/layout.tsx [Server Component] @ http://localhost:3000/_next/static/chunks/node_modules_next_dist_0u_w_5s._.js:1945
[  974650ms] [LOG] [Fast Refresh] rebuilding @ http://localhost:3000/_next/static/chunks/node_modules_next_dist_0u_w_5s._.js:1226
[  978869ms] [ERROR] ./src/app/globals.css
Error evaluating Node.js code
CssSyntaxError: tailwindcss: C:\Projects\GWTH_V2\src\app\globals.css:1:1: Invalid code point 16707002
    [at Input.error (turbopack:///[project]/node_modules/postcss/lib/input.js:135:16)]
    [at Root.error (turbopack:///[project]/node_modules/postcss/lib/node.js:146:32)]
    [at Object.Once (C:\Projects\GWTH_V2\node_modules\@tailwindcss\postcss\dist\index.js:10:6911)]
    [at async LazyResult.runAsync (turbopack:///[project]/node_modules/postcss/lib/lazy-result.js:293:11)]
    [at async transform (turbopack:///[turbopack-node]/transforms/postcss.ts:70:34)]
    [at async run (turbopack:///[turbopack-node]/child_process/evaluate.ts:89:23)]

Import trace:
  Client Component Browser:
    ./src/app/globals.css [Client Component Browser]
    ./src/app/layout.tsx [Server Component] @ http://localhost:3000/_next/static/chunks/node_modules_next_dist_0u_w_5s._.js:1945
[  978919ms] [LOG] [Fast Refresh] rebuilding @ http://localhost:3000/_next/static/chunks/node_modules_next_dist_0u_w_5s._.js:1226
[  980790ms] [ERROR] ./src/app/globals.css
Error evaluating Node.js code
CssSyntaxError: tailwindcss: C:\Projects\GWTH_V2\src\app\globals.css:1:1: Invalid code point 16707002
    [at Input.error (turbopack:///[project]/node_modules/postcss/lib/input.js:135:16)]
    [at Root.error (turbopack:///[project]/node_modules/postcss/lib/node.js:146:32)]
    [at Object.Once (C:\Projects\GWTH_V2\node_modules\@tailwindcss\postcss\dist\index.js:10:6911)]
    [at async LazyResult.runAsync (turbopack:///[project]/node_modules/postcss/lib/lazy-result.js:293:11)]
    [at async transform (turbopack:///[turbopack-node]/transforms/postcss.ts:70:34)]
    [at async run (turbopack:///[turbopack-node]/child_process/evaluate.ts:89:23)]

Import trace:
  Client Component Browser:
    ./src/app/globals.css [Client Component Browser]
    ./src/app/layout.tsx [Server Component] @ http://localhost:3000/_next/static/chunks/node_modules_next_dist_0u_w_5s._.js:1945
[  980793ms] [LOG] [Fast Refresh] rebuilding @ http://localhost:3000/_next/static/chunks/node_modules_next_dist_0u_w_5s._.js:1226
[  984392ms] [ERROR] ./src/app/globals.css
Error evaluating Node.js code
CssSyntaxError: tailwindcss: C:\Projects\GWTH_V2\src\app\globals.css:1:1: Invalid code point 16707002
    [at Input.error (turbopack:///[project]/node_modules/postcss/lib/input.js:135:16)]
    [at Root.error (turbopack:///[project]/node_modules/postcss/lib/node.js:146:32)]
    [at Object.Once (C:\Projects\GWTH_V2\node_modules\@tailwindcss\postcss\dist\index.js:10:6911)]
    [at async LazyResult.runAsync (turbopack:///[project]/node_modules/postcss/lib/lazy-result.js:293:11)]
    [at async transform (turbopack:///[turbopack-node]/transforms/postcss.ts:70:34)]
    [at async run (turbopack:///[turbopack-node]/child_process/evaluate.ts:89:23)]

Import trace:
  Client Component Browser:
    ./src/app/globals.css [Client Component Browser]
    ./src/app/layout.tsx [Server Component] @ http://localhost:3000/_next/static/chunks/node_modules_next_dist_0u_w_5s._.js:1945
[  984437ms] [LOG] [Fast Refresh] rebuilding @ http://localhost:3000/_next/static/chunks/node_modules_next_dist_0u_w_5s._.js:1226
[  985383ms] [ERROR] ./src/app/globals.css
Error evaluating Node.js code
CssSyntaxError: tailwindcss: C:\Projects\GWTH_V2\src\app\globals.css:1:1: Invalid code point 16707002
    [at Input.error (turbopack:///[project]/node_modules/postcss/lib/input.js:135:16)]
    [at Root.error (turbopack:///[project]/node_modules/postcss/lib/node.js:146:32)]
    [at Object.Once (C:\Projects\GWTH_V2\node_modules\@tailwindcss\postcss\dist\index.js:10:6911)]
    [at async LazyResult.runAsync (turbopack:///[project]/node_modules/postcss/lib/lazy-result.js:293:11)]
    [at async transform (turbopack:///[turbopack-node]/transforms/postcss.ts:70:34)]
    [at async run (turbopack:///[turbopack-node]/child_process/evaluate.ts:89:23)]

Import trace:
  Client Component Browser:
    ./src/app/globals.css [Client Component Browser]
    ./src/app/layout.tsx [Server Component] @ http://localhost:3000/_next/static/chunks/node_modules_next_dist_0u_w_5s._.js:1945
[  985437ms] [LOG] [Fast Refresh] rebuilding @ http://localhost:3000/_next/static/chunks/node_modules_next_dist_0u_w_5s._.js:1226
[  987617ms] [ERROR] ./src/app/globals.css
Error evaluating Node.js code
CssSyntaxError: tailwindcss: C:\Projects\GWTH_V2\src\app\globals.css:1:1: Invalid code point 16707002
    [at Input.error (turbopack:///[project]/node_modules/postcss/lib/input.js:135:16)]
    [at Root.error (turbopack:///[project]/node_modules/postcss/lib/node.js:146:32)]
    [at Object.Once (C:\Projects\GWTH_V2\node_modules\@tailwindcss\postcss\dist\index.js:10:6911)]
    [at async LazyResult.runAsync (turbopack:///[project]/node_modules/postcss/lib/lazy-result.js:293:11)]
    [at async transform (turbopack:///[turbopack-node]/transforms/postcss.ts:70:34)]
    [at async run (turbopack:///[turbopack-node]/child_process/evaluate.ts:89:23)]

Import trace:
  Client Component Browser:
    ./src/app/globals.css [Client Component Browser]
    ./src/app/layout.tsx [Server Component] @ http://localhost:3000/_next/static/chunks/node_modules_next_dist_0u_w_5s._.js:1945
[  987674ms] [LOG] [Fast Refresh] rebuilding @ http://localhost:3000/_next/static/chunks/node_modules_next_dist_0u_w_5s._.js:1226
[  989702ms] [ERROR] ./src/app/globals.css
Error evaluating Node.js code
CssSyntaxError: tailwindcss: C:\Projects\GWTH_V2\src\app\globals.css:1:1: Invalid code point 16707002
    [at Input.error (turbopack:///[project]/node_modules/postcss/lib/input.js:135:16)]
    [at Root.error (turbopack:///[project]/node_modules/postcss/lib/node.js:146:32)]
    [at Object.Once (C:\Projects\GWTH_V2\node_modules\@tailwindcss\postcss\dist\index.js:10:6911)]
    [at async LazyResult.runAsync (turbopack:///[project]/node_modules/postcss/lib/lazy-result.js:293:11)]
    [at async transform (turbopack:///[turbopack-node]/transforms/postcss.ts:70:34)]
    [at async run (turbopack:///[turbopack-node]/child_process/evaluate.ts:89:23)]

Import trace:
  Client Component Browser:
    ./src/app/globals.css [Client Component Browser]
    ./src/app/layout.tsx [Server Component] @ http://localhost:3000/_next/static/chunks/node_modules_next_dist_0u_w_5s._.js:1945
[  989756ms] [LOG] [Fast Refresh] rebuilding @ http://localhost:3000/_next/static/chunks/node_modules_next_dist_0u_w_5s._.js:1226
[  990502ms] [ERROR] ./src/app/globals.css
Error evaluating Node.js code
CssSyntaxError: tailwindcss: C:\Projects\GWTH_V2\src\app\globals.css:1:1: Invalid code point 16707002
    [at Input.error (turbopack:///[project]/node_modules/postcss/lib/input.js:135:16)]
    [at Root.error (turbopack:///[project]/node_modules/postcss/lib/node.js:146:32)]
    [at Object.Once (C:\Projects\GWTH_V2\node_modules\@tailwindcss\postcss\dist\index.js:10:6911)]
    [at async LazyResult.runAsync (turbopack:///[project]/node_modules/postcss/lib/lazy-result.js:293:11)]
    [at async transform (turbopack:///[turbopack-node]/transforms/postcss.ts:70:34)]
    [at async run (turbopack:///[turbopack-node]/child_process/evaluate.ts:89:23)]

Import trace:
  Client Component Browser:
    ./src/app/globals.css [Client Component Browser]
    ./src/app/layout.tsx [Server Component] @ http://localhost:3000/_next/static/chunks/node_modules_next_dist_0u_w_5s._.js:1945
[  990560ms] [LOG] [Fast Refresh] rebuilding @ http://localhost:3000/_next/static/chunks/node_modules_next_dist_0u_w_5s._.js:1226
[  992697ms] [ERROR] ./src/app/globals.css
Error evaluating Node.js code
CssSyntaxError: tailwindcss: C:\Projects\GWTH_V2\src\app\globals.css:1:1: Invalid code point 16707002
    [at Input.error (turbopack:///[project]/node_modules/postcss/lib/input.js:135:16)]
    [at Root.error (turbopack:///[project]/node_modules/postcss/lib/node.js:146:32)]
    [at Object.Once (C:\Projects\GWTH_V2\node_modules\@tailwindcss\postcss\dist\index.js:10:6911)]
    [at async LazyResult.runAsync (turbopack:///[project]/node_modules/postcss/lib/lazy-result.js:293:11)]
    [at async transform (turbopack:///[turbopack-node]/transforms/postcss.ts:70:34)]
    [at async run (turbopack:///[turbopack-node]/child_process/evaluate.ts:89:23)]

Import trace:
  Client Component Browser:
    ./src/app/globals.css [Client Component Browser]
    ./src/app/layout.tsx [Server Component] @ http://localhost:3000/_next/static/chunks/node_modules_next_dist_0u_w_5s._.js:1945
[  992739ms] [LOG] [Fast Refresh] rebuilding @ http://localhost:3000/_next/static/chunks/node_modules_next_dist_0u_w_5s._.js:1226
[  993042ms] [ERROR] ./src/app/globals.css
Error evaluating Node.js code
CssSyntaxError: tailwindcss: C:\Projects\GWTH_V2\src\app\globals.css:1:1: Invalid code point 16707002
    [at Input.error (turbopack:///[project]/node_modules/postcss/lib/input.js:135:16)]
    [at Root.error (turbopack:///[project]/node_modules/postcss/lib/node.js:146:32)]
    [at Object.Once (C:\Projects\GWTH_V2\node_modules\@tailwindcss\postcss\dist\index.js:10:6911)]
    [at async LazyResult.runAsync (turbopack:///[project]/node_modules/postcss/lib/lazy-result.js:293:11)]
    [at async transform (turbopack:///[turbopack-node]/transforms/postcss.ts:70:34)]
    [at async run (turbopack:///[turbopack-node]/child_process/evaluate.ts:89:23)]

Import trace:
  Client Component Browser:
    ./src/app/globals.css [Client Component Browser]
    ./src/app/layout.tsx [Server Component] @ http://localhost:3000/_next/static/chunks/node_modules_next_dist_0u_w_5s._.js:1945
[  993090ms] [LOG] [Fast Refresh] rebuilding @ http://localhost:3000/_next/static/chunks/node_modules_next_dist_0u_w_5s._.js:1226
[  995328ms] [ERROR] ./src/app/globals.css
Error evaluating Node.js code
CssSyntaxError: tailwindcss: C:\Projects\GWTH_V2\src\app\globals.css:1:1: Invalid code point 16707002
    [at Input.error (turbopack:///[project]/node_modules/postcss/lib/input.js:135:16)]
    [at Root.error (turbopack:///[project]/node_modules/postcss/lib/node.js:146:32)]
    [at Object.Once (C:\Projects\GWTH_V2\node_modules\@tailwindcss\postcss\dist\index.js:10:6911)]
    [at async LazyResult.runAsync (turbopack:///[project]/node_modules/postcss/lib/lazy-result.js:293:11)]
    [at async transform (turbopack:///[turbopack-node]/transforms/postcss.ts:70:34)]
    [at async run (turbopack:///[turbopack-node]/child_process/evaluate.ts:89:23)]

Import trace:
  Client Component Browser:
    ./src/app/globals.css [Client Component Browser]
    ./src/app/layout.tsx [Server Component] @ http://localhost:3000/_next/static/chunks/node_modules_next_dist_0u_w_5s._.js:1945
[  995379ms] [LOG] [Fast Refresh] rebuilding @ http://localhost:3000/_next/static/chunks/node_modules_next_dist_0u_w_5s._.js:1226
[  995530ms] [ERROR] ./src/app/globals.css
Error evaluating Node.js code
CssSyntaxError: tailwindcss: C:\Projects\GWTH_V2\src\app\globals.css:1:1: Invalid code point 16707002
    [at Input.error (turbopack:///[project]/node_modules/postcss/lib/input.js:135:16)]
    [at Root.error (turbopack:///[project]/node_modules/postcss/lib/node.js:146:32)]
    [at Object.Once (C:\Projects\GWTH_V2\node_modules\@tailwindcss\postcss\dist\index.js:10:6911)]
    [at async LazyResult.runAsync (turbopack:///[project]/node_modules/postcss/lib/lazy-result.js:293:11)]
    [at async transform (turbopack:///[turbopack-node]/transforms/postcss.ts:70:34)]
    [at async run (turbopack:///[turbopack-node]/child_process/evaluate.ts:89:23)]

Import trace:
  Client Component Browser:
    ./src/app/globals.css [Client Component Browser]
    ./src/app/layout.tsx [Server Component] @ http://localhost:3000/_next/static/chunks/node_modules_next_dist_0u_w_5s._.js:1945
[  995573ms] [LOG] [Fast Refresh] rebuilding @ http://localhost:3000/_next/static/chunks/node_modules_next_dist_0u_w_5s._.js:1226
[  997970ms] [ERROR] ./src/app/globals.css
Error evaluating Node.js code
CssSyntaxError: tailwindcss: C:\Projects\GWTH_V2\src\app\globals.css:1:1: Invalid code point 16707002
    [at Input.error (turbopack:///[project]/node_modules/postcss/lib/input.js:135:16)]
    [at Root.error (turbopack:///[project]/node_modules/postcss/lib/node.js:146:32)]
    [at Object.Once (C:\Projects\GWTH_V2\node_modules\@tailwindcss\postcss\dist\index.js:10:6911)]
    [at async LazyResult.runAsync (turbopack:///[project]/node_modules/postcss/lib/lazy-result.js:293:11)]
    [at async transform (turbopack:///[turbopack-node]/transforms/postcss.ts:70:34)]
    [at async run (turbopack:///[turbopack-node]/child_process/evaluate.ts:89:23)]

Import trace:
  Client Component Browser:
    ./src/app/globals.css [Client Component Browser]
    ./src/app/layout.tsx [Server Component] @ http://localhost:3000/_next/static/chunks/node_modules_next_dist_0u_w_5s._.js:1945
[  998027ms] [LOG] [Fast Refresh] rebuilding @ http://localhost:3000/_next/static/chunks/node_modules_next_dist_0u_w_5s._.js:1226
[  998155ms] [ERROR] ./src/app/globals.css
Error evaluating Node.js code
CssSyntaxError: tailwindcss: C:\Projects\GWTH_V2\src\app\globals.css:1:1: Invalid code point 16707002
    [at Input.error (turbopack:///[project]/node_modules/postcss/lib/input.js:135:16)]
    [at Root.error (turbopack:///[project]/node_modules/postcss/lib/node.js:146:32)]
    [at Object.Once (C:\Projects\GWTH_V2\node_modules\@tailwindcss\postcss\dist\index.js:10:6911)]
    [at async LazyResult.runAsync (turbopack:///[project]/node_modules/postcss/lib/lazy-result.js:293:11)]
    [at async transform (turbopack:///[turbopack-node]/transforms/postcss.ts:70:34)]
    [at async run (turbopack:///[turbopack-node]/child_process/evaluate.ts:89:23)]

Import trace:
  Client Component Browser:
    ./src/app/globals.css [Client Component Browser]
    ./src/app/layout.tsx [Server Component] @ http://localhost:3000/_next/static/chunks/node_modules_next_dist_0u_w_5s._.js:1945
[  998206ms] [LOG] [Fast Refresh] rebuilding @ http://localhost:3000/_next/static/chunks/node_modules_next_dist_0u_w_5s._.js:1226
[ 1001215ms] [ERROR] ./src/app/globals.css
Error evaluating Node.js code
CssSyntaxError: tailwindcss: C:\Projects\GWTH_V2\src\app\globals.css:1:1: Invalid code point 16707002
    [at Input.error (turbopack:///[project]/node_modules/postcss/lib/input.js:135:16)]
    [at Root.error (turbopack:///[project]/node_modules/postcss/lib/node.js:146:32)]
    [at Object.Once (C:\Projects\GWTH_V2\node_modules\@tailwindcss\postcss\dist\index.js:10:6911)]
    [at async LazyResult.runAsync (turbopack:///[project]/node_modules/postcss/lib/lazy-result.js:293:11)]
    [at async transform (turbopack:///[turbopack-node]/transforms/postcss.ts:70:34)]
    [at async run (turbopack:///[turbopack-node]/child_process/evaluate.ts:89:23)]

Import trace:
  Client Component Browser:
    ./src/app/globals.css [Client Component Browser]
    ./src/app/layout.tsx [Server Component] @ http://localhost:3000/_next/static/chunks/node_modules_next_dist_0u_w_5s._.js:1945
[ 1001276ms] [LOG] [Fast Refresh] rebuilding @ http://localhost:3000/_next/static/chunks/node_modules_next_dist_0u_w_5s._.js:1226
[ 1001504ms] [ERROR] ./src/app/globals.css
Error evaluating Node.js code
CssSyntaxError: tailwindcss: C:\Projects\GWTH_V2\src\app\globals.css:1:1: Invalid code point 16707002
    [at Input.error (turbopack:///[project]/node_modules/postcss/lib/input.js:135:16)]
    [at Root.error (turbopack:///[project]/node_modules/postcss/lib/node.js:146:32)]
    [at Object.Once (C:\Projects\GWTH_V2\node_modules\@tailwindcss\postcss\dist\index.js:10:6911)]
    [at async LazyResult.runAsync (turbopack:///[project]/node_modules/postcss/lib/lazy-result.js:293:11)]
    [at async transform (turbopack:///[turbopack-node]/transforms/postcss.ts:70:34)]
    [at async run (turbopack:///[turbopack-node]/child_process/evaluate.ts:89:23)]

Import trace:
  Client Component Browser:
    ./src/app/globals.css [Client Component Browser]
    ./src/app/layout.tsx [Server Component] @ http://localhost:3000/_next/static/chunks/node_modules_next_dist_0u_w_5s._.js:1945
[ 1001532ms] [LOG] [Fast Refresh] rebuilding @ http://localhost:3000/_next/static/chunks/node_modules_next_dist_0u_w_5s._.js:1226
[ 1004506ms] [ERROR] ./src/app/globals.css
Error evaluating Node.js code
CssSyntaxError: tailwindcss: C:\Projects\GWTH_V2\src\app\globals.css:1:1: Invalid code point 16707002
    [at Input.error (turbopack:///[project]/node_modules/postcss/lib/input.js:135:16)]
    [at Root.error (turbopack:///[project]/node_modules/postcss/lib/node.js:146:32)]
    [at Object.Once (C:\Projects\GWTH_V2\node_modules\@tailwindcss\postcss\dist\index.js:10:6911)]
    [at async LazyResult.runAsync (turbopack:///[project]/node_modules/postcss/lib/lazy-result.js:293:11)]
    [at async transform (turbopack:///[turbopack-node]/transforms/postcss.ts:70:34)]
    [at async run (turbopack:///[turbopack-node]/child_process/evaluate.ts:89:23)]

Import trace:
  Client Component Browser:
    ./src/app/globals.css [Client Component Browser]
    ./src/app/layout.tsx [Server Component] @ http://localhost:3000/_next/static/chunks/node_modules_next_dist_0u_w_5s._.js:1945
[ 1004559ms] [LOG] [Fast Refresh] rebuilding @ http://localhost:3000/_next/static/chunks/node_modules_next_dist_0u_w_5s._.js:1226
[ 1004642ms] [ERROR] ./src/app/globals.css
Error evaluating Node.js code
CssSyntaxError: tailwindcss: C:\Projects\GWTH_V2\src\app\globals.css:1:1: Invalid code point 16707002
    [at Input.error (turbopack:///[project]/node_modules/postcss/lib/input.js:135:16)]
    [at Root.error (turbopack:///[project]/node_modules/postcss/lib/node.js:146:32)]
    [at Object.Once (C:\Projects\GWTH_V2\node_modules\@tailwindcss\postcss\dist\index.js:10:6911)]
    [at async LazyResult.runAsync (turbopack:///[project]/node_modules/postcss/lib/lazy-result.js:293:11)]
    [at async transform (turbopack:///[turbopack-node]/transforms/postcss.ts:70:34)]
    [at async run (turbopack:///[turbopack-node]/child_process/evaluate.ts:89:23)]

Import trace:
  Client Component Browser:
    ./src/app/globals.css [Client Component Browser]
    ./src/app/layout.tsx [Server Component] @ http://localhost:3000/_next/static/chunks/node_modules_next_dist_0u_w_5s._.js:1945
[ 1004690ms] [LOG] [Fast Refresh] rebuilding @ http://localhost:3000/_next/static/chunks/node_modules_next_dist_0u_w_5s._.js:1226
[ 1008799ms] [ERROR] ./src/app/globals.css
Error evaluating Node.js code
CssSyntaxError: tailwindcss: C:\Projects\GWTH_V2\src\app\globals.css:1:1: Invalid code point 16707002
    [at Input.error (turbopack:///[project]/node_modules/postcss/lib/input.js:135:16)]
    [at Root.error (turbopack:///[project]/node_modules/postcss/lib/node.js:146:32)]
    [at Object.Once (C:\Projects\GWTH_V2\node_modules\@tailwindcss\postcss\dist\index.js:10:6911)]
    [at async LazyResult.runAsync (turbopack:///[project]/node_modules/postcss/lib/lazy-result.js:293:11)]
    [at async transform (turbopack:///[turbopack-node]/transforms/postcss.ts:70:34)]
    [at async run (turbopack:///[turbopack-node]/child_process/evaluate.ts:89:23)]

Import trace:
  Client Component Browser:
    ./src/app/globals.css [Client Component Browser]
    ./src/app/layout.tsx [Server Component] @ http://localhost:3000/_next/static/chunks/node_modules_next_dist_0u_w_5s._.js:1945
[ 1008850ms] [LOG] [Fast Refresh] rebuilding @ http://localhost:3000/_next/static/chunks/node_modules_next_dist_0u_w_5s._.js:1226
[ 1008913ms] [ERROR] ./src/app/globals.css
Error evaluating Node.js code
CssSyntaxError: tailwindcss: C:\Projects\GWTH_V2\src\app\globals.css:1:1: Invalid code point 16707002
    [at Input.error (turbopack:///[project]/node_modules/postcss/lib/input.js:135:16)]
    [at Root.error (turbopack:///[project]/node_modules/postcss/lib/node.js:146:32)]
    [at Object.Once (C:\Projects\GWTH_V2\node_modules\@tailwindcss\postcss\dist\index.js:10:6911)]
    [at async LazyResult.runAsync (turbopack:///[project]/node_modules/postcss/lib/lazy-result.js:293:11)]
    [at async transform (turbopack:///[turbopack-node]/transforms/postcss.ts:70:34)]
    [at async run (turbopack:///[turbopack-node]/child_process/evaluate.ts:89:23)]

Import trace:
  Client Component Browser:
    ./src/app/globals.css [Client Component Browser]
    ./src/app/layout.tsx [Server Component] @ http://localhost:3000/_next/static/chunks/node_modules_next_dist_0u_w_5s._.js:1945
[ 1008960ms] [LOG] [Fast Refresh] rebuilding @ http://localhost:3000/_next/static/chunks/node_modules_next_dist_0u_w_5s._.js:1226
[ 1014075ms] [ERROR] ./src/app/globals.css
Error evaluating Node.js code
CssSyntaxError: tailwindcss: C:\Projects\GWTH_V2\src\app\globals.css:1:1: Invalid code point 16707002
    [at Input.error (turbopack:///[project]/node_modules/postcss/lib/input.js:135:16)]
    [at Root.error (turbopack:///[project]/node_modules/postcss/lib/node.js:146:32)]
    [at Object.Once (C:\Projects\GWTH_V2\node_modules\@tailwindcss\postcss\dist\index.js:10:6911)]
    [at async LazyResult.runAsync (turbopack:///[project]/node_modules/postcss/lib/lazy-result.js:293:11)]
    [at async transform (turbopack:///[turbopack-node]/transforms/postcss.ts:70:34)]
    [at async run (turbopack:///[turbopack-node]/child_process/evaluate.ts:89:23)]

Import trace:
  Client Component Browser:
    ./src/app/globals.css [Client Component Browser]
    ./src/app/layout.tsx [Server Component] @ http://localhost:3000/_next/static/chunks/node_modules_next_dist_0u_w_5s._.js:1945
[ 1014118ms] [LOG] [Fast Refresh] rebuilding @ http://localhost:3000/_next/static/chunks/node_modules_next_dist_0u_w_5s._.js:1226
[ 1014451ms] [LOG] [Fast Refresh] rebuilding @ http://localhost:3000/_next/static/chunks/node_modules_next_dist_0u_w_5s._.js:1226
[ 1014525ms] [ERROR] ./src/app/globals.css
Error evaluating Node.js code
CssSyntaxError: tailwindcss: C:\Projects\GWTH_V2\src\app\globals.css:1:1: Invalid code point 16707002
    [at Input.error (turbopack:///[project]/node_modules/postcss/lib/input.js:135:16)]
    [at Root.error (turbopack:///[project]/node_modules/postcss/lib/node.js:146:32)]
    [at Object.Once (C:\Projects\GWTH_V2\node_modules\@tailwindcss\postcss\dist\index.js:10:6911)]
    [at async LazyResult.runAsync (turbopack:///[project]/node_modules/postcss/lib/lazy-result.js:293:11)]
    [at async transform (turbopack:///[turbopack-node]/transforms/postcss.ts:70:34)]
    [at async run (turbopack:///[turbopack-node]/child_process/evaluate.ts:89:23)]

Import trace:
  Client Component Browser:
    ./src/app/globals.css [Client Component Browser]
    ./src/app/layout.tsx [Server Component] @ http://localhost:3000/_next/static/chunks/node_modules_next_dist_0u_w_5s._.js:1945
[ 1017710ms] [ERROR] ./src/app/globals.css
Error evaluating Node.js code
CssSyntaxError: tailwindcss: C:\Projects\GWTH_V2\src\app\globals.css:1:1: Invalid code point 16707002
    [at Input.error (turbopack:///[project]/node_modules/postcss/lib/input.js:135:16)]
    [at Root.error (turbopack:///[project]/node_modules/postcss/lib/node.js:146:32)]
    [at Object.Once (C:\Projects\GWTH_V2\node_modules\@tailwindcss\postcss\dist\index.js:10:6911)]
    [at async LazyResult.runAsync (turbopack:///[project]/node_modules/postcss/lib/lazy-result.js:293:11)]
    [at async transform (turbopack:///[turbopack-node]/transforms/postcss.ts:70:34)]
    [at async run (turbopack:///[turbopack-node]/child_process/evaluate.ts:89:23)]

Import trace:
  Client Component Browser:
    ./src/app/globals.css [Client Component Browser]
    ./src/app/layout.tsx [Server Component] @ http://localhost:3000/_next/static/chunks/node_modules_next_dist_0u_w_5s._.js:1945
[ 1017771ms] [LOG] [Fast Refresh] rebuilding @ http://localhost:3000/_next/static/chunks/node_modules_next_dist_0u_w_5s._.js:1226
[ 1018292ms] [ERROR] ./src/app/globals.css
Error evaluating Node.js code
CssSyntaxError: tailwindcss: C:\Projects\GWTH_V2\src\app\globals.css:1:1: Invalid code point 16707002
    [at Input.error (turbopack:///[project]/node_modules/postcss/lib/input.js:135:16)]
    [at Root.error (turbopack:///[project]/node_modules/postcss/lib/node.js:146:32)]
    [at Object.Once (C:\Projects\GWTH_V2\node_modules\@tailwindcss\postcss\dist\index.js:10:6911)]
    [at async LazyResult.runAsync (turbopack:///[project]/node_modules/postcss/lib/lazy-result.js:293:11)]
    [at async transform (turbopack:///[turbopack-node]/transforms/postcss.ts:70:34)]
    [at async run (turbopack:///[turbopack-node]/child_process/evaluate.ts:89:23)]

Import trace:
  Client Component Browser:
    ./src/app/globals.css [Client Component Browser]
    ./src/app/layout.tsx [Server Component] @ http://localhost:3000/_next/static/chunks/node_modules_next_dist_0u_w_5s._.js:1945
[ 1018297ms] [LOG] [Fast Refresh] rebuilding @ http://localhost:3000/_next/static/chunks/node_modules_next_dist_0u_w_5s._.js:1226
[ 1019622ms] [ERROR] ./src/app/globals.css
Error evaluating Node.js code
CssSyntaxError: tailwindcss: C:\Projects\GWTH_V2\src\app\globals.css:1:1: Invalid code point 16707002
    [at Input.error (turbopack:///[project]/node_modules/postcss/lib/input.js:135:16)]
    [at Root.error (turbopack:///[project]/node_modules/postcss/lib/node.js:146:32)]
    [at Object.Once (C:\Projects\GWTH_V2\node_modules\@tailwindcss\postcss\dist\index.js:10:6911)]
    [at async LazyResult.runAsync (turbopack:///[project]/node_modules/postcss/lib/lazy-result.js:293:11)]
    [at async transform (turbopack:///[turbopack-node]/transforms/postcss.ts:70:34)]
    [at async run (turbopack:///[turbopack-node]/child_process/evaluate.ts:89:23)]

Import trace:
  Client Component Browser:
    ./src/app/globals.css [Client Component Browser]
    ./src/app/layout.tsx [Server Component] @ http://localhost:3000/_next/static/chunks/node_modules_next_dist_0u_w_5s._.js:1945
[ 1019667ms] [LOG] [Fast Refresh] rebuilding @ http://localhost:3000/_next/static/chunks/node_modules_next_dist_0u_w_5s._.js:1226
[ 1020257ms] [ERROR] ./src/app/globals.css
Error evaluating Node.js code
CssSyntaxError: tailwindcss: C:\Projects\GWTH_V2\src\app\globals.css:1:1: Invalid code point 16707002
    [at Input.error (turbopack:///[project]/node_modules/postcss/lib/input.js:135:16)]
    [at Root.error (turbopack:///[project]/node_modules/postcss/lib/node.js:146:32)]
    [at Object.Once (C:\Projects\GWTH_V2\node_modules\@tailwindcss\postcss\dist\index.js:10:6911)]
    [at async LazyResult.runAsync (turbopack:///[project]/node_modules/postcss/lib/lazy-result.js:293:11)]
    [at async transform (turbopack:///[turbopack-node]/transforms/postcss.ts:70:34)]
    [at async run (turbopack:///[turbopack-node]/child_process/evaluate.ts:89:23)]

Import trace:
  Client Component Browser:
    ./src/app/globals.css [Client Component Browser]
    ./src/app/layout.tsx [Server Component] @ http://localhost:3000/_next/static/chunks/node_modules_next_dist_0u_w_5s._.js:1945
[ 1020320ms] [LOG] [Fast Refresh] rebuilding @ http://localhost:3000/_next/static/chunks/node_modules_next_dist_0u_w_5s._.js:1226
[ 1020620ms] [ERROR] ./src/app/globals.css
Error evaluating Node.js code
CssSyntaxError: tailwindcss: C:\Projects\GWTH_V2\src\app\globals.css:1:1: Invalid code point 16707002
    [at Input.error (turbopack:///[project]/node_modules/postcss/lib/input.js:135:16)]
    [at Root.error (turbopack:///[project]/node_modules/postcss/lib/node.js:146:32)]
    [at Object.Once (C:\Projects\GWTH_V2\node_modules\@tailwindcss\postcss\dist\index.js:10:6911)]
    [at async LazyResult.runAsync (turbopack:///[project]/node_modules/postcss/lib/lazy-result.js:293:11)]
    [at async transform (turbopack:///[turbopack-node]/transforms/postcss.ts:70:34)]
    [at async run (turbopack:///[turbopack-node]/child_process/evaluate.ts:89:23)]

Import trace:
  Client Component Browser:
    ./src/app/globals.css [Client Component Browser]
    ./src/app/layout.tsx [Server Component] @ http://localhost:3000/_next/static/chunks/node_modules_next_dist_0u_w_5s._.js:1945
[ 1020655ms] [LOG] [Fast Refresh] rebuilding @ http://localhost:3000/_next/static/chunks/node_modules_next_dist_0u_w_5s._.js:1226
[ 1021618ms] [ERROR] ./src/app/globals.css
Error evaluating Node.js code
CssSyntaxError: tailwindcss: C:\Projects\GWTH_V2\src\app\globals.css:1:1: Invalid code point 16707002
    [at Input.error (turbopack:///[project]/node_modules/postcss/lib/input.js:135:16)]
    [at Root.error (turbopack:///[project]/node_modules/postcss/lib/node.js:146:32)]
    [at Object.Once (C:\Projects\GWTH_V2\node_modules\@tailwindcss\postcss\dist\index.js:10:6911)]
    [at async LazyResult.runAsync (turbopack:///[project]/node_modules/postcss/lib/lazy-result.js:293:11)]
    [at async transform (turbopack:///[turbopack-node]/transforms/postcss.ts:70:34)]
    [at async run (turbopack:///[turbopack-node]/child_process/evaluate.ts:89:23)]

Import trace:
  Client Component Browser:
    ./src/app/globals.css [Client Component Browser]
    ./src/app/layout.tsx [Server Component] @ http://localhost:3000/_next/static/chunks/node_modules_next_dist_0u_w_5s._.js:1945
[ 1021636ms] [LOG] [Fast Refresh] rebuilding @ http://localhost:3000/_next/static/chunks/node_modules_next_dist_0u_w_5s._.js:1226
[ 1023056ms] [ERROR] ./src/app/globals.css
Error evaluating Node.js code
CssSyntaxError: tailwindcss: C:\Projects\GWTH_V2\src\app\globals.css:1:1: Invalid code point 16707002
    [at Input.error (turbopack:///[project]/node_modules/postcss/lib/input.js:135:16)]
    [at Root.error (turbopack:///[project]/node_modules/postcss/lib/node.js:146:32)]
    [at Object.Once (C:\Projects\GWTH_V2\node_modules\@tailwindcss\postcss\dist\index.js:10:6911)]
    [at async LazyResult.runAsync (turbopack:///[project]/node_modules/postcss/lib/lazy-result.js:293:11)]
    [at async transform (turbopack:///[turbopack-node]/transforms/postcss.ts:70:34)]
    [at async run (turbopack:///[turbopack-node]/child_process/evaluate.ts:89:23)]

Import trace:
  Client Component Browser:
    ./src/app/globals.css [Client Component Browser]
    ./src/app/layout.tsx [Server Component] @ http://localhost:3000/_next/static/chunks/node_modules_next_dist_0u_w_5s._.js:1945
[ 1023116ms] [LOG] [Fast Refresh] rebuilding @ http://localhost:3000/_next/static/chunks/node_modules_next_dist_0u_w_5s._.js:1226
[ 1024535ms] [ERROR] ./src/app/globals.css
Error evaluating Node.js code
CssSyntaxError: tailwindcss: C:\Projects\GWTH_V2\src\app\globals.css:1:1: Invalid code point 16707002
    [at Input.error (turbopack:///[project]/node_modules/postcss/lib/input.js:135:16)]
    [at Root.error (turbopack:///[project]/node_modules/postcss/lib/node.js:146:32)]
    [at Object.Once (C:\Projects\GWTH_V2\node_modules\@tailwindcss\postcss\dist\index.js:10:6911)]
    [at async LazyResult.runAsync (turbopack:///[project]/node_modules/postcss/lib/lazy-result.js:293:11)]
    [at async transform (turbopack:///[turbopack-node]/transforms/postcss.ts:70:34)]
    [at async run (turbopack:///[turbopack-node]/child_process/evaluate.ts:89:23)]

Import trace:
  Client Component Browser:
    ./src/app/globals.css [Client Component Browser]
    ./src/app/layout.tsx [Server Component] @ http://localhost:3000/_next/static/chunks/node_modules_next_dist_0u_w_5s._.js:1945
[ 1024580ms] [LOG] [Fast Refresh] rebuilding @ http://localhost:3000/_next/static/chunks/node_modules_next_dist_0u_w_5s._.js:1226
[ 1025362ms] [ERROR] ./src/app/globals.css
Error evaluating Node.js code
CssSyntaxError: tailwindcss: C:\Projects\GWTH_V2\src\app\globals.css:1:1: Invalid code point 16707002
    [at Input.error (turbopack:///[project]/node_modules/postcss/lib/input.js:135:16)]
    [at Root.error (turbopack:///[project]/node_modules/postcss/lib/node.js:146:32)]
    [at Object.Once (C:\Projects\GWTH_V2\node_modules\@tailwindcss\postcss\dist\index.js:10:6911)]
    [at async LazyResult.runAsync (turbopack:///[project]/node_modules/postcss/lib/lazy-result.js:293:11)]
    [at async transform (turbopack:///[turbopack-node]/transforms/postcss.ts:70:34)]
    [at async run (turbopack:///[turbopack-node]/child_process/evaluate.ts:89:23)]

Import trace:
  Client Component Browser:
    ./src/app/globals.css [Client Component Browser]
    ./src/app/layout.tsx [Server Component] @ http://localhost:3000/_next/static/chunks/node_modules_next_dist_0u_w_5s._.js:1945
[ 1025384ms] [LOG] [Fast Refresh] rebuilding @ http://localhost:3000/_next/static/chunks/node_modules_next_dist_0u_w_5s._.js:1226
[ 1027202ms] [ERROR] ./src/app/globals.css
Error evaluating Node.js code
CssSyntaxError: tailwindcss: C:\Projects\GWTH_V2\src\app\globals.css:1:1: Invalid code point 16707002
    [at Input.error (turbopack:///[project]/node_modules/postcss/lib/input.js:135:16)]
    [at Root.error (turbopack:///[project]/node_modules/postcss/lib/node.js:146:32)]
    [at Object.Once (C:\Projects\GWTH_V2\node_modules\@tailwindcss\postcss\dist\index.js:10:6911)]
    [at async LazyResult.runAsync (turbopack:///[project]/node_modules/postcss/lib/lazy-result.js:293:11)]
    [at async transform (turbopack:///[turbopack-node]/transforms/postcss.ts:70:34)]
    [at async run (turbopack:///[turbopack-node]/child_process/evaluate.ts:89:23)]

Import trace:
  Client Component Browser:
    ./src/app/globals.css [Client Component Browser]
    ./src/app/layout.tsx [Server Component] @ http://localhost:3000/_next/static/chunks/node_modules_next_dist_0u_w_5s._.js:1945
[ 1027241ms] [LOG] [Fast Refresh] rebuilding @ http://localhost:3000/_next/static/chunks/node_modules_next_dist_0u_w_5s._.js:1226
[ 1027821ms] [ERROR] ./src/app/globals.css
Error evaluating Node.js code
CssSyntaxError: tailwindcss: C:\Projects\GWTH_V2\src\app\globals.css:1:1: Invalid code point 16707002
    [at Input.error (turbopack:///[project]/node_modules/postcss/lib/input.js:135:16)]
    [at Root.error (turbopack:///[project]/node_modules/postcss/lib/node.js:146:32)]
    [at Object.Once (C:\Projects\GWTH_V2\node_modules\@tailwindcss\postcss\dist\index.js:10:6911)]
    [at async LazyResult.runAsync (turbopack:///[project]/node_modules/postcss/lib/lazy-result.js:293:11)]
    [at async transform (turbopack:///[turbopack-node]/transforms/postcss.ts:70:34)]
    [at async run (turbopack:///[turbopack-node]/child_process/evaluate.ts:89:23)]

Import trace:
  Client Component Browser:
    ./src/app/globals.css [Client Component Browser]
    ./src/app/layout.tsx [Server Component] @ http://localhost:3000/_next/static/chunks/node_modules_next_dist_0u_w_5s._.js:1945
[ 1027868ms] [LOG] [Fast Refresh] rebuilding @ http://localhost:3000/_next/static/chunks/node_modules_next_dist_0u_w_5s._.js:1226
[ 1030242ms] [ERROR] ./src/app/globals.css
Error evaluating Node.js code
CssSyntaxError: tailwindcss: C:\Projects\GWTH_V2\src\app\globals.css:1:1: Invalid code point 16707002
    [at Input.error (turbopack:///[project]/node_modules/postcss/lib/input.js:135:16)]
    [at Root.error (turbopack:///[project]/node_modules/postcss/lib/node.js:146:32)]
    [at Object.Once (C:\Projects\GWTH_V2\node_modules\@tailwindcss\postcss\dist\index.js:10:6911)]
    [at async LazyResult.runAsync (turbopack:///[project]/node_modules/postcss/lib/lazy-result.js:293:11)]
    [at async transform (turbopack:///[turbopack-node]/transforms/postcss.ts:70:34)]
    [at async run (turbopack:///[turbopack-node]/child_process/evaluate.ts:89:23)]

Import trace:
  Client Component Browser:
    ./src/app/globals.css [Client Component Browser]
    ./src/app/layout.tsx [Server Component] @ http://localhost:3000/_next/static/chunks/node_modules_next_dist_0u_w_5s._.js:1945
[ 1030256ms] [LOG] [Fast Refresh] rebuilding @ http://localhost:3000/_next/static/chunks/node_modules_next_dist_0u_w_5s._.js:1226
[ 1030977ms] [ERROR] ./src/app/globals.css
Error evaluating Node.js code
CssSyntaxError: tailwindcss: C:\Projects\GWTH_V2\src\app\globals.css:1:1: Invalid code point 16707002
    [at Input.error (turbopack:///[project]/node_modules/postcss/lib/input.js:135:16)]
    [at Root.error (turbopack:///[project]/node_modules/postcss/lib/node.js:146:32)]
    [at Object.Once (C:\Projects\GWTH_V2\node_modules\@tailwindcss\postcss\dist\index.js:10:6911)]
    [at async LazyResult.runAsync (turbopack:///[project]/node_modules/postcss/lib/lazy-result.js:293:11)]
    [at async transform (turbopack:///[turbopack-node]/transforms/postcss.ts:70:34)]
    [at async run (turbopack:///[turbopack-node]/child_process/evaluate.ts:89:23)]

Import trace:
  Client Component Browser:
    ./src/app/globals.css [Client Component Browser]
    ./src/app/layout.tsx [Server Component] @ http://localhost:3000/_next/static/chunks/node_modules_next_dist_0u_w_5s._.js:1945
[ 1031019ms] [LOG] [Fast Refresh] rebuilding @ http://localhost:3000/_next/static/chunks/node_modules_next_dist_0u_w_5s._.js:1226
[ 1033232ms] [ERROR] ./src/app/globals.css
Error evaluating Node.js code
CssSyntaxError: tailwindcss: C:\Projects\GWTH_V2\src\app\globals.css:1:1: Invalid code point 16707002
    [at Input.error (turbopack:///[project]/node_modules/postcss/lib/input.js:135:16)]
    [at Root.error (turbopack:///[project]/node_modules/postcss/lib/node.js:146:32)]
    [at Object.Once (C:\Projects\GWTH_V2\node_modules\@tailwindcss\postcss\dist\index.js:10:6911)]
    [at async LazyResult.runAsync (turbopack:///[project]/node_modules/postcss/lib/lazy-result.js:293:11)]
    [at async transform (turbopack:///[turbopack-node]/transforms/postcss.ts:70:34)]
    [at async run (turbopack:///[turbopack-node]/child_process/evaluate.ts:89:23)]

Import trace:
  Client Component Browser:
    ./src/app/globals.css [Client Component Browser]
    ./src/app/layout.tsx [Server Component] @ http://localhost:3000/_next/static/chunks/node_modules_next_dist_0u_w_5s._.js:1945
[ 1033278ms] [LOG] [Fast Refresh] rebuilding @ http://localhost:3000/_next/static/chunks/node_modules_next_dist_0u_w_5s._.js:1226
[ 1033786ms] [ERROR] ./src/app/globals.css
Error evaluating Node.js code
CssSyntaxError: tailwindcss: C:\Projects\GWTH_V2\src\app\globals.css:1:1: Invalid code point 16707002
    [at Input.error (turbopack:///[project]/node_modules/postcss/lib/input.js:135:16)]
    [at Root.error (turbopack:///[project]/node_modules/postcss/lib/node.js:146:32)]
    [at Object.Once (C:\Projects\GWTH_V2\node_modules\@tailwindcss\postcss\dist\index.js:10:6911)]
    [at async LazyResult.runAsync (turbopack:///[project]/node_modules/postcss/lib/lazy-result.js:293:11)]
    [at async transform (turbopack:///[turbopack-node]/transforms/postcss.ts:70:34)]
    [at async run (turbopack:///[turbopack-node]/child_process/evaluate.ts:89:23)]

Import trace:
  Client Component Browser:
    ./src/app/globals.css [Client Component Browser]
    ./src/app/layout.tsx [Server Component] @ http://localhost:3000/_next/static/chunks/node_modules_next_dist_0u_w_5s._.js:1945
[ 1033831ms] [LOG] [Fast Refresh] rebuilding @ http://localhost:3000/_next/static/chunks/node_modules_next_dist_0u_w_5s._.js:1226
[ 1034546ms] [ERROR] ./src/app/globals.css
Error evaluating Node.js code
CssSyntaxError: tailwindcss: C:\Projects\GWTH_V2\src\app\globals.css:1:1: Invalid code point 16707002
    [at Input.error (turbopack:///[project]/node_modules/postcss/lib/input.js:135:16)]
    [at Root.error (turbopack:///[project]/node_modules/postcss/lib/node.js:146:32)]
    [at Object.Once (C:\Projects\GWTH_V2\node_modules\@tailwindcss\postcss\dist\index.js:10:6911)]
    [at async LazyResult.runAsync (turbopack:///[project]/node_modules/postcss/lib/lazy-result.js:293:11)]
    [at async transform (turbopack:///[turbopack-node]/transforms/postcss.ts:70:34)]
    [at async run (turbopack:///[turbopack-node]/child_process/evaluate.ts:89:23)]

Import trace:
  Client Component Browser:
    ./src/app/globals.css [Client Component Browser]
    ./src/app/layout.tsx [Server Component] @ http://localhost:3000/_next/static/chunks/node_modules_next_dist_0u_w_5s._.js:1945
[ 1034656ms] [LOG] [Fast Refresh] rebuilding @ http://localhost:3000/_next/static/chunks/node_modules_next_dist_0u_w_5s._.js:1226
[ 1034713ms] [ERROR] ./src/app/globals.css
Error evaluating Node.js code
CssSyntaxError: tailwindcss: C:\Projects\GWTH_V2\src\app\globals.css:1:1: Invalid code point 16707002
    [at Input.error (turbopack:///[project]/node_modules/postcss/lib/input.js:135:16)]
    [at Root.error (turbopack:///[project]/node_modules/postcss/lib/node.js:146:32)]
    [at Object.Once (C:\Projects\GWTH_V2\node_modules\@tailwindcss\postcss\dist\index.js:10:6911)]
    [at async LazyResult.runAsync (turbopack:///[project]/node_modules/postcss/lib/lazy-result.js:293:11)]
    [at async transform (turbopack:///[turbopack-node]/transforms/postcss.ts:70:34)]
    [at async run (turbopack:///[turbopack-node]/child_process/evaluate.ts:89:23)]

Import trace:
  Client Component Browser:
    ./src/app/globals.css [Client Component Browser]
    ./src/app/layout.tsx [Server Component] @ http://localhost:3000/_next/static/chunks/node_modules_next_dist_0u_w_5s._.js:1945
[ 1037839ms] [LOG] [Fast Refresh] rebuilding @ http://localhost:3000/_next/static/chunks/node_modules_next_dist_0u_w_5s._.js:1226
[ 1037910ms] [ERROR] ./src/app/globals.css
Error evaluating Node.js code
CssSyntaxError: tailwindcss: C:\Projects\GWTH_V2\src\app\globals.css:1:1: Invalid code point 16707002
    [at Input.error (turbopack:///[project]/node_modules/postcss/lib/input.js:135:16)]
    [at Root.error (turbopack:///[project]/node_modules/postcss/lib/node.js:146:32)]
    [at Object.Once (C:\Projects\GWTH_V2\node_modules\@tailwindcss\postcss\dist\index.js:10:6911)]
    [at async LazyResult.runAsync (turbopack:///[project]/node_modules/postcss/lib/lazy-result.js:293:11)]
    [at async transform (turbopack:///[turbopack-node]/transforms/postcss.ts:70:34)]
    [at async run (turbopack:///[turbopack-node]/child_process/evaluate.ts:89:23)]

Import trace:
  Client Component Browser:
    ./src/app/globals.css [Client Component Browser]
    ./src/app/layout.tsx [Server Component] @ http://localhost:3000/_next/static/chunks/node_modules_next_dist_0u_w_5s._.js:1945
[ 1037946ms] [ERROR] ./src/app/globals.css
Error evaluating Node.js code
CssSyntaxError: tailwindcss: C:\Projects\GWTH_V2\src\app\globals.css:1:1: Invalid code point 16707002
    [at Input.error (turbopack:///[project]/node_modules/postcss/lib/input.js:135:16)]
    [at Root.error (turbopack:///[project]/node_modules/postcss/lib/node.js:146:32)]
    [at Object.Once (C:\Projects\GWTH_V2\node_modules\@tailwindcss\postcss\dist\index.js:10:6911)]
    [at async LazyResult.runAsync (turbopack:///[project]/node_modules/postcss/lib/lazy-result.js:293:11)]
    [at async transform (turbopack:///[turbopack-node]/transforms/postcss.ts:70:34)]
    [at async run (turbopack:///[turbopack-node]/child_process/evaluate.ts:89:23)]

Import trace:
  Client Component Browser:
    ./src/app/globals.css [Client Component Browser]
    ./src/app/layout.tsx [Server Component] @ http://localhost:3000/_next/static/chunks/node_modules_next_dist_0u_w_5s._.js:1945
[ 1038011ms] [LOG] [Fast Refresh] rebuilding @ http://localhost:3000/_next/static/chunks/node_modules_next_dist_0u_w_5s._.js:1226
[ 1039130ms] [LOG] [Fast Refresh] rebuilding @ http://localhost:3000/_next/static/chunks/node_modules_next_dist_0u_w_5s._.js:1226
[ 1039558ms] [ERROR] ./src/app/globals.css
Error evaluating Node.js code
CssSyntaxError: tailwindcss: C:\Projects\GWTH_V2\src\app\globals.css:1:1: Invalid code point 16707002
    [at Input.error (turbopack:///[project]/node_modules/postcss/lib/input.js:135:16)]
    [at Root.error (turbopack:///[project]/node_modules/postcss/lib/node.js:146:32)]
    [at Object.Once (C:\Projects\GWTH_V2\node_modules\@tailwindcss\postcss\dist\index.js:10:6911)]
    [at async LazyResult.runAsync (turbopack:///[project]/node_modules/postcss/lib/lazy-result.js:293:11)]
    [at async transform (turbopack:///[turbopack-node]/transforms/postcss.ts:70:34)]
    [at async run (turbopack:///[turbopack-node]/child_process/evaluate.ts:89:23)]

Import trace:
  Client Component Browser:
    ./src/app/globals.css [Client Component Browser]
    ./src/app/layout.tsx [Server Component] @ http://localhost:3000/_next/static/chunks/node_modules_next_dist_0u_w_5s._.js:1945
[ 1044075ms] [LOG] [Fast Refresh] rebuilding @ http://localhost:3000/_next/static/chunks/node_modules_next_dist_0u_w_5s._.js:1226
[ 1044121ms] [ERROR] ./src/app/globals.css
Error evaluating Node.js code
CssSyntaxError: tailwindcss: C:\Projects\GWTH_V2\src\app\globals.css:1:1: Invalid code point 16707002
    [at Input.error (turbopack:///[project]/node_modules/postcss/lib/input.js:135:16)]
    [at Root.error (turbopack:///[project]/node_modules/postcss/lib/node.js:146:32)]
    [at Object.Once (C:\Projects\GWTH_V2\node_modules\@tailwindcss\postcss\dist\index.js:10:6911)]
    [at async LazyResult.runAsync (turbopack:///[project]/node_modules/postcss/lib/lazy-result.js:293:11)]
    [at async transform (turbopack:///[turbopack-node]/transforms/postcss.ts:70:34)]
    [at async run (turbopack:///[turbopack-node]/child_process/evaluate.ts:89:23)]

Import trace:
  Client Component Browser:
    ./src/app/globals.css [Client Component Browser]
    ./src/app/layout.tsx [Server Component] @ http://localhost:3000/_next/static/chunks/node_modules_next_dist_0u_w_5s._.js:1945
[ 1045026ms] [LOG] [Fast Refresh] rebuilding @ http://localhost:3000/_next/static/chunks/node_modules_next_dist_0u_w_5s._.js:1226
[ 1045349ms] [ERROR] ./src/app/globals.css
Error evaluating Node.js code
CssSyntaxError: tailwindcss: C:\Projects\GWTH_V2\src\app\globals.css:1:1: Invalid code point 16707002
    [at Input.error (turbopack:///[project]/node_modules/postcss/lib/input.js:135:16)]
    [at Root.error (turbopack:///[project]/node_modules/postcss/lib/node.js:146:32)]
    [at Object.Once (C:\Projects\GWTH_V2\node_modules\@tailwindcss\postcss\dist\index.js:10:6911)]
    [at async LazyResult.runAsync (turbopack:///[project]/node_modules/postcss/lib/lazy-result.js:293:11)]
    [at async transform (turbopack:///[turbopack-node]/transforms/postcss.ts:70:34)]
    [at async run (turbopack:///[turbopack-node]/child_process/evaluate.ts:89:23)]

Import trace:
  Client Component Browser:
    ./src/app/globals.css [Client Component Browser]
    ./src/app/layout.tsx [Server Component] @ http://localhost:3000/_next/static/chunks/node_modules_next_dist_0u_w_5s._.js:1945
[ 1048336ms] [ERROR] ./src/app/globals.css
Error evaluating Node.js code
CssSyntaxError: tailwindcss: C:\Projects\GWTH_V2\src\app\globals.css:1:1: Invalid code point 16707002
    [at Input.error (turbopack:///[project]/node_modules/postcss/lib/input.js:135:16)]
    [at Root.error (turbopack:///[project]/node_modules/postcss/lib/node.js:146:32)]
    [at Object.Once (C:\Projects\GWTH_V2\node_modules\@tailwindcss\postcss\dist\index.js:10:6911)]
    [at async LazyResult.runAsync (turbopack:///[project]/node_modules/postcss/lib/lazy-result.js:293:11)]
    [at async transform (turbopack:///[turbopack-node]/transforms/postcss.ts:70:34)]
    [at async run (turbopack:///[turbopack-node]/child_process/evaluate.ts:89:23)]

Import trace:
  Client Component Browser:
    ./src/app/globals.css [Client Component Browser]
    ./src/app/layout.tsx [Server Component] @ http://localhost:3000/_next/static/chunks/node_modules_next_dist_0u_w_5s._.js:1945
[ 1048389ms] [LOG] [Fast Refresh] rebuilding @ http://localhost:3000/_next/static/chunks/node_modules_next_dist_0u_w_5s._.js:1226
[ 1049725ms] [ERROR] ./src/app/globals.css
Error evaluating Node.js code
CssSyntaxError: tailwindcss: C:\Projects\GWTH_V2\src\app\globals.css:1:1: Invalid code point 16707002
    [at Input.error (turbopack:///[project]/node_modules/postcss/lib/input.js:135:16)]
    [at Root.error (turbopack:///[project]/node_modules/postcss/lib/node.js:146:32)]
    [at Object.Once (C:\Projects\GWTH_V2\node_modules\@tailwindcss\postcss\dist\index.js:10:6911)]
    [at async LazyResult.runAsync (turbopack:///[project]/node_modules/postcss/lib/lazy-result.js:293:11)]
    [at async transform (turbopack:///[turbopack-node]/transforms/postcss.ts:70:34)]
    [at async run (turbopack:///[turbopack-node]/child_process/evaluate.ts:89:23)]

Import trace:
  Client Component Browser:
    ./src/app/globals.css [Client Component Browser]
    ./src/app/layout.tsx [Server Component] @ http://localhost:3000/_next/static/chunks/node_modules_next_dist_0u_w_5s._.js:1945
[ 1049778ms] [LOG] [Fast Refresh] rebuilding @ http://localhost:3000/_next/static/chunks/node_modules_next_dist_0u_w_5s._.js:1226
[ 1051220ms] [ERROR] ./src/app/globals.css
Error evaluating Node.js code
CssSyntaxError: tailwindcss: C:\Projects\GWTH_V2\src\app\globals.css:1:1: Invalid code point 16707002
    [at Input.error (turbopack:///[project]/node_modules/postcss/lib/input.js:135:16)]
    [at Root.error (turbopack:///[project]/node_modules/postcss/lib/node.js:146:32)]
    [at Object.Once (C:\Projects\GWTH_V2\node_modules\@tailwindcss\postcss\dist\index.js:10:6911)]
    [at async LazyResult.runAsync (turbopack:///[project]/node_modules/postcss/lib/lazy-result.js:293:11)]
    [at async transform (turbopack:///[turbopack-node]/transforms/postcss.ts:70:34)]
    [at async run (turbopack:///[turbopack-node]/child_process/evaluate.ts:89:23)]

Import trace:
  Client Component Browser:
    ./src/app/globals.css [Client Component Browser]
    ./src/app/layout.tsx [Server Component] @ http://localhost:3000/_next/static/chunks/node_modules_next_dist_0u_w_5s._.js:1945
[ 1051276ms] [LOG] [Fast Refresh] rebuilding @ http://localhost:3000/_next/static/chunks/node_modules_next_dist_0u_w_5s._.js:1226
[ 1052244ms] [ERROR] ./src/app/globals.css
Error evaluating Node.js code
CssSyntaxError: tailwindcss: C:\Projects\GWTH_V2\src\app\globals.css:1:1: Invalid code point 16707002
    [at Input.error (turbopack:///[project]/node_modules/postcss/lib/input.js:135:16)]
    [at Root.error (turbopack:///[project]/node_modules/postcss/lib/node.js:146:32)]
    [at Object.Once (C:\Projects\GWTH_V2\node_modules\@tailwindcss\postcss\dist\index.js:10:6911)]
    [at async LazyResult.runAsync (turbopack:///[project]/node_modules/postcss/lib/lazy-result.js:293:11)]
    [at async transform (turbopack:///[turbopack-node]/transforms/postcss.ts:70:34)]
    [at async run (turbopack:///[turbopack-node]/child_process/evaluate.ts:89:23)]

Import trace:
  Client Component Browser:
    ./src/app/globals.css [Client Component Browser]
    ./src/app/layout.tsx [Server Component] @ http://localhost:3000/_next/static/chunks/node_modules_next_dist_0u_w_5s._.js:1945
[ 1052273ms] [LOG] [Fast Refresh] rebuilding @ http://localhost:3000/_next/static/chunks/node_modules_next_dist_0u_w_5s._.js:1226
[ 1053819ms] [ERROR] ./src/app/globals.css
Error evaluating Node.js code
CssSyntaxError: tailwindcss: C:\Projects\GWTH_V2\src\app\globals.css:1:1: Invalid code point 16707002
    [at Input.error (turbopack:///[project]/node_modules/postcss/lib/input.js:135:16)]
    [at Root.error (turbopack:///[project]/node_modules/postcss/lib/node.js:146:32)]
    [at Object.Once (C:\Projects\GWTH_V2\node_modules\@tailwindcss\postcss\dist\index.js:10:6911)]
    [at async LazyResult.runAsync (turbopack:///[project]/node_modules/postcss/lib/lazy-result.js:293:11)]
    [at async transform (turbopack:///[turbopack-node]/transforms/postcss.ts:70:34)]
    [at async run (turbopack:///[turbopack-node]/child_process/evaluate.ts:89:23)]

Import trace:
  Client Component Browser:
    ./src/app/globals.css [Client Component Browser]
    ./src/app/layout.tsx [Server Component] @ http://localhost:3000/_next/static/chunks/node_modules_next_dist_0u_w_5s._.js:1945
[ 1053872ms] [LOG] [Fast Refresh] rebuilding @ http://localhost:3000/_next/static/chunks/node_modules_next_dist_0u_w_5s._.js:1226
[ 1054743ms] [LOG] [Fast Refresh] rebuilding @ http://localhost:3000/_next/static/chunks/node_modules_next_dist_0u_w_5s._.js:1226
[ 1054776ms] [ERROR] ./src/app/globals.css
Error evaluating Node.js code
CssSyntaxError: tailwindcss: C:\Projects\GWTH_V2\src\app\globals.css:1:1: Invalid code point 16707002
    [at Input.error (turbopack:///[project]/node_modules/postcss/lib/input.js:135:16)]
    [at Root.error (turbopack:///[project]/node_modules/postcss/lib/node.js:146:32)]
    [at Object.Once (C:\Projects\GWTH_V2\node_modules\@tailwindcss\postcss\dist\index.js:10:6911)]
    [at async LazyResult.runAsync (turbopack:///[project]/node_modules/postcss/lib/lazy-result.js:293:11)]
    [at async transform (turbopack:///[turbopack-node]/transforms/postcss.ts:70:34)]
    [at async run (turbopack:///[turbopack-node]/child_process/evaluate.ts:89:23)]

Import trace:
  Client Component Browser:
    ./src/app/globals.css [Client Component Browser]
    ./src/app/layout.tsx [Server Component] @ http://localhost:3000/_next/static/chunks/node_modules_next_dist_0u_w_5s._.js:1945
[ 1056130ms] [ERROR] ./src/app/globals.css
Error evaluating Node.js code
CssSyntaxError: tailwindcss: C:\Projects\GWTH_V2\src\app\globals.css:1:1: Invalid code point 16707002
    [at Input.error (turbopack:///[project]/node_modules/postcss/lib/input.js:135:16)]
    [at Root.error (turbopack:///[project]/node_modules/postcss/lib/node.js:146:32)]
    [at Object.Once (C:\Projects\GWTH_V2\node_modules\@tailwindcss\postcss\dist\index.js:10:6911)]
    [at async LazyResult.runAsync (turbopack:///[project]/node_modules/postcss/lib/lazy-result.js:293:11)]
    [at async transform (turbopack:///[turbopack-node]/transforms/postcss.ts:70:34)]
    [at async run (turbopack:///[turbopack-node]/child_process/evaluate.ts:89:23)]

Import trace:
  Client Component Browser:
    ./src/app/globals.css [Client Component Browser]
    ./src/app/layout.tsx [Server Component] @ http://localhost:3000/_next/static/chunks/node_modules_next_dist_0u_w_5s._.js:1945
[ 1056188ms] [LOG] [Fast Refresh] rebuilding @ http://localhost:3000/_next/static/chunks/node_modules_next_dist_0u_w_5s._.js:1226
[ 1057133ms] [ERROR] ./src/app/globals.css
Error evaluating Node.js code
CssSyntaxError: tailwindcss: C:\Projects\GWTH_V2\src\app\globals.css:1:1: Invalid code point 16707002
    [at Input.error (turbopack:///[project]/node_modules/postcss/lib/input.js:135:16)]
    [at Root.error (turbopack:///[project]/node_modules/postcss/lib/node.js:146:32)]
    [at Object.Once (C:\Projects\GWTH_V2\node_modules\@tailwindcss\postcss\dist\index.js:10:6911)]
    [at async LazyResult.runAsync (turbopack:///[project]/node_modules/postcss/lib/lazy-result.js:293:11)]
    [at async transform (turbopack:///[turbopack-node]/transforms/postcss.ts:70:34)]
    [at async run (turbopack:///[turbopack-node]/child_process/evaluate.ts:89:23)]

Import trace:
  Client Component Browser:
    ./src/app/globals.css [Client Component Browser]
    ./src/app/layout.tsx [Server Component] @ http://localhost:3000/_next/static/chunks/node_modules_next_dist_0u_w_5s._.js:1945
[ 1057178ms] [LOG] [Fast Refresh] rebuilding @ http://localhost:3000/_next/static/chunks/node_modules_next_dist_0u_w_5s._.js:1226
[ 1058624ms] [ERROR] ./src/app/globals.css
Error evaluating Node.js code
CssSyntaxError: tailwindcss: C:\Projects\GWTH_V2\src\app\globals.css:1:1: Invalid code point 16707002
    [at Input.error (turbopack:///[project]/node_modules/postcss/lib/input.js:135:16)]
    [at Root.error (turbopack:///[project]/node_modules/postcss/lib/node.js:146:32)]
    [at Object.Once (C:\Projects\GWTH_V2\node_modules\@tailwindcss\postcss\dist\index.js:10:6911)]
    [at async LazyResult.runAsync (turbopack:///[project]/node_modules/postcss/lib/lazy-result.js:293:11)]
    [at async transform (turbopack:///[turbopack-node]/transforms/postcss.ts:70:34)]
    [at async run (turbopack:///[turbopack-node]/child_process/evaluate.ts:89:23)]

Import trace:
  Client Component Browser:
    ./src/app/globals.css [Client Component Browser]
    ./src/app/layout.tsx [Server Component] @ http://localhost:3000/_next/static/chunks/node_modules_next_dist_0u_w_5s._.js:1945
[ 1058668ms] [LOG] [Fast Refresh] rebuilding @ http://localhost:3000/_next/static/chunks/node_modules_next_dist_0u_w_5s._.js:1226
[ 1059552ms] [ERROR] ./src/app/globals.css
Error evaluating Node.js code
CssSyntaxError: tailwindcss: C:\Projects\GWTH_V2\src\app\globals.css:1:1: Invalid code point 16707002
    [at Input.error (turbopack:///[project]/node_modules/postcss/lib/input.js:135:16)]
    [at Root.error (turbopack:///[project]/node_modules/postcss/lib/node.js:146:32)]
    [at Object.Once (C:\Projects\GWTH_V2\node_modules\@tailwindcss\postcss\dist\index.js:10:6911)]
    [at async LazyResult.runAsync (turbopack:///[project]/node_modules/postcss/lib/lazy-result.js:293:11)]
    [at async transform (turbopack:///[turbopack-node]/transforms/postcss.ts:70:34)]
    [at async run (turbopack:///[turbopack-node]/child_process/evaluate.ts:89:23)]

Import trace:
  Client Component Browser:
    ./src/app/globals.css [Client Component Browser]
    ./src/app/layout.tsx [Server Component] @ http://localhost:3000/_next/static/chunks/node_modules_next_dist_0u_w_5s._.js:1945
[ 1059599ms] [LOG] [Fast Refresh] rebuilding @ http://localhost:3000/_next/static/chunks/node_modules_next_dist_0u_w_5s._.js:1226
[ 1061388ms] [ERROR] ./src/app/globals.css
Error evaluating Node.js code
CssSyntaxError: tailwindcss: C:\Projects\GWTH_V2\src\app\globals.css:1:1: Invalid code point 16707002
    [at Input.error (turbopack:///[project]/node_modules/postcss/lib/input.js:135:16)]
    [at Root.error (turbopack:///[project]/node_modules/postcss/lib/node.js:146:32)]
    [at Object.Once (C:\Projects\GWTH_V2\node_modules\@tailwindcss\postcss\dist\index.js:10:6911)]
    [at async LazyResult.runAsync (turbopack:///[project]/node_modules/postcss/lib/lazy-result.js:293:11)]
    [at async transform (turbopack:///[turbopack-node]/transforms/postcss.ts:70:34)]
    [at async run (turbopack:///[turbopack-node]/child_process/evaluate.ts:89:23)]

Import trace:
  Client Component Browser:
    ./src/app/globals.css [Client Component Browser]
    ./src/app/layout.tsx [Server Component] @ http://localhost:3000/_next/static/chunks/node_modules_next_dist_0u_w_5s._.js:1945
[ 1061434ms] [LOG] [Fast Refresh] rebuilding @ http://localhost:3000/_next/static/chunks/node_modules_next_dist_0u_w_5s._.js:1226
[ 1062431ms] [ERROR] ./src/app/globals.css
Error evaluating Node.js code
CssSyntaxError: tailwindcss: C:\Projects\GWTH_V2\src\app\globals.css:1:1: Invalid code point 16707002
    [at Input.error (turbopack:///[project]/node_modules/postcss/lib/input.js:135:16)]
    [at Root.error (turbopack:///[project]/node_modules/postcss/lib/node.js:146:32)]
    [at Object.Once (C:\Projects\GWTH_V2\node_modules\@tailwindcss\postcss\dist\index.js:10:6911)]
    [at async LazyResult.runAsync (turbopack:///[project]/node_modules/postcss/lib/lazy-result.js:293:11)]
    [at async transform (turbopack:///[turbopack-node]/transforms/postcss.ts:70:34)]
    [at async run (turbopack:///[turbopack-node]/child_process/evaluate.ts:89:23)]

Import trace:
  Client Component Browser:
    ./src/app/globals.css [Client Component Browser]
    ./src/app/layout.tsx [Server Component] @ http://localhost:3000/_next/static/chunks/node_modules_next_dist_0u_w_5s._.js:1945
[ 1062488ms] [LOG] [Fast Refresh] rebuilding @ http://localhost:3000/_next/static/chunks/node_modules_next_dist_0u_w_5s._.js:1226
[ 1064398ms] [ERROR] ./src/app/globals.css
Error evaluating Node.js code
CssSyntaxError: tailwindcss: C:\Projects\GWTH_V2\src\app\globals.css:1:1: Invalid code point 16707002
    [at Input.error (turbopack:///[project]/node_modules/postcss/lib/input.js:135:16)]
    [at Root.error (turbopack:///[project]/node_modules/postcss/lib/node.js:146:32)]
    [at Object.Once (C:\Projects\GWTH_V2\node_modules\@tailwindcss\postcss\dist\index.js:10:6911)]
    [at async LazyResult.runAsync (turbopack:///[project]/node_modules/postcss/lib/lazy-result.js:293:11)]
    [at async transform (turbopack:///[turbopack-node]/transforms/postcss.ts:70:34)]
    [at async run (turbopack:///[turbopack-node]/child_process/evaluate.ts:89:23)]

Import trace:
  Client Component Browser:
    ./src/app/globals.css [Client Component Browser]
    ./src/app/layout.tsx [Server Component] @ http://localhost:3000/_next/static/chunks/node_modules_next_dist_0u_w_5s._.js:1945
[ 1064443ms] [LOG] [Fast Refresh] rebuilding @ http://localhost:3000/_next/static/chunks/node_modules_next_dist_0u_w_5s._.js:1226
[ 1065286ms] [ERROR] ./src/app/globals.css
Error evaluating Node.js code
CssSyntaxError: tailwindcss: C:\Projects\GWTH_V2\src\app\globals.css:1:1: Invalid code point 16707002
    [at Input.error (turbopack:///[project]/node_modules/postcss/lib/input.js:135:16)]
    [at Root.error (turbopack:///[project]/node_modules/postcss/lib/node.js:146:32)]
    [at Object.Once (C:\Projects\GWTH_V2\node_modules\@tailwindcss\postcss\dist\index.js:10:6911)]
    [at async LazyResult.runAsync (turbopack:///[project]/node_modules/postcss/lib/lazy-result.js:293:11)]
    [at async transform (turbopack:///[turbopack-node]/transforms/postcss.ts:70:34)]
    [at async run (turbopack:///[turbopack-node]/child_process/evaluate.ts:89:23)]

Import trace:
  Client Component Browser:
    ./src/app/globals.css [Client Component Browser]
    ./src/app/layout.tsx [Server Component] @ http://localhost:3000/_next/static/chunks/node_modules_next_dist_0u_w_5s._.js:1945
[ 1065394ms] [LOG] [Fast Refresh] rebuilding @ http://localhost:3000/_next/static/chunks/node_modules_next_dist_0u_w_5s._.js:1226
[ 1065418ms] [ERROR] ./src/app/globals.css
Error evaluating Node.js code
CssSyntaxError: tailwindcss: C:\Projects\GWTH_V2\src\app\globals.css:1:1: Invalid code point 16707002
    [at Input.error (turbopack:///[project]/node_modules/postcss/lib/input.js:135:16)]
    [at Root.error (turbopack:///[project]/node_modules/postcss/lib/node.js:146:32)]
    [at Object.Once (C:\Projects\GWTH_V2\node_modules\@tailwindcss\postcss\dist\index.js:10:6911)]
    [at async LazyResult.runAsync (turbopack:///[project]/node_modules/postcss/lib/lazy-result.js:293:11)]
    [at async transform (turbopack:///[turbopack-node]/transforms/postcss.ts:70:34)]
    [at async run (turbopack:///[turbopack-node]/child_process/evaluate.ts:89:23)]

Import trace:
  Client Component Browser:
    ./src/app/globals.css [Client Component Browser]
    ./src/app/layout.tsx [Server Component] @ http://localhost:3000/_next/static/chunks/node_modules_next_dist_0u_w_5s._.js:1945
[ 1068642ms] [LOG] [Fast Refresh] rebuilding @ http://localhost:3000/_next/static/chunks/node_modules_next_dist_0u_w_5s._.js:1226
[ 1068678ms] [ERROR] ./src/app/globals.css
Error evaluating Node.js code
CssSyntaxError: tailwindcss: C:\Projects\GWTH_V2\src\app\globals.css:1:1: Invalid code point 16707002
    [at Input.error (turbopack:///[project]/node_modules/postcss/lib/input.js:135:16)]
    [at Root.error (turbopack:///[project]/node_modules/postcss/lib/node.js:146:32)]
    [at Object.Once (C:\Projects\GWTH_V2\node_modules\@tailwindcss\postcss\dist\index.js:10:6911)]
    [at async LazyResult.runAsync (turbopack:///[project]/node_modules/postcss/lib/lazy-result.js:293:11)]
    [at async transform (turbopack:///[turbopack-node]/transforms/postcss.ts:70:34)]
    [at async run (turbopack:///[turbopack-node]/child_process/evaluate.ts:89:23)]

Import trace:
  Client Component Browser:
    ./src/app/globals.css [Client Component Browser]
    ./src/app/layout.tsx [Server Component] @ http://localhost:3000/_next/static/chunks/node_modules_next_dist_0u_w_5s._.js:1945
[ 1071067ms] [ERROR] ./src/app/globals.css
Error evaluating Node.js code
CssSyntaxError: tailwindcss: C:\Projects\GWTH_V2\src\app\globals.css:1:1: Invalid code point 16707002
    [at Input.error (turbopack:///[project]/node_modules/postcss/lib/input.js:135:16)]
    [at Root.error (turbopack:///[project]/node_modules/postcss/lib/node.js:146:32)]
    [at Object.Once (C:\Projects\GWTH_V2\node_modules\@tailwindcss\postcss\dist\index.js:10:6911)]
    [at async LazyResult.runAsync (turbopack:///[project]/node_modules/postcss/lib/lazy-result.js:293:11)]
    [at async transform (turbopack:///[turbopack-node]/transforms/postcss.ts:70:34)]
    [at async run (turbopack:///[turbopack-node]/child_process/evaluate.ts:89:23)]

Import trace:
  Client Component Browser:
    ./src/app/globals.css [Client Component Browser]
    ./src/app/layout.tsx [Server Component] @ http://localhost:3000/_next/static/chunks/node_modules_next_dist_0u_w_5s._.js:1945
[ 1071121ms] [LOG] [Fast Refresh] rebuilding @ http://localhost:3000/_next/static/chunks/node_modules_next_dist_0u_w_5s._.js:1226
[ 1073113ms] [LOG] [Fast Refresh] rebuilding @ http://localhost:3000/_next/static/chunks/node_modules_next_dist_0u_w_5s._.js:1226
[ 1073163ms] [ERROR] ./src/app/globals.css
Error evaluating Node.js code
CssSyntaxError: tailwindcss: C:\Projects\GWTH_V2\src\app\globals.css:1:1: Invalid code point 16707002
    [at Input.error (turbopack:///[project]/node_modules/postcss/lib/input.js:135:16)]
    [at Root.error (turbopack:///[project]/node_modules/postcss/lib/node.js:146:32)]
    [at Object.Once (C:\Projects\GWTH_V2\node_modules\@tailwindcss\postcss\dist\index.js:10:6911)]
    [at async LazyResult.runAsync (turbopack:///[project]/node_modules/postcss/lib/lazy-result.js:293:11)]
    [at async transform (turbopack:///[turbopack-node]/transforms/postcss.ts:70:34)]
    [at async run (turbopack:///[turbopack-node]/child_process/evaluate.ts:89:23)]

Import trace:
  Client Component Browser:
    ./src/app/globals.css [Client Component Browser]
    ./src/app/layout.tsx [Server Component] @ http://localhost:3000/_next/static/chunks/node_modules_next_dist_0u_w_5s._.js:1945
[ 1076735ms] [ERROR] ./src/app/globals.css
Error evaluating Node.js code
CssSyntaxError: tailwindcss: C:\Projects\GWTH_V2\src\app\globals.css:1:1: Invalid code point 16707002
    [at Input.error (turbopack:///[project]/node_modules/postcss/lib/input.js:135:16)]
    [at Root.error (turbopack:///[project]/node_modules/postcss/lib/node.js:146:32)]
    [at Object.Once (C:\Projects\GWTH_V2\node_modules\@tailwindcss\postcss\dist\index.js:10:6911)]
    [at async LazyResult.runAsync (turbopack:///[project]/node_modules/postcss/lib/lazy-result.js:293:11)]
    [at async transform (turbopack:///[turbopack-node]/transforms/postcss.ts:70:34)]
    [at async run (turbopack:///[turbopack-node]/child_process/evaluate.ts:89:23)]

Import trace:
  Client Component Browser:
    ./src/app/globals.css [Client Component Browser]
    ./src/app/layout.tsx [Server Component] @ http://localhost:3000/_next/static/chunks/node_modules_next_dist_0u_w_5s._.js:1945
[ 1076785ms] [LOG] [Fast Refresh] rebuilding @ http://localhost:3000/_next/static/chunks/node_modules_next_dist_0u_w_5s._.js:1226
[ 1077381ms] [ERROR] ./src/app/globals.css
Error evaluating Node.js code
CssSyntaxError: tailwindcss: C:\Projects\GWTH_V2\src\app\globals.css:1:1: Invalid code point 16707002
    [at Input.error (turbopack:///[project]/node_modules/postcss/lib/input.js:135:16)]
    [at Root.error (turbopack:///[project]/node_modules/postcss/lib/node.js:146:32)]
    [at Object.Once (C:\Projects\GWTH_V2\node_modules\@tailwindcss\postcss\dist\index.js:10:6911)]
    [at async LazyResult.runAsync (turbopack:///[project]/node_modules/postcss/lib/lazy-result.js:293:11)]
    [at async transform (turbopack:///[turbopack-node]/transforms/postcss.ts:70:34)]
    [at async run (turbopack:///[turbopack-node]/child_process/evaluate.ts:89:23)]

Import trace:
  Client Component Browser:
    ./src/app/globals.css [Client Component Browser]
    ./src/app/layout.tsx [Server Component] @ http://localhost:3000/_next/static/chunks/node_modules_next_dist_0u_w_5s._.js:1945
[ 1077385ms] [LOG] [Fast Refresh] rebuilding @ http://localhost:3000/_next/static/chunks/node_modules_next_dist_0u_w_5s._.js:1226
[ 1078079ms] [ERROR] ./src/app/globals.css
Error evaluating Node.js code
CssSyntaxError: tailwindcss: C:\Projects\GWTH_V2\src\app\globals.css:1:1: Invalid code point 16707002
    [at Input.error (turbopack:///[project]/node_modules/postcss/lib/input.js:135:16)]
    [at Root.error (turbopack:///[project]/node_modules/postcss/lib/node.js:146:32)]
    [at Object.Once (C:\Projects\GWTH_V2\node_modules\@tailwindcss\postcss\dist\index.js:10:6911)]
    [at async LazyResult.runAsync (turbopack:///[project]/node_modules/postcss/lib/lazy-result.js:293:11)]
    [at async transform (turbopack:///[turbopack-node]/transforms/postcss.ts:70:34)]
    [at async run (turbopack:///[turbopack-node]/child_process/evaluate.ts:89:23)]

Import trace:
  Client Component Browser:
    ./src/app/globals.css [Client Component Browser]
    ./src/app/layout.tsx [Server Component] @ http://localhost:3000/_next/static/chunks/node_modules_next_dist_0u_w_5s._.js:1945
[ 1078109ms] [LOG] [Fast Refresh] rebuilding @ http://localhost:3000/_next/static/chunks/node_modules_next_dist_0u_w_5s._.js:1226
[ 1080382ms] [ERROR] ./src/app/globals.css
Error evaluating Node.js code
CssSyntaxError: tailwindcss: C:\Projects\GWTH_V2\src\app\globals.css:1:1: Invalid code point 16707002
    [at Input.error (turbopack:///[project]/node_modules/postcss/lib/input.js:135:16)]
    [at Root.error (turbopack:///[project]/node_modules/postcss/lib/node.js:146:32)]
    [at Object.Once (C:\Projects\GWTH_V2\node_modules\@tailwindcss\postcss\dist\index.js:10:6911)]
    [at async LazyResult.runAsync (turbopack:///[project]/node_modules/postcss/lib/lazy-result.js:293:11)]
    [at async transform (turbopack:///[turbopack-node]/transforms/postcss.ts:70:34)]
    [at async run (turbopack:///[turbopack-node]/child_process/evaluate.ts:89:23)]

Import trace:
  Client Component Browser:
    ./src/app/globals.css [Client Component Browser]
    ./src/app/layout.tsx [Server Component] @ http://localhost:3000/_next/static/chunks/node_modules_next_dist_0u_w_5s._.js:1945
[ 1080435ms] [LOG] [Fast Refresh] rebuilding @ http://localhost:3000/_next/static/chunks/node_modules_next_dist_0u_w_5s._.js:1226
[ 1082539ms] [ERROR] ./src/app/globals.css
Error evaluating Node.js code
CssSyntaxError: tailwindcss: C:\Projects\GWTH_V2\src\app\globals.css:1:1: Invalid code point 16707002
    [at Input.error (turbopack:///[project]/node_modules/postcss/lib/input.js:135:16)]
    [at Root.error (turbopack:///[project]/node_modules/postcss/lib/node.js:146:32)]
    [at Object.Once (C:\Projects\GWTH_V2\node_modules\@tailwindcss\postcss\dist\index.js:10:6911)]
    [at async LazyResult.runAsync (turbopack:///[project]/node_modules/postcss/lib/lazy-result.js:293:11)]
    [at async transform (turbopack:///[turbopack-node]/transforms/postcss.ts:70:34)]
    [at async run (turbopack:///[turbopack-node]/child_process/evaluate.ts:89:23)]

Import trace:
  Client Component Browser:
    ./src/app/globals.css [Client Component Browser]
    ./src/app/layout.tsx [Server Component] @ http://localhost:3000/_next/static/chunks/node_modules_next_dist_0u_w_5s._.js:1945
[ 1082601ms] [LOG] [Fast Refresh] rebuilding @ http://localhost:3000/_next/static/chunks/node_modules_next_dist_0u_w_5s._.js:1226
[ 1083128ms] [ERROR] ./src/app/globals.css
Error evaluating Node.js code
CssSyntaxError: tailwindcss: C:\Projects\GWTH_V2\src\app\globals.css:1:1: Invalid code point 16707002
    [at Input.error (turbopack:///[project]/node_modules/postcss/lib/input.js:135:16)]
    [at Root.error (turbopack:///[project]/node_modules/postcss/lib/node.js:146:32)]
    [at Object.Once (C:\Projects\GWTH_V2\node_modules\@tailwindcss\postcss\dist\index.js:10:6911)]
    [at async LazyResult.runAsync (turbopack:///[project]/node_modules/postcss/lib/lazy-result.js:293:11)]
    [at async transform (turbopack:///[turbopack-node]/transforms/postcss.ts:70:34)]
    [at async run (turbopack:///[turbopack-node]/child_process/evaluate.ts:89:23)]

Import trace:
  Client Component Browser:
    ./src/app/globals.css [Client Component Browser]
    ./src/app/layout.tsx [Server Component] @ http://localhost:3000/_next/static/chunks/node_modules_next_dist_0u_w_5s._.js:1945
[ 1083185ms] [LOG] [Fast Refresh] rebuilding @ http://localhost:3000/_next/static/chunks/node_modules_next_dist_0u_w_5s._.js:1226
[ 1085280ms] [ERROR] ./src/app/globals.css
Error evaluating Node.js code
CssSyntaxError: tailwindcss: C:\Projects\GWTH_V2\src\app\globals.css:1:1: Invalid code point 16707002
    [at Input.error (turbopack:///[project]/node_modules/postcss/lib/input.js:135:16)]
    [at Root.error (turbopack:///[project]/node_modules/postcss/lib/node.js:146:32)]
    [at Object.Once (C:\Projects\GWTH_V2\node_modules\@tailwindcss\postcss\dist\index.js:10:6911)]
    [at async LazyResult.runAsync (turbopack:///[project]/node_modules/postcss/lib/lazy-result.js:293:11)]
    [at async transform (turbopack:///[turbopack-node]/transforms/postcss.ts:70:34)]
    [at async run (turbopack:///[turbopack-node]/child_process/evaluate.ts:89:23)]

Import trace:
  Client Component Browser:
    ./src/app/globals.css [Client Component Browser]
    ./src/app/layout.tsx [Server Component] @ http://localhost:3000/_next/static/chunks/node_modules_next_dist_0u_w_5s._.js:1945
[ 1085332ms] [LOG] [Fast Refresh] rebuilding @ http://localhost:3000/_next/static/chunks/node_modules_next_dist_0u_w_5s._.js:1226
[ 1085912ms] [ERROR] ./src/app/globals.css
Error evaluating Node.js code
CssSyntaxError: tailwindcss: C:\Projects\GWTH_V2\src\app\globals.css:1:1: Invalid code point 16707002
    [at Input.error (turbopack:///[project]/node_modules/postcss/lib/input.js:135:16)]
    [at Root.error (turbopack:///[project]/node_modules/postcss/lib/node.js:146:32)]
    [at Object.Once (C:\Projects\GWTH_V2\node_modules\@tailwindcss\postcss\dist\index.js:10:6911)]
    [at async LazyResult.runAsync (turbopack:///[project]/node_modules/postcss/lib/lazy-result.js:293:11)]
    [at async transform (turbopack:///[turbopack-node]/transforms/postcss.ts:70:34)]
    [at async run (turbopack:///[turbopack-node]/child_process/evaluate.ts:89:23)]

Import trace:
  Client Component Browser:
    ./src/app/globals.css [Client Component Browser]
    ./src/app/layout.tsx [Server Component] @ http://localhost:3000/_next/static/chunks/node_modules_next_dist_0u_w_5s._.js:1945
[ 1085966ms] [LOG] [Fast Refresh] rebuilding @ http://localhost:3000/_next/static/chunks/node_modules_next_dist_0u_w_5s._.js:1226
[ 1088159ms] [ERROR] ./src/app/globals.css
Error evaluating Node.js code
CssSyntaxError: tailwindcss: C:\Projects\GWTH_V2\src\app\globals.css:1:1: Invalid code point 16707002
    [at Input.error (turbopack:///[project]/node_modules/postcss/lib/input.js:135:16)]
    [at Root.error (turbopack:///[project]/node_modules/postcss/lib/node.js:146:32)]
    [at Object.Once (C:\Projects\GWTH_V2\node_modules\@tailwindcss\postcss\dist\index.js:10:6911)]
    [at async LazyResult.runAsync (turbopack:///[project]/node_modules/postcss/lib/lazy-result.js:293:11)]
    [at async transform (turbopack:///[turbopack-node]/transforms/postcss.ts:70:34)]
    [at async run (turbopack:///[turbopack-node]/child_process/evaluate.ts:89:23)]

Import trace:
  Client Component Browser:
    ./src/app/globals.css [Client Component Browser]
    ./src/app/layout.tsx [Server Component] @ http://localhost:3000/_next/static/chunks/node_modules_next_dist_0u_w_5s._.js:1945
[ 1088207ms] [LOG] [Fast Refresh] rebuilding @ http://localhost:3000/_next/static/chunks/node_modules_next_dist_0u_w_5s._.js:1226
[ 1088401ms] [ERROR] ./src/app/globals.css
Error evaluating Node.js code
CssSyntaxError: tailwindcss: C:\Projects\GWTH_V2\src\app\globals.css:1:1: Invalid code point 16707002
    [at Input.error (turbopack:///[project]/node_modules/postcss/lib/input.js:135:16)]
    [at Root.error (turbopack:///[project]/node_modules/postcss/lib/node.js:146:32)]
    [at Object.Once (C:\Projects\GWTH_V2\node_modules\@tailwindcss\postcss\dist\index.js:10:6911)]
    [at async LazyResult.runAsync (turbopack:///[project]/node_modules/postcss/lib/lazy-result.js:293:11)]
    [at async transform (turbopack:///[turbopack-node]/transforms/postcss.ts:70:34)]
    [at async run (turbopack:///[turbopack-node]/child_process/evaluate.ts:89:23)]

Import trace:
  Client Component Browser:
    ./src/app/globals.css [Client Component Browser]
    ./src/app/layout.tsx [Server Component] @ http://localhost:3000/_next/static/chunks/node_modules_next_dist_0u_w_5s._.js:1945
[ 1088463ms] [LOG] [Fast Refresh] rebuilding @ http://localhost:3000/_next/static/chunks/node_modules_next_dist_0u_w_5s._.js:1226
[ 1091621ms] [ERROR] ./src/app/globals.css
Error evaluating Node.js code
CssSyntaxError: tailwindcss: C:\Projects\GWTH_V2\src\app\globals.css:1:1: Invalid code point 16707002
    [at Input.error (turbopack:///[project]/node_modules/postcss/lib/input.js:135:16)]
    [at Root.error (turbopack:///[project]/node_modules/postcss/lib/node.js:146:32)]
    [at Object.Once (C:\Projects\GWTH_V2\node_modules\@tailwindcss\postcss\dist\index.js:10:6911)]
    [at async LazyResult.runAsync (turbopack:///[project]/node_modules/postcss/lib/lazy-result.js:293:11)]
    [at async transform (turbopack:///[turbopack-node]/transforms/postcss.ts:70:34)]
    [at async run (turbopack:///[turbopack-node]/child_process/evaluate.ts:89:23)]

Import trace:
  Client Component Browser:
    ./src/app/globals.css [Client Component Browser]
    ./src/app/layout.tsx [Server Component] @ http://localhost:3000/_next/static/chunks/node_modules_next_dist_0u_w_5s._.js:1945
[ 1091672ms] [ERROR] ./src/app/globals.css
Error evaluating Node.js code
CssSyntaxError: tailwindcss: C:\Projects\GWTH_V2\src\app\globals.css:1:1: Invalid code point 16707002
    [at Input.error (turbopack:///[project]/node_modules/postcss/lib/input.js:135:16)]
    [at Root.error (turbopack:///[project]/node_modules/postcss/lib/node.js:146:32)]
    [at Object.Once (C:\Projects\GWTH_V2\node_modules\@tailwindcss\postcss\dist\index.js:10:6911)]
    [at async LazyResult.runAsync (turbopack:///[project]/node_modules/postcss/lib/lazy-result.js:293:11)]
    [at async transform (turbopack:///[turbopack-node]/transforms/postcss.ts:70:34)]
    [at async run (turbopack:///[turbopack-node]/child_process/evaluate.ts:89:23)]

Import trace:
  Client Component Browser:
    ./src/app/globals.css [Client Component Browser]
    ./src/app/layout.tsx [Server Component] @ http://localhost:3000/_next/static/chunks/node_modules_next_dist_0u_w_5s._.js:1945
[ 1091723ms] [LOG] [Fast Refresh] rebuilding @ http://localhost:3000/_next/static/chunks/node_modules_next_dist_0u_w_5s._.js:1226
[ 1095499ms] [ERROR] ./src/app/globals.css
Error evaluating Node.js code
CssSyntaxError: tailwindcss: C:\Projects\GWTH_V2\src\app\globals.css:1:1: Invalid code point 16707002
    [at Input.error (turbopack:///[project]/node_modules/postcss/lib/input.js:135:16)]
    [at Root.error (turbopack:///[project]/node_modules/postcss/lib/node.js:146:32)]
    [at Object.Once (C:\Projects\GWTH_V2\node_modules\@tailwindcss\postcss\dist\index.js:10:6911)]
    [at async LazyResult.runAsync (turbopack:///[project]/node_modules/postcss/lib/lazy-result.js:293:11)]
    [at async transform (turbopack:///[turbopack-node]/transforms/postcss.ts:70:34)]
    [at async run (turbopack:///[turbopack-node]/child_process/evaluate.ts:89:23)]

Import trace:
  Client Component Browser:
    ./src/app/globals.css [Client Component Browser]
    ./src/app/layout.tsx [Server Component] @ http://localhost:3000/_next/static/chunks/node_modules_next_dist_0u_w_5s._.js:1945
[ 1095560ms] [LOG] [Fast Refresh] rebuilding @ http://localhost:3000/_next/static/chunks/node_modules_next_dist_0u_w_5s._.js:1226
[ 1096193ms] [ERROR] ./src/app/globals.css
Error evaluating Node.js code
CssSyntaxError: tailwindcss: C:\Projects\GWTH_V2\src\app\globals.css:1:1: Invalid code point 16707002
    [at Input.error (turbopack:///[project]/node_modules/postcss/lib/input.js:135:16)]
    [at Root.error (turbopack:///[project]/node_modules/postcss/lib/node.js:146:32)]
    [at Object.Once (C:\Projects\GWTH_V2\node_modules\@tailwindcss\postcss\dist\index.js:10:6911)]
    [at async LazyResult.runAsync (turbopack:///[project]/node_modules/postcss/lib/lazy-result.js:293:11)]
    [at async transform (turbopack:///[turbopack-node]/transforms/postcss.ts:70:34)]
    [at async run (turbopack:///[turbopack-node]/child_process/evaluate.ts:89:23)]

Import trace:
  Client Component Browser:
    ./src/app/globals.css [Client Component Browser]
    ./src/app/layout.tsx [Server Component] @ http://localhost:3000/_next/static/chunks/node_modules_next_dist_0u_w_5s._.js:1945
[ 1096248ms] [LOG] [Fast Refresh] rebuilding @ http://localhost:3000/_next/static/chunks/node_modules_next_dist_0u_w_5s._.js:1226
[ 1099940ms] [ERROR] ./src/app/globals.css
Error evaluating Node.js code
CssSyntaxError: tailwindcss: C:\Projects\GWTH_V2\src\app\globals.css:1:1: Invalid code point 16707002
    [at Input.error (turbopack:///[project]/node_modules/postcss/lib/input.js:135:16)]
    [at Root.error (turbopack:///[project]/node_modules/postcss/lib/node.js:146:32)]
    [at Object.Once (C:\Projects\GWTH_V2\node_modules\@tailwindcss\postcss\dist\index.js:10:6911)]
    [at async LazyResult.runAsync (turbopack:///[project]/node_modules/postcss/lib/lazy-result.js:293:11)]
    [at async transform (turbopack:///[turbopack-node]/transforms/postcss.ts:70:34)]
    [at async run (turbopack:///[turbopack-node]/child_process/evaluate.ts:89:23)]

Import trace:
  Client Component Browser:
    ./src/app/globals.css [Client Component Browser]
    ./src/app/layout.tsx [Server Component] @ http://localhost:3000/_next/static/chunks/node_modules_next_dist_0u_w_5s._.js:1945
[ 1099997ms] [LOG] [Fast Refresh] rebuilding @ http://localhost:3000/_next/static/chunks/node_modules_next_dist_0u_w_5s._.js:1226
[ 1100386ms] [ERROR] ./src/app/globals.css
Error evaluating Node.js code
CssSyntaxError: tailwindcss: C:\Projects\GWTH_V2\src\app\globals.css:1:1: Invalid code point 16707002
    [at Input.error (turbopack:///[project]/node_modules/postcss/lib/input.js:135:16)]
    [at Root.error (turbopack:///[project]/node_modules/postcss/lib/node.js:146:32)]
    [at Object.Once (C:\Projects\GWTH_V2\node_modules\@tailwindcss\postcss\dist\index.js:10:6911)]
    [at async LazyResult.runAsync (turbopack:///[project]/node_modules/postcss/lib/lazy-result.js:293:11)]
    [at async transform (turbopack:///[turbopack-node]/transforms/postcss.ts:70:34)]
    [at async run (turbopack:///[turbopack-node]/child_process/evaluate.ts:89:23)]

Import trace:
  Client Component Browser:
    ./src/app/globals.css [Client Component Browser]
    ./src/app/layout.tsx [Server Component] @ http://localhost:3000/_next/static/chunks/node_modules_next_dist_0u_w_5s._.js:1945
[ 1100440ms] [LOG] [Fast Refresh] rebuilding @ http://localhost:3000/_next/static/chunks/node_modules_next_dist_0u_w_5s._.js:1226
[ 1104737ms] [ERROR] ./src/app/globals.css
Error evaluating Node.js code
CssSyntaxError: tailwindcss: C:\Projects\GWTH_V2\src\app\globals.css:1:1: Invalid code point 16707002
    [at Input.error (turbopack:///[project]/node_modules/postcss/lib/input.js:135:16)]
    [at Root.error (turbopack:///[project]/node_modules/postcss/lib/node.js:146:32)]
    [at Object.Once (C:\Projects\GWTH_V2\node_modules\@tailwindcss\postcss\dist\index.js:10:6911)]
    [at async LazyResult.runAsync (turbopack:///[project]/node_modules/postcss/lib/lazy-result.js:293:11)]
    [at async transform (turbopack:///[turbopack-node]/transforms/postcss.ts:70:34)]
    [at async run (turbopack:///[turbopack-node]/child_process/evaluate.ts:89:23)]

Import trace:
  Client Component Browser:
    ./src/app/globals.css [Client Component Browser]
    ./src/app/layout.tsx [Server Component] @ http://localhost:3000/_next/static/chunks/node_modules_next_dist_0u_w_5s._.js:1945
[ 1104799ms] [LOG] [Fast Refresh] rebuilding @ http://localhost:3000/_next/static/chunks/node_modules_next_dist_0u_w_5s._.js:1226
[ 1104897ms] [ERROR] ./src/app/globals.css
Error evaluating Node.js code
CssSyntaxError: tailwindcss: C:\Projects\GWTH_V2\src\app\globals.css:1:1: Invalid code point 16707002
    [at Input.error (turbopack:///[project]/node_modules/postcss/lib/input.js:135:16)]
    [at Root.error (turbopack:///[project]/node_modules/postcss/lib/node.js:146:32)]
    [at Object.Once (C:\Projects\GWTH_V2\node_modules\@tailwindcss\postcss\dist\index.js:10:6911)]
    [at async LazyResult.runAsync (turbopack:///[project]/node_modules/postcss/lib/lazy-result.js:293:11)]
    [at async transform (turbopack:///[turbopack-node]/transforms/postcss.ts:70:34)]
    [at async run (turbopack:///[turbopack-node]/child_process/evaluate.ts:89:23)]

Import trace:
  Client Component Browser:
    ./src/app/globals.css [Client Component Browser]
    ./src/app/layout.tsx [Server Component] @ http://localhost:3000/_next/static/chunks/node_modules_next_dist_0u_w_5s._.js:1945
[ 1104947ms] [LOG] [Fast Refresh] rebuilding @ http://localhost:3000/_next/static/chunks/node_modules_next_dist_0u_w_5s._.js:1226
[ 1108760ms] [ERROR] ./src/app/globals.css
Error evaluating Node.js code
CssSyntaxError: tailwindcss: C:\Projects\GWTH_V2\src\app\globals.css:1:1: Invalid code point 16707002
    [at Input.error (turbopack:///[project]/node_modules/postcss/lib/input.js:135:16)]
    [at Root.error (turbopack:///[project]/node_modules/postcss/lib/node.js:146:32)]
    [at Object.Once (C:\Projects\GWTH_V2\node_modules\@tailwindcss\postcss\dist\index.js:10:6911)]
    [at async LazyResult.runAsync (turbopack:///[project]/node_modules/postcss/lib/lazy-result.js:293:11)]
    [at async transform (turbopack:///[turbopack-node]/transforms/postcss.ts:70:34)]
    [at async run (turbopack:///[turbopack-node]/child_process/evaluate.ts:89:23)]

Import trace:
  Client Component Browser:
    ./src/app/globals.css [Client Component Browser]
    ./src/app/layout.tsx [Server Component] @ http://localhost:3000/_next/static/chunks/node_modules_next_dist_0u_w_5s._.js:1945
[ 1108817ms] [LOG] [Fast Refresh] rebuilding @ http://localhost:3000/_next/static/chunks/node_modules_next_dist_0u_w_5s._.js:1226
[ 1109928ms] [ERROR] ./src/app/globals.css
Error evaluating Node.js code
CssSyntaxError: tailwindcss: C:\Projects\GWTH_V2\src\app\globals.css:1:1: Invalid code point 16707002
    [at Input.error (turbopack:///[project]/node_modules/postcss/lib/input.js:135:16)]
    [at Root.error (turbopack:///[project]/node_modules/postcss/lib/node.js:146:32)]
    [at Object.Once (C:\Projects\GWTH_V2\node_modules\@tailwindcss\postcss\dist\index.js:10:6911)]
    [at async LazyResult.runAsync (turbopack:///[project]/node_modules/postcss/lib/lazy-result.js:293:11)]
    [at async transform (turbopack:///[turbopack-node]/transforms/postcss.ts:70:34)]
    [at async run (turbopack:///[turbopack-node]/child_process/evaluate.ts:89:23)]

Import trace:
  Client Component Browser:
    ./src/app/globals.css [Client Component Browser]
    ./src/app/layout.tsx [Server Component] @ http://localhost:3000/_next/static/chunks/node_modules_next_dist_0u_w_5s._.js:1945
[ 1109988ms] [LOG] [Fast Refresh] rebuilding @ http://localhost:3000/_next/static/chunks/node_modules_next_dist_0u_w_5s._.js:1226
[ 1112100ms] [ERROR] ./src/app/globals.css
Error evaluating Node.js code
CssSyntaxError: tailwindcss: C:\Projects\GWTH_V2\src\app\globals.css:1:1: Invalid code point 16707002
    [at Input.error (turbopack:///[project]/node_modules/postcss/lib/input.js:135:16)]
    [at Root.error (turbopack:///[project]/node_modules/postcss/lib/node.js:146:32)]
    [at Object.Once (C:\Projects\GWTH_V2\node_modules\@tailwindcss\postcss\dist\index.js:10:6911)]
    [at async LazyResult.runAsync (turbopack:///[project]/node_modules/postcss/lib/lazy-result.js:293:11)]
    [at async transform (turbopack:///[turbopack-node]/transforms/postcss.ts:70:34)]
    [at async run (turbopack:///[turbopack-node]/child_process/evaluate.ts:89:23)]

Import trace:
  Client Component Browser:
    ./src/app/globals.css [Client Component Browser]
    ./src/app/layout.tsx [Server Component] @ http://localhost:3000/_next/static/chunks/node_modules_next_dist_0u_w_5s._.js:1945
[ 1112153ms] [LOG] [Fast Refresh] rebuilding @ http://localhost:3000/_next/static/chunks/node_modules_next_dist_0u_w_5s._.js:1226
[ 1113730ms] [ERROR] ./src/app/globals.css
Error evaluating Node.js code
CssSyntaxError: tailwindcss: C:\Projects\GWTH_V2\src\app\globals.css:1:1: Invalid code point 16707002
    [at Input.error (turbopack:///[project]/node_modules/postcss/lib/input.js:135:16)]
    [at Root.error (turbopack:///[project]/node_modules/postcss/lib/node.js:146:32)]
    [at Object.Once (C:\Projects\GWTH_V2\node_modules\@tailwindcss\postcss\dist\index.js:10:6911)]
    [at async LazyResult.runAsync (turbopack:///[project]/node_modules/postcss/lib/lazy-result.js:293:11)]
    [at async transform (turbopack:///[turbopack-node]/transforms/postcss.ts:70:34)]
    [at async run (turbopack:///[turbopack-node]/child_process/evaluate.ts:89:23)]

Import trace:
  Client Component Browser:
    ./src/app/globals.css [Client Component Browser]
    ./src/app/layout.tsx [Server Component] @ http://localhost:3000/_next/static/chunks/node_modules_next_dist_0u_w_5s._.js:1945
[ 1113799ms] [LOG] [Fast Refresh] rebuilding @ http://localhost:3000/_next/static/chunks/node_modules_next_dist_0u_w_5s._.js:1226
[ 1115621ms] [ERROR] ./src/app/globals.css
Error evaluating Node.js code
CssSyntaxError: tailwindcss: C:\Projects\GWTH_V2\src\app\globals.css:1:1: Invalid code point 16707002
    [at Input.error (turbopack:///[project]/node_modules/postcss/lib/input.js:135:16)]
    [at Root.error (turbopack:///[project]/node_modules/postcss/lib/node.js:146:32)]
    [at Object.Once (C:\Projects\GWTH_V2\node_modules\@tailwindcss\postcss\dist\index.js:10:6911)]
    [at async LazyResult.runAsync (turbopack:///[project]/node_modules/postcss/lib/lazy-result.js:293:11)]
    [at async transform (turbopack:///[turbopack-node]/transforms/postcss.ts:70:34)]
    [at async run (turbopack:///[turbopack-node]/child_process/evaluate.ts:89:23)]

Import trace:
  Client Component Browser:
    ./src/app/globals.css [Client Component Browser]
    ./src/app/layout.tsx [Server Component] @ http://localhost:3000/_next/static/chunks/node_modules_next_dist_0u_w_5s._.js:1945
[ 1115681ms] [LOG] [Fast Refresh] rebuilding @ http://localhost:3000/_next/static/chunks/node_modules_next_dist_0u_w_5s._.js:1226
[ 1116977ms] [ERROR] ./src/app/globals.css
Error evaluating Node.js code
CssSyntaxError: tailwindcss: C:\Projects\GWTH_V2\src\app\globals.css:1:1: Invalid code point 16707002
    [at Input.error (turbopack:///[project]/node_modules/postcss/lib/input.js:135:16)]
    [at Root.error (turbopack:///[project]/node_modules/postcss/lib/node.js:146:32)]
    [at Object.Once (C:\Projects\GWTH_V2\node_modules\@tailwindcss\postcss\dist\index.js:10:6911)]
    [at async LazyResult.runAsync (turbopack:///[project]/node_modules/postcss/lib/lazy-result.js:293:11)]
    [at async transform (turbopack:///[turbopack-node]/transforms/postcss.ts:70:34)]
    [at async run (turbopack:///[turbopack-node]/child_process/evaluate.ts:89:23)]

Import trace:
  Client Component Browser:
    ./src/app/globals.css [Client Component Browser]
    ./src/app/layout.tsx [Server Component] @ http://localhost:3000/_next/static/chunks/node_modules_next_dist_0u_w_5s._.js:1945
[ 1117037ms] [LOG] [Fast Refresh] rebuilding @ http://localhost:3000/_next/static/chunks/node_modules_next_dist_0u_w_5s._.js:1226
[ 1118363ms] [ERROR] ./src/app/globals.css
Error evaluating Node.js code
CssSyntaxError: tailwindcss: C:\Projects\GWTH_V2\src\app\globals.css:1:1: Invalid code point 16707002
    [at Input.error (turbopack:///[project]/node_modules/postcss/lib/input.js:135:16)]
    [at Root.error (turbopack:///[project]/node_modules/postcss/lib/node.js:146:32)]
    [at Object.Once (C:\Projects\GWTH_V2\node_modules\@tailwindcss\postcss\dist\index.js:10:6911)]
    [at async LazyResult.runAsync (turbopack:///[project]/node_modules/postcss/lib/lazy-result.js:293:11)]
    [at async transform (turbopack:///[turbopack-node]/transforms/postcss.ts:70:34)]
    [at async run (turbopack:///[turbopack-node]/child_process/evaluate.ts:89:23)]

Import trace:
  Client Component Browser:
    ./src/app/globals.css [Client Component Browser]
    ./src/app/layout.tsx [Server Component] @ http://localhost:3000/_next/static/chunks/node_modules_next_dist_0u_w_5s._.js:1945
[ 1118406ms] [LOG] [Fast Refresh] rebuilding @ http://localhost:3000/_next/static/chunks/node_modules_next_dist_0u_w_5s._.js:1226
[ 1119403ms] [ERROR] ./src/app/globals.css
Error evaluating Node.js code
CssSyntaxError: tailwindcss: C:\Projects\GWTH_V2\src\app\globals.css:1:1: Invalid code point 16707002
    [at Input.error (turbopack:///[project]/node_modules/postcss/lib/input.js:135:16)]
    [at Root.error (turbopack:///[project]/node_modules/postcss/lib/node.js:146:32)]
    [at Object.Once (C:\Projects\GWTH_V2\node_modules\@tailwindcss\postcss\dist\index.js:10:6911)]
    [at async LazyResult.runAsync (turbopack:///[project]/node_modules/postcss/lib/lazy-result.js:293:11)]
    [at async transform (turbopack:///[turbopack-node]/transforms/postcss.ts:70:34)]
    [at async run (turbopack:///[turbopack-node]/child_process/evaluate.ts:89:23)]

Import trace:
  Client Component Browser:
    ./src/app/globals.css [Client Component Browser]
    ./src/app/layout.tsx [Server Component] @ http://localhost:3000/_next/static/chunks/node_modules_next_dist_0u_w_5s._.js:1945
[ 1119450ms] [LOG] [Fast Refresh] rebuilding @ http://localhost:3000/_next/static/chunks/node_modules_next_dist_0u_w_5s._.js:1226
[ 1121515ms] [ERROR] ./src/app/globals.css
Error evaluating Node.js code
CssSyntaxError: tailwindcss: C:\Projects\GWTH_V2\src\app\globals.css:1:1: Invalid code point 16707002
    [at Input.error (turbopack:///[project]/node_modules/postcss/lib/input.js:135:16)]
    [at Root.error (turbopack:///[project]/node_modules/postcss/lib/node.js:146:32)]
    [at Object.Once (C:\Projects\GWTH_V2\node_modules\@tailwindcss\postcss\dist\index.js:10:6911)]
    [at async LazyResult.runAsync (turbopack:///[project]/node_modules/postcss/lib/lazy-result.js:293:11)]
    [at async transform (turbopack:///[turbopack-node]/transforms/postcss.ts:70:34)]
    [at async run (turbopack:///[turbopack-node]/child_process/evaluate.ts:89:23)]

Import trace:
  Client Component Browser:
    ./src/app/globals.css [Client Component Browser]
    ./src/app/layout.tsx [Server Component] @ http://localhost:3000/_next/static/chunks/node_modules_next_dist_0u_w_5s._.js:1945
[ 1121520ms] [LOG] [Fast Refresh] rebuilding @ http://localhost:3000/_next/static/chunks/node_modules_next_dist_0u_w_5s._.js:1226
[ 1122329ms] [ERROR] ./src/app/globals.css
Error evaluating Node.js code
CssSyntaxError: tailwindcss: C:\Projects\GWTH_V2\src\app\globals.css:1:1: Invalid code point 16707002
    [at Input.error (turbopack:///[project]/node_modules/postcss/lib/input.js:135:16)]
    [at Root.error (turbopack:///[project]/node_modules/postcss/lib/node.js:146:32)]
    [at Object.Once (C:\Projects\GWTH_V2\node_modules\@tailwindcss\postcss\dist\index.js:10:6911)]
    [at async LazyResult.runAsync (turbopack:///[project]/node_modules/postcss/lib/lazy-result.js:293:11)]
    [at async transform (turbopack:///[turbopack-node]/transforms/postcss.ts:70:34)]
    [at async run (turbopack:///[turbopack-node]/child_process/evaluate.ts:89:23)]

Import trace:
  Client Component Browser:
    ./src/app/globals.css [Client Component Browser]
    ./src/app/layout.tsx [Server Component] @ http://localhost:3000/_next/static/chunks/node_modules_next_dist_0u_w_5s._.js:1945
[ 1122342ms] [LOG] [Fast Refresh] rebuilding @ http://localhost:3000/_next/static/chunks/node_modules_next_dist_0u_w_5s._.js:1226
[ 1125168ms] [ERROR] ./src/app/globals.css
Error evaluating Node.js code
CssSyntaxError: tailwindcss: C:\Projects\GWTH_V2\src\app\globals.css:1:1: Invalid code point 16707002
    [at Input.error (turbopack:///[project]/node_modules/postcss/lib/input.js:135:16)]
    [at Root.error (turbopack:///[project]/node_modules/postcss/lib/node.js:146:32)]
    [at Object.Once (C:\Projects\GWTH_V2\node_modules\@tailwindcss\postcss\dist\index.js:10:6911)]
    [at async LazyResult.runAsync (turbopack:///[project]/node_modules/postcss/lib/lazy-result.js:293:11)]
    [at async transform (turbopack:///[turbopack-node]/transforms/postcss.ts:70:34)]
    [at async run (turbopack:///[turbopack-node]/child_process/evaluate.ts:89:23)]

Import trace:
  Client Component Browser:
    ./src/app/globals.css [Client Component Browser]
    ./src/app/layout.tsx [Server Component] @ http://localhost:3000/_next/static/chunks/node_modules_next_dist_0u_w_5s._.js:1945
[ 1125184ms] [LOG] [Fast Refresh] rebuilding @ http://localhost:3000/_next/static/chunks/node_modules_next_dist_0u_w_5s._.js:1226
[ 1126031ms] [LOG] [Fast Refresh] rebuilding @ http://localhost:3000/_next/static/chunks/node_modules_next_dist_0u_w_5s._.js:1226
[ 1126052ms] [ERROR] ./src/app/globals.css
Error evaluating Node.js code
CssSyntaxError: tailwindcss: C:\Projects\GWTH_V2\src\app\globals.css:1:1: Invalid code point 16707002
    [at Input.error (turbopack:///[project]/node_modules/postcss/lib/input.js:135:16)]
    [at Root.error (turbopack:///[project]/node_modules/postcss/lib/node.js:146:32)]
    [at Object.Once (C:\Projects\GWTH_V2\node_modules\@tailwindcss\postcss\dist\index.js:10:6911)]
    [at async LazyResult.runAsync (turbopack:///[project]/node_modules/postcss/lib/lazy-result.js:293:11)]
    [at async transform (turbopack:///[turbopack-node]/transforms/postcss.ts:70:34)]
    [at async run (turbopack:///[turbopack-node]/child_process/evaluate.ts:89:23)]

Import trace:
  Client Component Browser:
    ./src/app/globals.css [Client Component Browser]
    ./src/app/layout.tsx [Server Component] @ http://localhost:3000/_next/static/chunks/node_modules_next_dist_0u_w_5s._.js:1945
[ 1126809ms] [LOG] [Fast Refresh] rebuilding @ http://localhost:3000/_next/static/chunks/node_modules_next_dist_0u_w_5s._.js:1226
[ 1126900ms] [ERROR] ./src/app/globals.css
Error evaluating Node.js code
CssSyntaxError: tailwindcss: C:\Projects\GWTH_V2\src\app\globals.css:1:1: Invalid code point 16707002
    [at Input.error (turbopack:///[project]/node_modules/postcss/lib/input.js:135:16)]
    [at Root.error (turbopack:///[project]/node_modules/postcss/lib/node.js:146:32)]
    [at Object.Once (C:\Projects\GWTH_V2\node_modules\@tailwindcss\postcss\dist\index.js:10:6911)]
    [at async LazyResult.runAsync (turbopack:///[project]/node_modules/postcss/lib/lazy-result.js:293:11)]
    [at async transform (turbopack:///[turbopack-node]/transforms/postcss.ts:70:34)]
    [at async run (turbopack:///[turbopack-node]/child_process/evaluate.ts:89:23)]

Import trace:
  Client Component Browser:
    ./src/app/globals.css [Client Component Browser]
    ./src/app/layout.tsx [Server Component] @ http://localhost:3000/_next/static/chunks/node_modules_next_dist_0u_w_5s._.js:1945
[ 1130660ms] [ERROR] ./src/app/globals.css
Error evaluating Node.js code
CssSyntaxError: tailwindcss: C:\Projects\GWTH_V2\src\app\globals.css:1:1: Invalid code point 16707002
    [at Input.error (turbopack:///[project]/node_modules/postcss/lib/input.js:135:16)]
    [at Root.error (turbopack:///[project]/node_modules/postcss/lib/node.js:146:32)]
    [at Object.Once (C:\Projects\GWTH_V2\node_modules\@tailwindcss\postcss\dist\index.js:10:6911)]
    [at async LazyResult.runAsync (turbopack:///[project]/node_modules/postcss/lib/lazy-result.js:293:11)]
    [at async transform (turbopack:///[turbopack-node]/transforms/postcss.ts:70:34)]
    [at async run (turbopack:///[turbopack-node]/child_process/evaluate.ts:89:23)]

Import trace:
  Client Component Browser:
    ./src/app/globals.css [Client Component Browser]
    ./src/app/layout.tsx [Server Component] @ http://localhost:3000/_next/static/chunks/node_modules_next_dist_0u_w_5s._.js:1945
[ 1130717ms] [LOG] [Fast Refresh] rebuilding @ http://localhost:3000/_next/static/chunks/node_modules_next_dist_0u_w_5s._.js:1226
[ 1131840ms] [LOG] [Fast Refresh] rebuilding @ http://localhost:3000/_next/static/chunks/node_modules_next_dist_0u_w_5s._.js:1226
[ 1131881ms] [ERROR] ./src/app/globals.css
Error evaluating Node.js code
CssSyntaxError: tailwindcss: C:\Projects\GWTH_V2\src\app\globals.css:1:1: Invalid code point 16707002
    [at Input.error (turbopack:///[project]/node_modules/postcss/lib/input.js:135:16)]
    [at Root.error (turbopack:///[project]/node_modules/postcss/lib/node.js:146:32)]
    [at Object.Once (C:\Projects\GWTH_V2\node_modules\@tailwindcss\postcss\dist\index.js:10:6911)]
    [at async LazyResult.runAsync (turbopack:///[project]/node_modules/postcss/lib/lazy-result.js:293:11)]
    [at async transform (turbopack:///[turbopack-node]/transforms/postcss.ts:70:34)]
    [at async run (turbopack:///[turbopack-node]/child_process/evaluate.ts:89:23)]

Import trace:
  Client Component Browser:
    ./src/app/globals.css [Client Component Browser]
    ./src/app/layout.tsx [Server Component] @ http://localhost:3000/_next/static/chunks/node_modules_next_dist_0u_w_5s._.js:1945
[ 1135365ms] [ERROR] ./src/app/globals.css
Error evaluating Node.js code
CssSyntaxError: tailwindcss: C:\Projects\GWTH_V2\src\app\globals.css:1:1: Invalid code point 16707002
    [at Input.error (turbopack:///[project]/node_modules/postcss/lib/input.js:135:16)]
    [at Root.error (turbopack:///[project]/node_modules/postcss/lib/node.js:146:32)]
    [at Object.Once (C:\Projects\GWTH_V2\node_modules\@tailwindcss\postcss\dist\index.js:10:6911)]
    [at async LazyResult.runAsync (turbopack:///[project]/node_modules/postcss/lib/lazy-result.js:293:11)]
    [at async transform (turbopack:///[turbopack-node]/transforms/postcss.ts:70:34)]
    [at async run (turbopack:///[turbopack-node]/child_process/evaluate.ts:89:23)]

Import trace:
  Client Component Browser:
    ./src/app/globals.css [Client Component Browser]
    ./src/app/layout.tsx [Server Component] @ http://localhost:3000/_next/static/chunks/node_modules_next_dist_0u_w_5s._.js:1945
[ 1135411ms] [LOG] [Fast Refresh] rebuilding @ http://localhost:3000/_next/static/chunks/node_modules_next_dist_0u_w_5s._.js:1226
[ 1136904ms] [ERROR] ./src/app/globals.css
Error evaluating Node.js code
CssSyntaxError: tailwindcss: C:\Projects\GWTH_V2\src\app\globals.css:1:1: Invalid code point 16707002
    [at Input.error (turbopack:///[project]/node_modules/postcss/lib/input.js:135:16)]
    [at Root.error (turbopack:///[project]/node_modules/postcss/lib/node.js:146:32)]
    [at Object.Once (C:\Projects\GWTH_V2\node_modules\@tailwindcss\postcss\dist\index.js:10:6911)]
    [at async LazyResult.runAsync (turbopack:///[project]/node_modules/postcss/lib/lazy-result.js:293:11)]
    [at async transform (turbopack:///[turbopack-node]/transforms/postcss.ts:70:34)]
    [at async run (turbopack:///[turbopack-node]/child_process/evaluate.ts:89:23)]

Import trace:
  Client Component Browser:
    ./src/app/globals.css [Client Component Browser]
    ./src/app/layout.tsx [Server Component] @ http://localhost:3000/_next/static/chunks/node_modules_next_dist_0u_w_5s._.js:1945
[ 1136953ms] [LOG] [Fast Refresh] rebuilding @ http://localhost:3000/_next/static/chunks/node_modules_next_dist_0u_w_5s._.js:1226
[ 1138850ms] [ERROR] ./src/app/globals.css
Error evaluating Node.js code
CssSyntaxError: tailwindcss: C:\Projects\GWTH_V2\src\app\globals.css:1:1: Invalid code point 16707002
    [at Input.error (turbopack:///[project]/node_modules/postcss/lib/input.js:135:16)]
    [at Root.error (turbopack:///[project]/node_modules/postcss/lib/node.js:146:32)]
    [at Object.Once (C:\Projects\GWTH_V2\node_modules\@tailwindcss\postcss\dist\index.js:10:6911)]
    [at async LazyResult.runAsync (turbopack:///[project]/node_modules/postcss/lib/lazy-result.js:293:11)]
    [at async transform (turbopack:///[turbopack-node]/transforms/postcss.ts:70:34)]
    [at async run (turbopack:///[turbopack-node]/child_process/evaluate.ts:89:23)]

Import trace:
  Client Component Browser:
    ./src/app/globals.css [Client Component Browser]
    ./src/app/layout.tsx [Server Component] @ http://localhost:3000/_next/static/chunks/node_modules_next_dist_0u_w_5s._.js:1945
[ 1138897ms] [LOG] [Fast Refresh] rebuilding @ http://localhost:3000/_next/static/chunks/node_modules_next_dist_0u_w_5s._.js:1226
[ 1139578ms] [ERROR] ./src/app/globals.css
Error evaluating Node.js code
CssSyntaxError: tailwindcss: C:\Projects\GWTH_V2\src\app\globals.css:1:1: Invalid code point 16707002
    [at Input.error (turbopack:///[project]/node_modules/postcss/lib/input.js:135:16)]
    [at Root.error (turbopack:///[project]/node_modules/postcss/lib/node.js:146:32)]
    [at Object.Once (C:\Projects\GWTH_V2\node_modules\@tailwindcss\postcss\dist\index.js:10:6911)]
    [at async LazyResult.runAsync (turbopack:///[project]/node_modules/postcss/lib/lazy-result.js:293:11)]
    [at async transform (turbopack:///[turbopack-node]/transforms/postcss.ts:70:34)]
    [at async run (turbopack:///[turbopack-node]/child_process/evaluate.ts:89:23)]

Import trace:
  Client Component Browser:
    ./src/app/globals.css [Client Component Browser]
    ./src/app/layout.tsx [Server Component] @ http://localhost:3000/_next/static/chunks/node_modules_next_dist_0u_w_5s._.js:1945
[ 1139637ms] [LOG] [Fast Refresh] rebuilding @ http://localhost:3000/_next/static/chunks/node_modules_next_dist_0u_w_5s._.js:1226
[ 1142974ms] [ERROR] WebSocket connection to 'ws://localhost:3000/_next/webpack-hmr' failed: Error in connection establishment: net::ERR_CONNECTION_REFUSED @ http://localhost:3000/_next/static/chunks/node_modules_next_dist_client_0pe1dg-._.js:2342
[ 1146338ms] [ERROR] WebSocket connection to 'ws://localhost:3000/_next/webpack-hmr' failed: Error in connection establishment: net::ERR_CONNECTION_REFUSED @ http://localhost:3000/_next/static/chunks/node_modules_next_dist_client_0pe1dg-._.js:2342
[ 1149688ms] [ERROR] WebSocket connection to 'ws://localhost:3000/_next/webpack-hmr' failed: Error in connection establishment: net::ERR_CONNECTION_REFUSED @ http://localhost:3000/_next/static/chunks/node_modules_next_dist_client_0pe1dg-._.js:2342
[ 1153054ms] [ERROR] WebSocket connection to 'ws://localhost:3000/_next/webpack-hmr' failed: Error in connection establishment: net::ERR_CONNECTION_REFUSED @ http://localhost:3000/_next/static/chunks/node_modules_next_dist_client_0pe1dg-._.js:2342
[ 1168417ms] [LOG] [HMR] connected @ http://localhost:3000/_next/static/chunks/node_modules_next_dist_0u_w_5s._.js:1226
[ 1174266ms] [ERROR] Failed to load resource: the server responded with a status of 500 (Internal Server Error) @ http://localhost:3000/logo_picker:0
[ 1175516ms] [INFO] %cDownload the React DevTools for a better development experience: https://react.dev/link/react-devtools font-weight:bold @ http://localhost:3000/_next/static/chunks/node_modules_react-dom_0bruynb._.js:15305
[ 1175571ms] Error: ./src/app/globals.css
Error evaluating Node.js code
CssSyntaxError: tailwindcss: C:\Projects\GWTH_V2\src\app\globals.css:1:1: Invalid code point 16707002
    [at Input.error (turbopack:///[project]/node_modules/postcss/lib/input.js:135:16)]
    [at Root.error (turbopack:///[project]/node_modules/postcss/lib/node.js:146:32)]
    [at Object.Once (C:\Projects\GWTH_V2\node_modules\@tailwindcss\postcss\dist\index.js:10:6911)]
    [at async LazyResult.runAsync (turbopack:///[project]/node_modules/postcss/lib/lazy-result.js:293:11)]
    [at async transform (turbopack:///[turbopack-node]/transforms/postcss.ts:70:34)]
    [at async run (turbopack:///[turbopack-node]/child_process/evaluate.ts:89:23)]

Import trace:
  Client Component Browser:
    ./src/app/globals.css [Client Component Browser]
    ./src/app/layout.tsx [Server Component]


    at Object.getCompilationErrors (file://C:\Projects\GWTH_V2\node_modules\next\dist\server\dev\hot-reloader-turbopack.js:1186:59)
    at DevBundlerService.getCompilationError (file://C:\Projects\GWTH_V2\node_modules\next\dist\server\lib\dev-bundler-service.js:44:55)
    at DevServer.getCompilationError (file://C:\Projects\GWTH_V2\node_modules\next\dist\server\dev\next-dev-server.js:719:42)
    at DevServer.findPageComponents (file://C:\Projects\GWTH_V2\node_modules\next\dist\server\dev\next-dev-server.js:689:43)
    at async DevServer.renderErrorToResponseImpl (file://C:\Projects\GWTH_V2\node_modules\next\dist\server\base-server.js:1745:26)
[ 1175690ms] [LOG] [HMR] connected @ http://localhost:3000/_next/static/chunks/node_modules_next_dist_0u_w_5s._.js:1226
[ 1175905ms] [LOG] [Fast Refresh] rebuilding @ http://localhost:3000/_next/static/chunks/node_modules_next_dist_0u_w_5s._.js:1226
[ 1175939ms] [ERROR] ./src/app/globals.css
Error evaluating Node.js code
CssSyntaxError: tailwindcss: C:\Projects\GWTH_V2\src\app\globals.css:1:1: Invalid code point 16707002
    [at Input.error (turbopack:///[project]/node_modules/postcss/lib/input.js:135:16)]
    [at Root.error (turbopack:///[project]/node_modules/postcss/lib/node.js:146:32)]
    [at Object.Once (C:\Projects\GWTH_V2\node_modules\@tailwindcss\postcss\dist\index.js:10:6911)]
    [at async LazyResult.runAsync (turbopack:///[project]/node_modules/postcss/lib/lazy-result.js:293:11)]
    [at async transform (turbopack:///[turbopack-node]/transforms/postcss.ts:70:34)]
    [at async run (turbopack:///[turbopack-node]/child_process/evaluate.ts:89:23)]

Import trace:
  Client Component Browser:
    ./src/app/globals.css [Client Component Browser]
    ./src/app/layout.tsx [Server Component] @ http://localhost:3000/_next/static/chunks/node_modules_next_dist_0u_w_5s._.js:1945
[ 1175939ms] [ERROR] ./src/app/globals.css
Error evaluating Node.js code
CssSyntaxError: tailwindcss: C:\Projects\GWTH_V2\src\app\globals.css:1:1: Invalid code point 16707002
    [at Input.error (turbopack:///[project]/node_modules/postcss/lib/input.js:135:16)]
    [at Root.error (turbopack:///[project]/node_modules/postcss/lib/node.js:146:32)]
    [at Object.Once (C:\Projects\GWTH_V2\node_modules\@tailwindcss\postcss\dist\index.js:10:6911)]
    [at async LazyResult.runAsync (turbopack:///[project]/node_modules/postcss/lib/lazy-result.js:293:11)]
    [at async transform (turbopack:///[turbopack-node]/transforms/postcss.ts:70:34)]
    [at async run (turbopack:///[turbopack-node]/child_process/evaluate.ts:89:23)]

Import trace:
  Client Component Browser:
    ./src/app/globals.css [Client Component Browser]
    ./src/app/layout.tsx [Server Component] @ http://localhost:3000/_next/static/chunks/node_modules_next_dist_0u_w_5s._.js:1945
[ 1176101ms] [ERROR] ./src/app/globals.css
Error evaluating Node.js code
CssSyntaxError: tailwindcss: C:\Projects\GWTH_V2\src\app\globals.css:1:1: Invalid code point 16707002
    [at Input.error (turbopack:///[project]/node_modules/postcss/lib/input.js:135:16)]
    [at Root.error (turbopack:///[project]/node_modules/postcss/lib/node.js:146:32)]
    [at Object.Once (C:\Projects\GWTH_V2\node_modules\@tailwindcss\postcss\dist\index.js:10:6911)]
    [at async LazyResult.runAsync (turbopack:///[project]/node_modules/postcss/lib/lazy-result.js:293:11)]
    [at async transform (turbopack:///[turbopack-node]/transforms/postcss.ts:70:34)]
    [at async run (turbopack:///[turbopack-node]/child_process/evaluate.ts:89:23)]

Import trace:
  Client Component Browser:
    ./src/app/globals.css [Client Component Browser]
    ./src/app/layout.tsx [Server Component] @ http://localhost:3000/_next/static/chunks/node_modules_next_dist_0u_w_5s._.js:1945
[ 1176450ms] [LOG] [Fast Refresh] rebuilding @ http://localhost:3000/_next/static/chunks/node_modules_next_dist_0u_w_5s._.js:1226
[ 1176700ms] [ERROR] ./src/app/globals.css
Error evaluating Node.js code
CssSyntaxError: tailwindcss: C:\Projects\GWTH_V2\src\app\globals.css:1:1: Invalid code point 16707002
    [at Input.error (turbopack:///[project]/node_modules/postcss/lib/input.js:135:16)]
    [at Root.error (turbopack:///[project]/node_modules/postcss/lib/node.js:146:32)]
    [at Object.Once (C:\Projects\GWTH_V2\node_modules\@tailwindcss\postcss\dist\index.js:10:6911)]
    [at async LazyResult.runAsync (turbopack:///[project]/node_modules/postcss/lib/lazy-result.js:293:11)]
    [at async transform (turbopack:///[turbopack-node]/transforms/postcss.ts:70:34)]
    [at async run (turbopack:///[turbopack-node]/child_process/evaluate.ts:89:23)]

Import trace:
  Client Component Browser:
    ./src/app/globals.css [Client Component Browser]
    ./src/app/layout.tsx [Server Component] @ http://localhost:3000/_next/static/chunks/node_modules_next_dist_0u_w_5s._.js:1945
[ 1176805ms] [LOG] [Fast Refresh] rebuilding @ http://localhost:3000/_next/static/chunks/node_modules_next_dist_0u_w_5s._.js:1226
[ 1176840ms] [ERROR] ./src/app/globals.css
Error evaluating Node.js code
CssSyntaxError: tailwindcss: C:\Projects\GWTH_V2\src\app\globals.css:1:1: Invalid code point 16707002
    [at Input.error (turbopack:///[project]/node_modules/postcss/lib/input.js:135:16)]
    [at Root.error (turbopack:///[project]/node_modules/postcss/lib/node.js:146:32)]
    [at Object.Once (C:\Projects\GWTH_V2\node_modules\@tailwindcss\postcss\dist\index.js:10:6911)]
    [at async LazyResult.runAsync (turbopack:///[project]/node_modules/postcss/lib/lazy-result.js:293:11)]
    [at async transform (turbopack:///[turbopack-node]/transforms/postcss.ts:70:34)]
    [at async run (turbopack:///[turbopack-node]/child_process/evaluate.ts:89:23)]

Import trace:
  Client Component Browser:
    ./src/app/globals.css [Client Component Browser]
    ./src/app/layout.tsx [Server Component] @ http://localhost:3000/_next/static/chunks/node_modules_next_dist_0u_w_5s._.js:1945
[ 1176986ms] [ERROR] ./src/app/globals.css
Error evaluating Node.js code
CssSyntaxError: tailwindcss: C:\Projects\GWTH_V2\src\app\globals.css:1:1: Invalid code point 16707002
    [at Input.error (turbopack:///[project]/node_modules/postcss/lib/input.js:135:16)]
    [at Root.error (turbopack:///[project]/node_modules/postcss/lib/node.js:146:32)]
    [at Object.Once (C:\Projects\GWTH_V2\node_modules\@tailwindcss\postcss\dist\index.js:10:6911)]
    [at async LazyResult.runAsync (turbopack:///[project]/node_modules/postcss/lib/lazy-result.js:293:11)]
    [at async transform (turbopack:///[turbopack-node]/transforms/postcss.ts:70:34)]
    [at async run (turbopack:///[turbopack-node]/child_process/evaluate.ts:89:23)]

Import trace:
  Client Component Browser:
    ./src/app/globals.css [Client Component Browser]
    ./src/app/layout.tsx [Server Component] @ http://localhost:3000/_next/static/chunks/node_modules_next_dist_0u_w_5s._.js:1945
[ 1177067ms] [ERROR] ./src/app/globals.css
Error evaluating Node.js code
CssSyntaxError: tailwindcss: C:\Projects\GWTH_V2\src\app\globals.css:1:1: Invalid code point 16707002
    [at Input.error (turbopack:///[project]/node_modules/postcss/lib/input.js:135:16)]
    [at Root.error (turbopack:///[project]/node_modules/postcss/lib/node.js:146:32)]
    [at Object.Once (C:\Projects\GWTH_V2\node_modules\@tailwindcss\postcss\dist\index.js:10:6911)]
    [at async LazyResult.runAsync (turbopack:///[project]/node_modules/postcss/lib/lazy-result.js:293:11)]
    [at async transform (turbopack:///[turbopack-node]/transforms/postcss.ts:70:34)]
    [at async run (turbopack:///[turbopack-node]/child_process/evaluate.ts:89:23)]

Import trace:
  Client Component Browser:
    ./src/app/globals.css [Client Component Browser]
    ./src/app/layout.tsx [Server Component] @ http://localhost:3000/_next/static/chunks/node_modules_next_dist_0u_w_5s._.js:1945
[ 1177139ms] [ERROR] ./src/app/globals.css
Error evaluating Node.js code
CssSyntaxError: tailwindcss: C:\Projects\GWTH_V2\src\app\globals.css:1:1: Invalid code point 16707002
    [at Input.error (turbopack:///[project]/node_modules/postcss/lib/input.js:135:16)]
    [at Root.error (turbopack:///[project]/node_modules/postcss/lib/node.js:146:32)]
    [at Object.Once (C:\Projects\GWTH_V2\node_modules\@tailwindcss\postcss\dist\index.js:10:6911)]
    [at async LazyResult.runAsync (turbopack:///[project]/node_modules/postcss/lib/lazy-result.js:293:11)]
    [at async transform (turbopack:///[turbopack-node]/transforms/postcss.ts:70:34)]
    [at async run (turbopack:///[turbopack-node]/child_process/evaluate.ts:89:23)]

Import trace:
  Client Component Browser:
    ./src/app/globals.css [Client Component Browser]
    ./src/app/layout.tsx [Server Component] @ http://localhost:3000/_next/static/chunks/node_modules_next_dist_0u_w_5s._.js:1945
[ 1177244ms] [LOG] [Fast Refresh] rebuilding @ http://localhost:3000/_next/static/chunks/node_modules_next_dist_0u_w_5s._.js:1226
[ 1177249ms] [ERROR] ./src/app/globals.css
Error evaluating Node.js code
CssSyntaxError: tailwindcss: C:\Projects\GWTH_V2\src\app\globals.css:1:1: Invalid code point 16707002
    [at Input.error (turbopack:///[project]/node_modules/postcss/lib/input.js:135:16)]
    [at Root.error (turbopack:///[project]/node_modules/postcss/lib/node.js:146:32)]
    [at Object.Once (C:\Projects\GWTH_V2\node_modules\@tailwindcss\postcss\dist\index.js:10:6911)]
    [at async LazyResult.runAsync (turbopack:///[project]/node_modules/postcss/lib/lazy-result.js:293:11)]
    [at async transform (turbopack:///[turbopack-node]/transforms/postcss.ts:70:34)]
    [at async run (turbopack:///[turbopack-node]/child_process/evaluate.ts:89:23)]

Import trace:
  Client Component Browser:
    ./src/app/globals.css [Client Component Browser]
    ./src/app/layout.tsx [Server Component] @ http://localhost:3000/_next/static/chunks/node_modules_next_dist_0u_w_5s._.js:1945
[ 1177319ms] [ERROR] ./src/app/globals.css
Error evaluating Node.js code
CssSyntaxError: tailwindcss: C:\Projects\GWTH_V2\src\app\globals.css:1:1: Invalid code point 16707002
    [at Input.error (turbopack:///[project]/node_modules/postcss/lib/input.js:135:16)]
    [at Root.error (turbopack:///[project]/node_modules/postcss/lib/node.js:146:32)]
    [at Object.Once (C:\Projects\GWTH_V2\node_modules\@tailwindcss\postcss\dist\index.js:10:6911)]
    [at async LazyResult.runAsync (turbopack:///[project]/node_modules/postcss/lib/lazy-result.js:293:11)]
    [at async transform (turbopack:///[turbopack-node]/transforms/postcss.ts:70:34)]
    [at async run (turbopack:///[turbopack-node]/child_process/evaluate.ts:89:23)]

Import trace:
  Client Component Browser:
    ./src/app/globals.css [Client Component Browser]
    ./src/app/layout.tsx [Server Component] @ http://localhost:3000/_next/static/chunks/node_modules_next_dist_0u_w_5s._.js:1945
[ 1177434ms] [LOG] [Fast Refresh] rebuilding @ http://localhost:3000/_next/static/chunks/node_modules_next_dist_0u_w_5s._.js:1226
[ 1177444ms] [ERROR] ./src/app/globals.css
Error evaluating Node.js code
CssSyntaxError: tailwindcss: C:\Projects\GWTH_V2\src\app\globals.css:1:1: Invalid code point 16707002
    [at Input.error (turbopack:///[project]/node_modules/postcss/lib/input.js:135:16)]
    [at Root.error (turbopack:///[project]/node_modules/postcss/lib/node.js:146:32)]
    [at Object.Once (C:\Projects\GWTH_V2\node_modules\@tailwindcss\postcss\dist\index.js:10:6911)]
    [at async LazyResult.runAsync (turbopack:///[project]/node_modules/postcss/lib/lazy-result.js:293:11)]
    [at async transform (turbopack:///[turbopack-node]/transforms/postcss.ts:70:34)]
    [at async run (turbopack:///[turbopack-node]/child_process/evaluate.ts:89:23)]

Import trace:
  Client Component Browser:
    ./src/app/globals.css [Client Component Browser]
    ./src/app/layout.tsx [Server Component] @ http://localhost:3000/_next/static/chunks/node_modules_next_dist_0u_w_5s._.js:1945
[ 1180386ms] [ERROR] ./src/app/globals.css
Error evaluating Node.js code
CssSyntaxError: tailwindcss: C:\Projects\GWTH_V2\src\app\globals.css:1:1: Invalid code point 16707002
    [at Input.error (turbopack:///[project]/node_modules/postcss/lib/input.js:135:16)]
    [at Root.error (turbopack:///[project]/node_modules/postcss/lib/node.js:146:32)]
    [at Object.Once (C:\Projects\GWTH_V2\node_modules\@tailwindcss\postcss\dist\index.js:10:6911)]
    [at async LazyResult.runAsync (turbopack:///[project]/node_modules/postcss/lib/lazy-result.js:293:11)]
    [at async transform (turbopack:///[turbopack-node]/transforms/postcss.ts:70:34)]
    [at async run (turbopack:///[turbopack-node]/child_process/evaluate.ts:89:23)]

Import trace:
  Client Component Browser:
    ./src/app/globals.css [Client Component Browser]
    ./src/app/layout.tsx [Server Component] @ http://localhost:3000/_next/static/chunks/node_modules_next_dist_0u_w_5s._.js:1945
[ 1180457ms] [ERROR] ./src/app/globals.css
Error evaluating Node.js code
CssSyntaxError: tailwindcss: C:\Projects\GWTH_V2\src\app\globals.css:1:1: Invalid code point 16707002
    [at Input.error (turbopack:///[project]/node_modules/postcss/lib/input.js:135:16)]
    [at Root.error (turbopack:///[project]/node_modules/postcss/lib/node.js:146:32)]
    [at Object.Once (C:\Projects\GWTH_V2\node_modules\@tailwindcss\postcss\dist\index.js:10:6911)]
    [at async LazyResult.runAsync (turbopack:///[project]/node_modules/postcss/lib/lazy-result.js:293:11)]
    [at async transform (turbopack:///[turbopack-node]/transforms/postcss.ts:70:34)]
    [at async run (turbopack:///[turbopack-node]/child_process/evaluate.ts:89:23)]

Import trace:
  Client Component Browser:
    ./src/app/globals.css [Client Component Browser]
    ./src/app/layout.tsx [Server Component] @ http://localhost:3000/_next/static/chunks/node_modules_next_dist_0u_w_5s._.js:1945
[ 1180560ms] [LOG] [Fast Refresh] rebuilding @ http://localhost:3000/_next/static/chunks/node_modules_next_dist_0u_w_5s._.js:1226
[ 1180568ms] [ERROR] ./src/app/globals.css
Error evaluating Node.js code
CssSyntaxError: tailwindcss: C:\Projects\GWTH_V2\src\app\globals.css:1:1: Invalid code point 16707002
    [at Input.error (turbopack:///[project]/node_modules/postcss/lib/input.js:135:16)]
    [at Root.error (turbopack:///[project]/node_modules/postcss/lib/node.js:146:32)]
    [at Object.Once (C:\Projects\GWTH_V2\node_modules\@tailwindcss\postcss\dist\index.js:10:6911)]
    [at async LazyResult.runAsync (turbopack:///[project]/node_modules/postcss/lib/lazy-result.js:293:11)]
    [at async transform (turbopack:///[turbopack-node]/transforms/postcss.ts:70:34)]
    [at async run (turbopack:///[turbopack-node]/child_process/evaluate.ts:89:23)]

Import trace:
  Client Component Browser:
    ./src/app/globals.css [Client Component Browser]
    ./src/app/layout.tsx [Server Component] @ http://localhost:3000/_next/static/chunks/node_modules_next_dist_0u_w_5s._.js:1945
[ 1180573ms] [ERROR] ./src/app/globals.css
Error evaluating Node.js code
CssSyntaxError: tailwindcss: C:\Projects\GWTH_V2\src\app\globals.css:1:1: Invalid code point 16707002
    [at Input.error (turbopack:///[project]/node_modules/postcss/lib/input.js:135:16)]
    [at Root.error (turbopack:///[project]/node_modules/postcss/lib/node.js:146:32)]
    [at Object.Once (C:\Projects\GWTH_V2\node_modules\@tailwindcss\postcss\dist\index.js:10:6911)]
    [at async LazyResult.runAsync (turbopack:///[project]/node_modules/postcss/lib/lazy-result.js:293:11)]
    [at async transform (turbopack:///[turbopack-node]/transforms/postcss.ts:70:34)]
    [at async run (turbopack:///[turbopack-node]/child_process/evaluate.ts:89:23)]

Import trace:
  Client Component Browser:
    ./src/app/globals.css [Client Component Browser]
    ./src/app/layout.tsx [Server Component] @ http://localhost:3000/_next/static/chunks/node_modules_next_dist_0u_w_5s._.js:1945
[ 1180684ms] [LOG] [Fast Refresh] rebuilding @ http://localhost:3000/_next/static/chunks/node_modules_next_dist_0u_w_5s._.js:1226
[ 1180925ms] [ERROR] ./src/app/globals.css
Error evaluating Node.js code
CssSyntaxError: tailwindcss: C:\Projects\GWTH_V2\src\app\globals.css:1:1: Invalid code point 16707002
    [at Input.error (turbopack:///[project]/node_modules/postcss/lib/input.js:135:16)]
    [at Root.error (turbopack:///[project]/node_modules/postcss/lib/node.js:146:32)]
    [at Object.Once (C:\Projects\GWTH_V2\node_modules\@tailwindcss\postcss\dist\index.js:10:6911)]
    [at async LazyResult.runAsync (turbopack:///[project]/node_modules/postcss/lib/lazy-result.js:293:11)]
    [at async transform (turbopack:///[turbopack-node]/transforms/postcss.ts:70:34)]
    [at async run (turbopack:///[turbopack-node]/child_process/evaluate.ts:89:23)]

Import trace:
  Client Component Browser:
    ./src/app/globals.css [Client Component Browser]
    ./src/app/layout.tsx [Server Component] @ http://localhost:3000/_next/static/chunks/node_modules_next_dist_0u_w_5s._.js:1945
[ 1181044ms] [ERROR] ./src/app/globals.css
Error evaluating Node.js code
CssSyntaxError: tailwindcss: C:\Projects\GWTH_V2\src\app\globals.css:1:1: Invalid code point 16707002
    [at Input.error (turbopack:///[project]/node_modules/postcss/lib/input.js:135:16)]
    [at Root.error (turbopack:///[project]/node_modules/postcss/lib/node.js:146:32)]
    [at Object.Once (C:\Projects\GWTH_V2\node_modules\@tailwindcss\postcss\dist\index.js:10:6911)]
    [at async LazyResult.runAsync (turbopack:///[project]/node_modules/postcss/lib/lazy-result.js:293:11)]
    [at async transform (turbopack:///[turbopack-node]/transforms/postcss.ts:70:34)]
    [at async run (turbopack:///[turbopack-node]/child_process/evaluate.ts:89:23)]

Import trace:
  Client Component Browser:
    ./src/app/globals.css [Client Component Browser]
    ./src/app/layout.tsx [Server Component] @ http://localhost:3000/_next/static/chunks/node_modules_next_dist_0u_w_5s._.js:1945
[ 1181067ms] [LOG] [Fast Refresh] rebuilding @ http://localhost:3000/_next/static/chunks/node_modules_next_dist_0u_w_5s._.js:1226
[ 1183317ms] [ERROR] ./src/app/globals.css
Error evaluating Node.js code
CssSyntaxError: tailwindcss: C:\Projects\GWTH_V2\src\app\globals.css:1:1: Invalid code point 16707002
    [at Input.error (turbopack:///[project]/node_modules/postcss/lib/input.js:135:16)]
    [at Root.error (turbopack:///[project]/node_modules/postcss/lib/node.js:146:32)]
    [at Object.Once (C:\Projects\GWTH_V2\node_modules\@tailwindcss\postcss\dist\index.js:10:6911)]
    [at async LazyResult.runAsync (turbopack:///[project]/node_modules/postcss/lib/lazy-result.js:293:11)]
    [at async transform (turbopack:///[turbopack-node]/transforms/postcss.ts:70:34)]
    [at async run (turbopack:///[turbopack-node]/child_process/evaluate.ts:89:23)]

Import trace:
  Client Component Browser:
    ./src/app/globals.css [Client Component Browser]
    ./src/app/layout.tsx [Server Component] @ http://localhost:3000/_next/static/chunks/node_modules_next_dist_0u_w_5s._.js:1945
[ 1183367ms] [ERROR] ./src/app/globals.css
Error evaluating Node.js code
CssSyntaxError: tailwindcss: C:\Projects\GWTH_V2\src\app\globals.css:1:1: Invalid code point 16707002
    [at Input.error (turbopack:///[project]/node_modules/postcss/lib/input.js:135:16)]
    [at Root.error (turbopack:///[project]/node_modules/postcss/lib/node.js:146:32)]
    [at Object.Once (C:\Projects\GWTH_V2\node_modules\@tailwindcss\postcss\dist\index.js:10:6911)]
    [at async LazyResult.runAsync (turbopack:///[project]/node_modules/postcss/lib/lazy-result.js:293:11)]
    [at async transform (turbopack:///[turbopack-node]/transforms/postcss.ts:70:34)]
    [at async run (turbopack:///[turbopack-node]/child_process/evaluate.ts:89:23)]

Import trace:
  Client Component Browser:
    ./src/app/globals.css [Client Component Browser]
    ./src/app/layout.tsx [Server Component] @ http://localhost:3000/_next/static/chunks/node_modules_next_dist_0u_w_5s._.js:1945
[ 1183475ms] [LOG] [Fast Refresh] rebuilding @ http://localhost:3000/_next/static/chunks/node_modules_next_dist_0u_w_5s._.js:1226
[ 1183647ms] [ERROR] ./src/app/globals.css
Error evaluating Node.js code
CssSyntaxError: tailwindcss: C:\Projects\GWTH_V2\src\app\globals.css:1:1: Invalid code point 16707002
    [at Input.error (turbopack:///[project]/node_modules/postcss/lib/input.js:135:16)]
    [at Root.error (turbopack:///[project]/node_modules/postcss/lib/node.js:146:32)]
    [at Object.Once (C:\Projects\GWTH_V2\node_modules\@tailwindcss\postcss\dist\index.js:10:6911)]
    [at async LazyResult.runAsync (turbopack:///[project]/node_modules/postcss/lib/lazy-result.js:293:11)]
    [at async transform (turbopack:///[turbopack-node]/transforms/postcss.ts:70:34)]
    [at async run (turbopack:///[turbopack-node]/child_process/evaluate.ts:89:23)]

Import trace:
  Client Component Browser:
    ./src/app/globals.css [Client Component Browser]
    ./src/app/layout.tsx [Server Component] @ http://localhost:3000/_next/static/chunks/node_modules_next_dist_0u_w_5s._.js:1945
[ 1184520ms] [LOG] [Fast Refresh] rebuilding @ http://localhost:3000/_next/static/chunks/node_modules_next_dist_0u_w_5s._.js:1226
[ 1184571ms] [ERROR] ./src/app/globals.css
Error evaluating Node.js code
CssSyntaxError: tailwindcss: C:\Projects\GWTH_V2\src\app\globals.css:1:1: Invalid code point 16707002
    [at Input.error (turbopack:///[project]/node_modules/postcss/lib/input.js:135:16)]
    [at Root.error (turbopack:///[project]/node_modules/postcss/lib/node.js:146:32)]
    [at Object.Once (C:\Projects\GWTH_V2\node_modules\@tailwindcss\postcss\dist\index.js:10:6911)]
    [at async LazyResult.runAsync (turbopack:///[project]/node_modules/postcss/lib/lazy-result.js:293:11)]
    [at async transform (turbopack:///[turbopack-node]/transforms/postcss.ts:70:34)]
    [at async run (turbopack:///[turbopack-node]/child_process/evaluate.ts:89:23)]

Import trace:
  Client Component Browser:
    ./src/app/globals.css [Client Component Browser]
    ./src/app/layout.tsx [Server Component] @ http://localhost:3000/_next/static/chunks/node_modules_next_dist_0u_w_5s._.js:1945
[ 1186487ms] [ERROR] ./src/app/globals.css
Error evaluating Node.js code
CssSyntaxError: tailwindcss: C:\Projects\GWTH_V2\src\app\globals.css:1:1: Invalid code point 16707002
    [at Input.error (turbopack:///[project]/node_modules/postcss/lib/input.js:135:16)]
    [at Root.error (turbopack:///[project]/node_modules/postcss/lib/node.js:146:32)]
    [at Object.Once (C:\Projects\GWTH_V2\node_modules\@tailwindcss\postcss\dist\index.js:10:6911)]
    [at async LazyResult.runAsync (turbopack:///[project]/node_modules/postcss/lib/lazy-result.js:293:11)]
    [at async transform (turbopack:///[turbopack-node]/transforms/postcss.ts:70:34)]
    [at async run (turbopack:///[turbopack-node]/child_process/evaluate.ts:89:23)]

Import trace:
  Client Component Browser:
    ./src/app/globals.css [Client Component Browser]
    ./src/app/layout.tsx [Server Component] @ http://localhost:3000/_next/static/chunks/node_modules_next_dist_0u_w_5s._.js:1945
[ 1186592ms] [LOG] [Fast Refresh] rebuilding @ http://localhost:3000/_next/static/chunks/node_modules_next_dist_0u_w_5s._.js:1226
[ 1186633ms] [ERROR] ./src/app/globals.css
Error evaluating Node.js code
CssSyntaxError: tailwindcss: C:\Projects\GWTH_V2\src\app\globals.css:1:1: Invalid code point 16707002
    [at Input.error (turbopack:///[project]/node_modules/postcss/lib/input.js:135:16)]
    [at Root.error (turbopack:///[project]/node_modules/postcss/lib/node.js:146:32)]
    [at Object.Once (C:\Projects\GWTH_V2\node_modules\@tailwindcss\postcss\dist\index.js:10:6911)]
    [at async LazyResult.runAsync (turbopack:///[project]/node_modules/postcss/lib/lazy-result.js:293:11)]
    [at async transform (turbopack:///[turbopack-node]/transforms/postcss.ts:70:34)]
    [at async run (turbopack:///[turbopack-node]/child_process/evaluate.ts:89:23)]

Import trace:
  Client Component Browser:
    ./src/app/globals.css [Client Component Browser]
    ./src/app/layout.tsx [Server Component] @ http://localhost:3000/_next/static/chunks/node_modules_next_dist_0u_w_5s._.js:1945
[ 1188298ms] [ERROR] ./src/app/globals.css
Error evaluating Node.js code
CssSyntaxError: tailwindcss: C:\Projects\GWTH_V2\src\app\globals.css:1:1: Invalid code point 16707002
    [at Input.error (turbopack:///[project]/node_modules/postcss/lib/input.js:135:16)]
    [at Root.error (turbopack:///[project]/node_modules/postcss/lib/node.js:146:32)]
    [at Object.Once (C:\Projects\GWTH_V2\node_modules\@tailwindcss\postcss\dist\index.js:10:6911)]
    [at async LazyResult.runAsync (turbopack:///[project]/node_modules/postcss/lib/lazy-result.js:293:11)]
    [at async transform (turbopack:///[turbopack-node]/transforms/postcss.ts:70:34)]
    [at async run (turbopack:///[turbopack-node]/child_process/evaluate.ts:89:23)]

Import trace:
  Client Component Browser:
    ./src/app/globals.css [Client Component Browser]
    ./src/app/layout.tsx [Server Component] @ http://localhost:3000/_next/static/chunks/node_modules_next_dist_0u_w_5s._.js:1945
[ 1188397ms] [LOG] [Fast Refresh] rebuilding @ http://localhost:3000/_next/static/chunks/node_modules_next_dist_0u_w_5s._.js:1226
[ 1188661ms] [ERROR] ./src/app/globals.css
Error evaluating Node.js code
CssSyntaxError: tailwindcss: C:\Projects\GWTH_V2\src\app\globals.css:1:1: Invalid code point 16707002
    [at Input.error (turbopack:///[project]/node_modules/postcss/lib/input.js:135:16)]
    [at Root.error (turbopack:///[project]/node_modules/postcss/lib/node.js:146:32)]
    [at Object.Once (C:\Projects\GWTH_V2\node_modules\@tailwindcss\postcss\dist\index.js:10:6911)]
    [at async LazyResult.runAsync (turbopack:///[project]/node_modules/postcss/lib/lazy-result.js:293:11)]
    [at async transform (turbopack:///[turbopack-node]/transforms/postcss.ts:70:34)]
    [at async run (turbopack:///[turbopack-node]/child_process/evaluate.ts:89:23)]

Import trace:
  Client Component Browser:
    ./src/app/globals.css [Client Component Browser]
    ./src/app/layout.tsx [Server Component] @ http://localhost:3000/_next/static/chunks/node_modules_next_dist_0u_w_5s._.js:1945
[ 1188759ms] [LOG] [Fast Refresh] rebuilding @ http://localhost:3000/_next/static/chunks/node_modules_next_dist_0u_w_5s._.js:1226
[ 1189452ms] [LOG] [Fast Refresh] rebuilding @ http://localhost:3000/_next/static/chunks/node_modules_next_dist_0u_w_5s._.js:1226
[ 1189462ms] [ERROR] ./src/app/globals.css
Error evaluating Node.js code
CssSyntaxError: tailwindcss: C:\Projects\GWTH_V2\src\app\globals.css:1:1: Invalid code point 16707002
    [at Input.error (turbopack:///[project]/node_modules/postcss/lib/input.js:135:16)]
    [at Root.error (turbopack:///[project]/node_modules/postcss/lib/node.js:146:32)]
    [at Object.Once (C:\Projects\GWTH_V2\node_modules\@tailwindcss\postcss\dist\index.js:10:6911)]
    [at async LazyResult.runAsync (turbopack:///[project]/node_modules/postcss/lib/lazy-result.js:293:11)]
    [at async transform (turbopack:///[turbopack-node]/transforms/postcss.ts:70:34)]
    [at async run (turbopack:///[turbopack-node]/child_process/evaluate.ts:89:23)]

Import trace:
  Client Component Browser:
    ./src/app/globals.css [Client Component Browser]
    ./src/app/layout.tsx [Server Component] @ http://localhost:3000/_next/static/chunks/node_modules_next_dist_0u_w_5s._.js:1945
[ 1189830ms] [ERROR] ./src/app/globals.css
Error evaluating Node.js code
CssSyntaxError: tailwindcss: C:\Projects\GWTH_V2\src\app\globals.css:1:1: Invalid code point 16707002
    [at Input.error (turbopack:///[project]/node_modules/postcss/lib/input.js:135:16)]
    [at Root.error (turbopack:///[project]/node_modules/postcss/lib/node.js:146:32)]
    [at Object.Once (C:\Projects\GWTH_V2\node_modules\@tailwindcss\postcss\dist\index.js:10:6911)]
    [at async LazyResult.runAsync (turbopack:///[project]/node_modules/postcss/lib/lazy-result.js:293:11)]
    [at async transform (turbopack:///[turbopack-node]/transforms/postcss.ts:70:34)]
    [at async run (turbopack:///[turbopack-node]/child_process/evaluate.ts:89:23)]

Import trace:
  Client Component Browser:
    ./src/app/globals.css [Client Component Browser]
    ./src/app/layout.tsx [Server Component] @ http://localhost:3000/_next/static/chunks/node_modules_next_dist_0u_w_5s._.js:1945
[ 1189929ms] [LOG] [Fast Refresh] rebuilding @ http://localhost:3000/_next/static/chunks/node_modules_next_dist_0u_w_5s._.js:1226
[ 1190328ms] [ERROR] ./src/app/globals.css
Error evaluating Node.js code
CssSyntaxError: tailwindcss: C:\Projects\GWTH_V2\src\app\globals.css:1:1: Invalid code point 16707002
    [at Input.error (turbopack:///[project]/node_modules/postcss/lib/input.js:135:16)]
    [at Root.error (turbopack:///[project]/node_modules/postcss/lib/node.js:146:32)]
    [at Object.Once (C:\Projects\GWTH_V2\node_modules\@tailwindcss\postcss\dist\index.js:10:6911)]
    [at async LazyResult.runAsync (turbopack:///[project]/node_modules/postcss/lib/lazy-result.js:293:11)]
    [at async transform (turbopack:///[turbopack-node]/transforms/postcss.ts:70:34)]
    [at async run (turbopack:///[turbopack-node]/child_process/evaluate.ts:89:23)]

Import trace:
  Client Component Browser:
    ./src/app/globals.css [Client Component Browser]
    ./src/app/layout.tsx [Server Component] @ http://localhost:3000/_next/static/chunks/node_modules_next_dist_0u_w_5s._.js:1945
[ 1190432ms] [LOG] [Fast Refresh] rebuilding @ http://localhost:3000/_next/static/chunks/node_modules_next_dist_0u_w_5s._.js:1226
[ 1190759ms] [ERROR] ./src/app/globals.css
Error evaluating Node.js code
CssSyntaxError: tailwindcss: C:\Projects\GWTH_V2\src\app\globals.css:1:1: Invalid code point 16707002
    [at Input.error (turbopack:///[project]/node_modules/postcss/lib/input.js:135:16)]
    [at Root.error (turbopack:///[project]/node_modules/postcss/lib/node.js:146:32)]
    [at Object.Once (C:\Projects\GWTH_V2\node_modules\@tailwindcss\postcss\dist\index.js:10:6911)]
    [at async LazyResult.runAsync (turbopack:///[project]/node_modules/postcss/lib/lazy-result.js:293:11)]
    [at async transform (turbopack:///[turbopack-node]/transforms/postcss.ts:70:34)]
    [at async run (turbopack:///[turbopack-node]/child_process/evaluate.ts:89:23)]

Import trace:
  Client Component Browser:
    ./src/app/globals.css [Client Component Browser]
    ./src/app/layout.tsx [Server Component] @ http://localhost:3000/_next/static/chunks/node_modules_next_dist_0u_w_5s._.js:1945
[ 1190858ms] [LOG] [Fast Refresh] rebuilding @ http://localhost:3000/_next/static/chunks/node_modules_next_dist_0u_w_5s._.js:1226
[ 1191527ms] [ERROR] ./src/app/globals.css
Error evaluating Node.js code
CssSyntaxError: tailwindcss: C:\Projects\GWTH_V2\src\app\globals.css:1:1: Invalid code point 16707002
    [at Input.error (turbopack:///[project]/node_modules/postcss/lib/input.js:135:16)]
    [at Root.error (turbopack:///[project]/node_modules/postcss/lib/node.js:146:32)]
    [at Object.Once (C:\Projects\GWTH_V2\node_modules\@tailwindcss\postcss\dist\index.js:10:6911)]
    [at async LazyResult.runAsync (turbopack:///[project]/node_modules/postcss/lib/lazy-result.js:293:11)]
    [at async transform (turbopack:///[turbopack-node]/transforms/postcss.ts:70:34)]
    [at async run (turbopack:///[turbopack-node]/child_process/evaluate.ts:89:23)]

Import trace:
  Client Component Browser:
    ./src/app/globals.css [Client Component Browser]
    ./src/app/layout.tsx [Server Component] @ http://localhost:3000/_next/static/chunks/node_modules_next_dist_0u_w_5s._.js:1945
[ 1191625ms] [LOG] [Fast Refresh] rebuilding @ http://localhost:3000/_next/static/chunks/node_modules_next_dist_0u_w_5s._.js:1226
[ 1191717ms] [ERROR] ./src/app/globals.css
Error evaluating Node.js code
CssSyntaxError: tailwindcss: C:\Projects\GWTH_V2\src\app\globals.css:1:1: Invalid code point 16707002
    [at Input.error (turbopack:///[project]/node_modules/postcss/lib/input.js:135:16)]
    [at Root.error (turbopack:///[project]/node_modules/postcss/lib/node.js:146:32)]
    [at Object.Once (C:\Projects\GWTH_V2\node_modules\@tailwindcss\postcss\dist\index.js:10:6911)]
    [at async LazyResult.runAsync (turbopack:///[project]/node_modules/postcss/lib/lazy-result.js:293:11)]
    [at async transform (turbopack:///[turbopack-node]/transforms/postcss.ts:70:34)]
    [at async run (turbopack:///[turbopack-node]/child_process/evaluate.ts:89:23)]

Import trace:
  Client Component Browser:
    ./src/app/globals.css [Client Component Browser]
    ./src/app/layout.tsx [Server Component] @ http://localhost:3000/_next/static/chunks/node_modules_next_dist_0u_w_5s._.js:1945
[ 1191816ms] [LOG] [Fast Refresh] rebuilding @ http://localhost:3000/_next/static/chunks/node_modules_next_dist_0u_w_5s._.js:1226
[ 1191953ms] [ERROR] ./src/app/globals.css
Error evaluating Node.js code
CssSyntaxError: tailwindcss: C:\Projects\GWTH_V2\src\app\globals.css:1:1: Invalid code point 16707002
    [at Input.error (turbopack:///[project]/node_modules/postcss/lib/input.js:135:16)]
    [at Root.error (turbopack:///[project]/node_modules/postcss/lib/node.js:146:32)]
    [at Object.Once (C:\Projects\GWTH_V2\node_modules\@tailwindcss\postcss\dist\index.js:10:6911)]
    [at async LazyResult.runAsync (turbopack:///[project]/node_modules/postcss/lib/lazy-result.js:293:11)]
    [at async transform (turbopack:///[turbopack-node]/transforms/postcss.ts:70:34)]
    [at async run (turbopack:///[turbopack-node]/child_process/evaluate.ts:89:23)]

Import trace:
  Client Component Browser:
    ./src/app/globals.css [Client Component Browser]
    ./src/app/layout.tsx [Server Component] @ http://localhost:3000/_next/static/chunks/node_modules_next_dist_0u_w_5s._.js:1945
[ 1192052ms] [LOG] [Fast Refresh] rebuilding @ http://localhost:3000/_next/static/chunks/node_modules_next_dist_0u_w_5s._.js:1226
[ 1192372ms] [ERROR] ./src/app/globals.css
Error evaluating Node.js code
CssSyntaxError: tailwindcss: C:\Projects\GWTH_V2\src\app\globals.css:1:1: Invalid code point 16707002
    [at Input.error (turbopack:///[project]/node_modules/postcss/lib/input.js:135:16)]
    [at Root.error (turbopack:///[project]/node_modules/postcss/lib/node.js:146:32)]
    [at Object.Once (C:\Projects\GWTH_V2\node_modules\@tailwindcss\postcss\dist\index.js:10:6911)]
    [at async LazyResult.runAsync (turbopack:///[project]/node_modules/postcss/lib/lazy-result.js:293:11)]
    [at async transform (turbopack:///[turbopack-node]/transforms/postcss.ts:70:34)]
    [at async run (turbopack:///[turbopack-node]/child_process/evaluate.ts:89:23)]

Import trace:
  Client Component Browser:
    ./src/app/globals.css [Client Component Browser]
    ./src/app/layout.tsx [Server Component] @ http://localhost:3000/_next/static/chunks/node_modules_next_dist_0u_w_5s._.js:1945
[ 1192468ms] [LOG] [Fast Refresh] rebuilding @ http://localhost:3000/_next/static/chunks/node_modules_next_dist_0u_w_5s._.js:1226
[ 1195999ms] [ERROR] ./src/app/globals.css
Error evaluating Node.js code
CssSyntaxError: tailwindcss: C:\Projects\GWTH_V2\src\app\globals.css:1:1: Invalid code point 16707002
    [at Input.error (turbopack:///[project]/node_modules/postcss/lib/input.js:135:16)]
    [at Root.error (turbopack:///[project]/node_modules/postcss/lib/node.js:146:32)]
    [at Object.Once (C:\Projects\GWTH_V2\node_modules\@tailwindcss\postcss\dist\index.js:10:6911)]
    [at async LazyResult.runAsync (turbopack:///[project]/node_modules/postcss/lib/lazy-result.js:293:11)]
    [at async transform (turbopack:///[turbopack-node]/transforms/postcss.ts:70:34)]
    [at async run (turbopack:///[turbopack-node]/child_process/evaluate.ts:89:23)]

Import trace:
  Client Component Browser:
    ./src/app/globals.css [Client Component Browser]
    ./src/app/layout.tsx [Server Component] @ http://localhost:3000/_next/static/chunks/node_modules_next_dist_0u_w_5s._.js:1945
[ 1196104ms] [LOG] [Fast Refresh] rebuilding @ http://localhost:3000/_next/static/chunks/node_modules_next_dist_0u_w_5s._.js:1226
[ 1196369ms] [ERROR] ./src/app/globals.css
Error evaluating Node.js code
CssSyntaxError: tailwindcss: C:\Projects\GWTH_V2\src\app\globals.css:1:1: Invalid code point 16707002
    [at Input.error (turbopack:///[project]/node_modules/postcss/lib/input.js:135:16)]
    [at Root.error (turbopack:///[project]/node_modules/postcss/lib/node.js:146:32)]
    [at Object.Once (C:\Projects\GWTH_V2\node_modules\@tailwindcss\postcss\dist\index.js:10:6911)]
    [at async LazyResult.runAsync (turbopack:///[project]/node_modules/postcss/lib/lazy-result.js:293:11)]
    [at async transform (turbopack:///[turbopack-node]/transforms/postcss.ts:70:34)]
    [at async run (turbopack:///[turbopack-node]/child_process/evaluate.ts:89:23)]

Import trace:
  Client Component Browser:
    ./src/app/globals.css [Client Component Browser]
    ./src/app/layout.tsx [Server Component] @ http://localhost:3000/_next/static/chunks/node_modules_next_dist_0u_w_5s._.js:1945
[ 1196502ms] [ERROR] ./src/app/globals.css
Error evaluating Node.js code
CssSyntaxError: tailwindcss: C:\Projects\GWTH_V2\src\app\globals.css:1:1: Invalid code point 16707002
    [at Input.error (turbopack:///[project]/node_modules/postcss/lib/input.js:135:16)]
    [at Root.error (turbopack:///[project]/node_modules/postcss/lib/node.js:146:32)]
    [at Object.Once (C:\Projects\GWTH_V2\node_modules\@tailwindcss\postcss\dist\index.js:10:6911)]
    [at async LazyResult.runAsync (turbopack:///[project]/node_modules/postcss/lib/lazy-result.js:293:11)]
    [at async transform (turbopack:///[turbopack-node]/transforms/postcss.ts:70:34)]
    [at async run (turbopack:///[turbopack-node]/child_process/evaluate.ts:89:23)]

Import trace:
  Client Component Browser:
    ./src/app/globals.css [Client Component Browser]
    ./src/app/layout.tsx [Server Component] @ http://localhost:3000/_next/static/chunks/node_modules_next_dist_0u_w_5s._.js:1945
[ 1196602ms] [LOG] [Fast Refresh] rebuilding @ http://localhost:3000/_next/static/chunks/node_modules_next_dist_0u_w_5s._.js:1226
[ 1198505ms] [LOG] [Fast Refresh] rebuilding @ http://localhost:3000/_next/static/chunks/node_modules_next_dist_0u_w_5s._.js:1226
[ 1198598ms] [ERROR] ./src/app/globals.css
Error evaluating Node.js code
CssSyntaxError: tailwindcss: C:\Projects\GWTH_V2\src\app\globals.css:1:1: Invalid code point 16707002
    [at Input.error (turbopack:///[project]/node_modules/postcss/lib/input.js:135:16)]
    [at Root.error (turbopack:///[project]/node_modules/postcss/lib/node.js:146:32)]
    [at Object.Once (C:\Projects\GWTH_V2\node_modules\@tailwindcss\postcss\dist\index.js:10:6911)]
    [at async LazyResult.runAsync (turbopack:///[project]/node_modules/postcss/lib/lazy-result.js:293:11)]
    [at async transform (turbopack:///[turbopack-node]/transforms/postcss.ts:70:34)]
    [at async run (turbopack:///[turbopack-node]/child_process/evaluate.ts:89:23)]

Import trace:
  Client Component Browser:
    ./src/app/globals.css [Client Component Browser]
    ./src/app/layout.tsx [Server Component] @ http://localhost:3000/_next/static/chunks/node_modules_next_dist_0u_w_5s._.js:1945
[ 1201666ms] [ERROR] ./src/app/globals.css
Error evaluating Node.js code
CssSyntaxError: tailwindcss: C:\Projects\GWTH_V2\src\app\globals.css:1:1: Invalid code point 16707002
    [at Input.error (turbopack:///[project]/node_modules/postcss/lib/input.js:135:16)]
    [at Root.error (turbopack:///[project]/node_modules/postcss/lib/node.js:146:32)]
    [at Object.Once (C:\Projects\GWTH_V2\node_modules\@tailwindcss\postcss\dist\index.js:10:6911)]
    [at async LazyResult.runAsync (turbopack:///[project]/node_modules/postcss/lib/lazy-result.js:293:11)]
    [at async transform (turbopack:///[turbopack-node]/transforms/postcss.ts:70:34)]
    [at async run (turbopack:///[turbopack-node]/child_process/evaluate.ts:89:23)]

Import trace:
  Client Component Browser:
    ./src/app/globals.css [Client Component Browser]
    ./src/app/layout.tsx [Server Component] @ http://localhost:3000/_next/static/chunks/node_modules_next_dist_0u_w_5s._.js:1945
[ 1201685ms] [ERROR] ./src/app/globals.css
Error evaluating Node.js code
CssSyntaxError: tailwindcss: C:\Projects\GWTH_V2\src\app\globals.css:1:1: Invalid code point 16707002
    [at Input.error (turbopack:///[project]/node_modules/postcss/lib/input.js:135:16)]
    [at Root.error (turbopack:///[project]/node_modules/postcss/lib/node.js:146:32)]
    [at Object.Once (C:\Projects\GWTH_V2\node_modules\@tailwindcss\postcss\dist\index.js:10:6911)]
    [at async LazyResult.runAsync (turbopack:///[project]/node_modules/postcss/lib/lazy-result.js:293:11)]
    [at async transform (turbopack:///[turbopack-node]/transforms/postcss.ts:70:34)]
    [at async run (turbopack:///[turbopack-node]/child_process/evaluate.ts:89:23)]

Import trace:
  Client Component Browser:
    ./src/app/globals.css [Client Component Browser]
    ./src/app/layout.tsx [Server Component] @ http://localhost:3000/_next/static/chunks/node_modules_next_dist_0u_w_5s._.js:1945
[ 1201779ms] [LOG] [Fast Refresh] rebuilding @ http://localhost:3000/_next/static/chunks/node_modules_next_dist_0u_w_5s._.js:1226
[ 1201948ms] [ERROR] ./src/app/globals.css
Error evaluating Node.js code
CssSyntaxError: tailwindcss: C:\Projects\GWTH_V2\src\app\globals.css:1:1: Invalid code point 16707002
    [at Input.error (turbopack:///[project]/node_modules/postcss/lib/input.js:135:16)]
    [at Root.error (turbopack:///[project]/node_modules/postcss/lib/node.js:146:32)]
    [at Object.Once (C:\Projects\GWTH_V2\node_modules\@tailwindcss\postcss\dist\index.js:10:6911)]
    [at async LazyResult.runAsync (turbopack:///[project]/node_modules/postcss/lib/lazy-result.js:293:11)]
    [at async transform (turbopack:///[turbopack-node]/transforms/postcss.ts:70:34)]
    [at async run (turbopack:///[turbopack-node]/child_process/evaluate.ts:89:23)]

Import trace:
  Client Component Browser:
    ./src/app/globals.css [Client Component Browser]
    ./src/app/layout.tsx [Server Component] @ http://localhost:3000/_next/static/chunks/node_modules_next_dist_0u_w_5s._.js:1945
[ 1202029ms] [LOG] [Fast Refresh] rebuilding @ http://localhost:3000/_next/static/chunks/node_modules_next_dist_0u_w_5s._.js:1226
[ 1202096ms] [ERROR] ./src/app/globals.css
Error evaluating Node.js code
CssSyntaxError: tailwindcss: C:\Projects\GWTH_V2\src\app\globals.css:1:1: Invalid code point 16707002
    [at Input.error (turbopack:///[project]/node_modules/postcss/lib/input.js:135:16)]
    [at Root.error (turbopack:///[project]/node_modules/postcss/lib/node.js:146:32)]
    [at Object.Once (C:\Projects\GWTH_V2\node_modules\@tailwindcss\postcss\dist\index.js:10:6911)]
    [at async LazyResult.runAsync (turbopack:///[project]/node_modules/postcss/lib/lazy-result.js:293:11)]
    [at async transform (turbopack:///[turbopack-node]/transforms/postcss.ts:70:34)]
    [at async run (turbopack:///[turbopack-node]/child_process/evaluate.ts:89:23)]

Import trace:
  Client Component Browser:
    ./src/app/globals.css [Client Component Browser]
    ./src/app/layout.tsx [Server Component] @ http://localhost:3000/_next/static/chunks/node_modules_next_dist_0u_w_5s._.js:1945
[ 1202196ms] [LOG] [Fast Refresh] rebuilding @ http://localhost:3000/_next/static/chunks/node_modules_next_dist_0u_w_5s._.js:1226
[ 1202706ms] [ERROR] ./src/app/globals.css
Error evaluating Node.js code
CssSyntaxError: tailwindcss: C:\Projects\GWTH_V2\src\app\globals.css:1:1: Invalid code point 16707002
    [at Input.error (turbopack:///[project]/node_modules/postcss/lib/input.js:135:16)]
    [at Root.error (turbopack:///[project]/node_modules/postcss/lib/node.js:146:32)]
    [at Object.Once (C:\Projects\GWTH_V2\node_modules\@tailwindcss\postcss\dist\index.js:10:6911)]
    [at async LazyResult.runAsync (turbopack:///[project]/node_modules/postcss/lib/lazy-result.js:293:11)]
    [at async transform (turbopack:///[turbopack-node]/transforms/postcss.ts:70:34)]
    [at async run (turbopack:///[turbopack-node]/child_process/evaluate.ts:89:23)]

Import trace:
  Client Component Browser:
    ./src/app/globals.css [Client Component Browser]
    ./src/app/layout.tsx [Server Component] @ http://localhost:3000/_next/static/chunks/node_modules_next_dist_0u_w_5s._.js:1945
[ 1202729ms] [LOG] [Fast Refresh] rebuilding @ http://localhost:3000/_next/static/chunks/node_modules_next_dist_0u_w_5s._.js:1226
[ 1205004ms] [ERROR] ./src/app/globals.css
Error evaluating Node.js code
CssSyntaxError: tailwindcss: C:\Projects\GWTH_V2\src\app\globals.css:1:1: Invalid code point 16707002
    [at Input.error (turbopack:///[project]/node_modules/postcss/lib/input.js:135:16)]
    [at Root.error (turbopack:///[project]/node_modules/postcss/lib/node.js:146:32)]
    [at Object.Once (C:\Projects\GWTH_V2\node_modules\@tailwindcss\postcss\dist\index.js:10:6911)]
    [at async LazyResult.runAsync (turbopack:///[project]/node_modules/postcss/lib/lazy-result.js:293:11)]
    [at async transform (turbopack:///[turbopack-node]/transforms/postcss.ts:70:34)]
    [at async run (turbopack:///[turbopack-node]/child_process/evaluate.ts:89:23)]

Import trace:
  Client Component Browser:
    ./src/app/globals.css [Client Component Browser]
    ./src/app/layout.tsx [Server Component] @ http://localhost:3000/_next/static/chunks/node_modules_next_dist_0u_w_5s._.js:1945
[ 1205024ms] [LOG] [Fast Refresh] rebuilding @ http://localhost:3000/_next/static/chunks/node_modules_next_dist_0u_w_5s._.js:1226
[ 1205682ms] [LOG] [Fast Refresh] rebuilding @ http://localhost:3000/_next/static/chunks/node_modules_next_dist_0u_w_5s._.js:1226
[ 1205689ms] [ERROR] ./src/app/globals.css
Error evaluating Node.js code
CssSyntaxError: tailwindcss: C:\Projects\GWTH_V2\src\app\globals.css:1:1: Invalid code point 16707002
    [at Input.error (turbopack:///[project]/node_modules/postcss/lib/input.js:135:16)]
    [at Root.error (turbopack:///[project]/node_modules/postcss/lib/node.js:146:32)]
    [at Object.Once (C:\Projects\GWTH_V2\node_modules\@tailwindcss\postcss\dist\index.js:10:6911)]
    [at async LazyResult.runAsync (turbopack:///[project]/node_modules/postcss/lib/lazy-result.js:293:11)]
    [at async transform (turbopack:///[turbopack-node]/transforms/postcss.ts:70:34)]
    [at async run (turbopack:///[turbopack-node]/child_process/evaluate.ts:89:23)]

Import trace:
  Client Component Browser:
    ./src/app/globals.css [Client Component Browser]
    ./src/app/layout.tsx [Server Component] @ http://localhost:3000/_next/static/chunks/node_modules_next_dist_0u_w_5s._.js:1945
[ 1208008ms] [ERROR] ./src/app/globals.css
Error evaluating Node.js code
CssSyntaxError: tailwindcss: C:\Projects\GWTH_V2\src\app\globals.css:1:1: Invalid code point 16707002
    [at Input.error (turbopack:///[project]/node_modules/postcss/lib/input.js:135:16)]
    [at Root.error (turbopack:///[project]/node_modules/postcss/lib/node.js:146:32)]
    [at Object.Once (C:\Projects\GWTH_V2\node_modules\@tailwindcss\postcss\dist\index.js:10:6911)]
    [at async LazyResult.runAsync (turbopack:///[project]/node_modules/postcss/lib/lazy-result.js:293:11)]
    [at async transform (turbopack:///[turbopack-node]/transforms/postcss.ts:70:34)]
    [at async run (turbopack:///[turbopack-node]/child_process/evaluate.ts:89:23)]

Import trace:
  Client Component Browser:
    ./src/app/globals.css [Client Component Browser]
    ./src/app/layout.tsx [Server Component] @ http://localhost:3000/_next/static/chunks/node_modules_next_dist_0u_w_5s._.js:1945
[ 1208012ms] [LOG] [Fast Refresh] rebuilding @ http://localhost:3000/_next/static/chunks/node_modules_next_dist_0u_w_5s._.js:1226
[ 1209040ms] [ERROR] ./src/app/globals.css
Error evaluating Node.js code
CssSyntaxError: tailwindcss: C:\Projects\GWTH_V2\src\app\globals.css:1:1: Invalid code point 16707002
    [at Input.error (turbopack:///[project]/node_modules/postcss/lib/input.js:135:16)]
    [at Root.error (turbopack:///[project]/node_modules/postcss/lib/node.js:146:32)]
    [at Object.Once (C:\Projects\GWTH_V2\node_modules\@tailwindcss\postcss\dist\index.js:10:6911)]
    [at async LazyResult.runAsync (turbopack:///[project]/node_modules/postcss/lib/lazy-result.js:293:11)]
    [at async transform (turbopack:///[turbopack-node]/transforms/postcss.ts:70:34)]
    [at async run (turbopack:///[turbopack-node]/child_process/evaluate.ts:89:23)]

Import trace:
  Client Component Browser:
    ./src/app/globals.css [Client Component Browser]
    ./src/app/layout.tsx [Server Component] @ http://localhost:3000/_next/static/chunks/node_modules_next_dist_0u_w_5s._.js:1945
[ 1209084ms] [LOG] [Fast Refresh] rebuilding @ http://localhost:3000/_next/static/chunks/node_modules_next_dist_0u_w_5s._.js:1226
[ 1211522ms] [ERROR] ./src/app/globals.css
Error evaluating Node.js code
CssSyntaxError: tailwindcss: C:\Projects\GWTH_V2\src\app\globals.css:1:1: Invalid code point 16707002
    [at Input.error (turbopack:///[project]/node_modules/postcss/lib/input.js:135:16)]
    [at Root.error (turbopack:///[project]/node_modules/postcss/lib/node.js:146:32)]
    [at Object.Once (C:\Projects\GWTH_V2\node_modules\@tailwindcss\postcss\dist\index.js:10:6911)]
    [at async LazyResult.runAsync (turbopack:///[project]/node_modules/postcss/lib/lazy-result.js:293:11)]
    [at async transform (turbopack:///[turbopack-node]/transforms/postcss.ts:70:34)]
    [at async run (turbopack:///[turbopack-node]/child_process/evaluate.ts:89:23)]

Import trace:
  Client Component Browser:
    ./src/app/globals.css [Client Component Browser]
    ./src/app/layout.tsx [Server Component] @ http://localhost:3000/_next/static/chunks/node_modules_next_dist_0u_w_5s._.js:1945
[ 1211532ms] [LOG] [Fast Refresh] rebuilding @ http://localhost:3000/_next/static/chunks/node_modules_next_dist_0u_w_5s._.js:1226
[ 1211843ms] [ERROR] ./src/app/globals.css
Error evaluating Node.js code
CssSyntaxError: tailwindcss: C:\Projects\GWTH_V2\src\app\globals.css:1:1: Invalid code point 16707002
    [at Input.error (turbopack:///[project]/node_modules/postcss/lib/input.js:135:16)]
    [at Root.error (turbopack:///[project]/node_modules/postcss/lib/node.js:146:32)]
    [at Object.Once (C:\Projects\GWTH_V2\node_modules\@tailwindcss\postcss\dist\index.js:10:6911)]
    [at async LazyResult.runAsync (turbopack:///[project]/node_modules/postcss/lib/lazy-result.js:293:11)]
    [at async transform (turbopack:///[turbopack-node]/transforms/postcss.ts:70:34)]
    [at async run (turbopack:///[turbopack-node]/child_process/evaluate.ts:89:23)]

Import trace:
  Client Component Browser:
    ./src/app/globals.css [Client Component Browser]
    ./src/app/layout.tsx [Server Component] @ http://localhost:3000/_next/static/chunks/node_modules_next_dist_0u_w_5s._.js:1945
[ 1211881ms] [LOG] [Fast Refresh] rebuilding @ http://localhost:3000/_next/static/chunks/node_modules_next_dist_0u_w_5s._.js:1226
[ 1214501ms] [ERROR] ./src/app/globals.css
Error evaluating Node.js code
CssSyntaxError: tailwindcss: C:\Projects\GWTH_V2\src\app\globals.css:1:1: Invalid code point 16707002
    [at Input.error (turbopack:///[project]/node_modules/postcss/lib/input.js:135:16)]
    [at Root.error (turbopack:///[project]/node_modules/postcss/lib/node.js:146:32)]
    [at Object.Once (C:\Projects\GWTH_V2\node_modules\@tailwindcss\postcss\dist\index.js:10:6911)]
    [at async LazyResult.runAsync (turbopack:///[project]/node_modules/postcss/lib/lazy-result.js:293:11)]
    [at async transform (turbopack:///[turbopack-node]/transforms/postcss.ts:70:34)]
    [at async run (turbopack:///[turbopack-node]/child_process/evaluate.ts:89:23)]

Import trace:
  Client Component Browser:
    ./src/app/globals.css [Client Component Browser]
    ./src/app/layout.tsx [Server Component] @ http://localhost:3000/_next/static/chunks/node_modules_next_dist_0u_w_5s._.js:1945
[ 1214547ms] [LOG] [Fast Refresh] rebuilding @ http://localhost:3000/_next/static/chunks/node_modules_next_dist_0u_w_5s._.js:1226
[ 1214824ms] [LOG] [Fast Refresh] rebuilding @ http://localhost:3000/_next/static/chunks/node_modules_next_dist_0u_w_5s._.js:1226
[ 1214829ms] [ERROR] ./src/app/globals.css
Error evaluating Node.js code
CssSyntaxError: tailwindcss: C:\Projects\GWTH_V2\src\app\globals.css:1:1: Invalid code point 16707002
    [at Input.error (turbopack:///[project]/node_modules/postcss/lib/input.js:135:16)]
    [at Root.error (turbopack:///[project]/node_modules/postcss/lib/node.js:146:32)]
    [at Object.Once (C:\Projects\GWTH_V2\node_modules\@tailwindcss\postcss\dist\index.js:10:6911)]
    [at async LazyResult.runAsync (turbopack:///[project]/node_modules/postcss/lib/lazy-result.js:293:11)]
    [at async transform (turbopack:///[turbopack-node]/transforms/postcss.ts:70:34)]
    [at async run (turbopack:///[turbopack-node]/child_process/evaluate.ts:89:23)]

Import trace:
  Client Component Browser:
    ./src/app/globals.css [Client Component Browser]
    ./src/app/layout.tsx [Server Component] @ http://localhost:3000/_next/static/chunks/node_modules_next_dist_0u_w_5s._.js:1945
[ 1218449ms] [ERROR] ./src/app/globals.css
Error evaluating Node.js code
CssSyntaxError: tailwindcss: C:\Projects\GWTH_V2\src\app\globals.css:1:1: Invalid code point 16707002
    [at Input.error (turbopack:///[project]/node_modules/postcss/lib/input.js:135:16)]
    [at Root.error (turbopack:///[project]/node_modules/postcss/lib/node.js:146:32)]
    [at Object.Once (C:\Projects\GWTH_V2\node_modules\@tailwindcss\postcss\dist\index.js:10:6911)]
    [at async LazyResult.runAsync (turbopack:///[project]/node_modules/postcss/lib/lazy-result.js:293:11)]
    [at async transform (turbopack:///[turbopack-node]/transforms/postcss.ts:70:34)]
    [at async run (turbopack:///[turbopack-node]/child_process/evaluate.ts:89:23)]

Import trace:
  Client Component Browser:
    ./src/app/globals.css [Client Component Browser]
    ./src/app/layout.tsx [Server Component] @ http://localhost:3000/_next/static/chunks/node_modules_next_dist_0u_w_5s._.js:1945
[ 1218483ms] [LOG] [Fast Refresh] rebuilding @ http://localhost:3000/_next/static/chunks/node_modules_next_dist_0u_w_5s._.js:1226
[ 1218669ms] [ERROR] ./src/app/globals.css
Error evaluating Node.js code
CssSyntaxError: tailwindcss: C:\Projects\GWTH_V2\src\app\globals.css:1:1: Invalid code point 16707002
    [at Input.error (turbopack:///[project]/node_modules/postcss/lib/input.js:135:16)]
    [at Root.error (turbopack:///[project]/node_modules/postcss/lib/node.js:146:32)]
    [at Object.Once (C:\Projects\GWTH_V2\node_modules\@tailwindcss\postcss\dist\index.js:10:6911)]
    [at async LazyResult.runAsync (turbopack:///[project]/node_modules/postcss/lib/lazy-result.js:293:11)]
    [at async transform (turbopack:///[turbopack-node]/transforms/postcss.ts:70:34)]
    [at async run (turbopack:///[turbopack-node]/child_process/evaluate.ts:89:23)]

Import trace:
  Client Component Browser:
    ./src/app/globals.css [Client Component Browser]
    ./src/app/layout.tsx [Server Component] @ http://localhost:3000/_next/static/chunks/node_modules_next_dist_0u_w_5s._.js:1945
[ 1218784ms] [LOG] [Fast Refresh] rebuilding @ http://localhost:3000/_next/static/chunks/node_modules_next_dist_0u_w_5s._.js:1226
[ 1219039ms] [ERROR] ./src/app/globals.css
Error evaluating Node.js code
CssSyntaxError: tailwindcss: C:\Projects\GWTH_V2\src\app\globals.css:1:1: Invalid code point 16707002
    [at Input.error (turbopack:///[project]/node_modules/postcss/lib/input.js:135:16)]
    [at Root.error (turbopack:///[project]/node_modules/postcss/lib/node.js:146:32)]
    [at Object.Once (C:\Projects\GWTH_V2\node_modules\@tailwindcss\postcss\dist\index.js:10:6911)]
    [at async LazyResult.runAsync (turbopack:///[project]/node_modules/postcss/lib/lazy-result.js:293:11)]
    [at async transform (turbopack:///[turbopack-node]/transforms/postcss.ts:70:34)]
    [at async run (turbopack:///[turbopack-node]/child_process/evaluate.ts:89:23)]

Import trace:
  Client Component Browser:
    ./src/app/globals.css [Client Component Browser]
    ./src/app/layout.tsx [Server Component] @ http://localhost:3000/_next/static/chunks/node_modules_next_dist_0u_w_5s._.js:1945
[ 1219889ms] [ERROR] ./src/app/globals.css
Error evaluating Node.js code
CssSyntaxError: tailwindcss: C:\Projects\GWTH_V2\src\app\globals.css:1:1: Invalid code point 16707002
    [at Input.error (turbopack:///[project]/node_modules/postcss/lib/input.js:135:16)]
    [at Root.error (turbopack:///[project]/node_modules/postcss/lib/node.js:146:32)]
    [at Object.Once (C:\Projects\GWTH_V2\node_modules\@tailwindcss\postcss\dist\index.js:10:6911)]
    [at async LazyResult.runAsync (turbopack:///[project]/node_modules/postcss/lib/lazy-result.js:293:11)]
    [at async transform (turbopack:///[turbopack-node]/transforms/postcss.ts:70:34)]
    [at async run (turbopack:///[turbopack-node]/child_process/evaluate.ts:89:23)]

Import trace:
  Client Component Browser:
    ./src/app/globals.css [Client Component Browser]
    ./src/app/layout.tsx [Server Component] @ http://localhost:3000/_next/static/chunks/node_modules_next_dist_0u_w_5s._.js:1945
[ 1219889ms] [LOG] [Fast Refresh] rebuilding @ http://localhost:3000/_next/static/chunks/node_modules_next_dist_0u_w_5s._.js:1226
[ 1220150ms] [ERROR] ./src/app/globals.css
Error evaluating Node.js code
CssSyntaxError: tailwindcss: C:\Projects\GWTH_V2\src\app\globals.css:1:1: Invalid code point 16707002
    [at Input.error (turbopack:///[project]/node_modules/postcss/lib/input.js:135:16)]
    [at Root.error (turbopack:///[project]/node_modules/postcss/lib/node.js:146:32)]
    [at Object.Once (C:\Projects\GWTH_V2\node_modules\@tailwindcss\postcss\dist\index.js:10:6911)]
    [at async LazyResult.runAsync (turbopack:///[project]/node_modules/postcss/lib/lazy-result.js:293:11)]
    [at async transform (turbopack:///[turbopack-node]/transforms/postcss.ts:70:34)]
    [at async run (turbopack:///[turbopack-node]/child_process/evaluate.ts:89:23)]

Import trace:
  Client Component Browser:
    ./src/app/globals.css [Client Component Browser]
    ./src/app/layout.tsx [Server Component] @ http://localhost:3000/_next/static/chunks/node_modules_next_dist_0u_w_5s._.js:1945
[ 1220252ms] [LOG] [Fast Refresh] rebuilding @ http://localhost:3000/_next/static/chunks/node_modules_next_dist_0u_w_5s._.js:1226
[ 1220388ms] [ERROR] ./src/app/globals.css
Error evaluating Node.js code
CssSyntaxError: tailwindcss: C:\Projects\GWTH_V2\src\app\globals.css:1:1: Invalid code point 16707002
    [at Input.error (turbopack:///[project]/node_modules/postcss/lib/input.js:135:16)]
    [at Root.error (turbopack:///[project]/node_modules/postcss/lib/node.js:146:32)]
    [at Object.Once (C:\Projects\GWTH_V2\node_modules\@tailwindcss\postcss\dist\index.js:10:6911)]
    [at async LazyResult.runAsync (turbopack:///[project]/node_modules/postcss/lib/lazy-result.js:293:11)]
    [at async transform (turbopack:///[turbopack-node]/transforms/postcss.ts:70:34)]
    [at async run (turbopack:///[turbopack-node]/child_process/evaluate.ts:89:23)]

Import trace:
  Client Component Browser:
    ./src/app/globals.css [Client Component Browser]
    ./src/app/layout.tsx [Server Component] @ http://localhost:3000/_next/static/chunks/node_modules_next_dist_0u_w_5s._.js:1945
[ 1220490ms] [LOG] [Fast Refresh] rebuilding @ http://localhost:3000/_next/static/chunks/node_modules_next_dist_0u_w_5s._.js:1226
[ 1220667ms] [ERROR] ./src/app/globals.css
Error evaluating Node.js code
CssSyntaxError: tailwindcss: C:\Projects\GWTH_V2\src\app\globals.css:1:1: Invalid code point 16707002
    [at Input.error (turbopack:///[project]/node_modules/postcss/lib/input.js:135:16)]
    [at Root.error (turbopack:///[project]/node_modules/postcss/lib/node.js:146:32)]
    [at Object.Once (C:\Projects\GWTH_V2\node_modules\@tailwindcss\postcss\dist\index.js:10:6911)]
    [at async LazyResult.runAsync (turbopack:///[project]/node_modules/postcss/lib/lazy-result.js:293:11)]
    [at async transform (turbopack:///[turbopack-node]/transforms/postcss.ts:70:34)]
    [at async run (turbopack:///[turbopack-node]/child_process/evaluate.ts:89:23)]

Import trace:
  Client Component Browser:
    ./src/app/globals.css [Client Component Browser]
    ./src/app/layout.tsx [Server Component] @ http://localhost:3000/_next/static/chunks/node_modules_next_dist_0u_w_5s._.js:1945
[ 1220768ms] [LOG] [Fast Refresh] rebuilding @ http://localhost:3000/_next/static/chunks/node_modules_next_dist_0u_w_5s._.js:1226
[ 1224865ms] [ERROR] ./src/app/globals.css
Error evaluating Node.js code
CssSyntaxError: tailwindcss: C:\Projects\GWTH_V2\src\app\globals.css:1:1: Invalid code point 16707002
    [at Input.error (turbopack:///[project]/node_modules/postcss/lib/input.js:135:16)]
    [at Root.error (turbopack:///[project]/node_modules/postcss/lib/node.js:146:32)]
    [at Object.Once (C:\Projects\GWTH_V2\node_modules\@tailwindcss\postcss\dist\index.js:10:6911)]
    [at async LazyResult.runAsync (turbopack:///[project]/node_modules/postcss/lib/lazy-result.js:293:11)]
    [at async transform (turbopack:///[turbopack-node]/transforms/postcss.ts:70:34)]
    [at async run (turbopack:///[turbopack-node]/child_process/evaluate.ts:89:23)]

Import trace:
  Client Component Browser:
    ./src/app/globals.css [Client Component Browser]
    ./src/app/layout.tsx [Server Component] @ http://localhost:3000/_next/static/chunks/node_modules_next_dist_0u_w_5s._.js:1945
[ 1224978ms] [LOG] [Fast Refresh] rebuilding @ http://localhost:3000/_next/static/chunks/node_modules_next_dist_0u_w_5s._.js:1226
[ 1225061ms] [ERROR] ./src/app/globals.css
Error evaluating Node.js code
CssSyntaxError: tailwindcss: C:\Projects\GWTH_V2\src\app\globals.css:1:1: Invalid code point 16707002
    [at Input.error (turbopack:///[project]/node_modules/postcss/lib/input.js:135:16)]
    [at Root.error (turbopack:///[project]/node_modules/postcss/lib/node.js:146:32)]
    [at Object.Once (C:\Projects\GWTH_V2\node_modules\@tailwindcss\postcss\dist\index.js:10:6911)]
    [at async LazyResult.runAsync (turbopack:///[project]/node_modules/postcss/lib/lazy-result.js:293:11)]
    [at async transform (turbopack:///[turbopack-node]/transforms/postcss.ts:70:34)]
    [at async run (turbopack:///[turbopack-node]/child_process/evaluate.ts:89:23)]

Import trace:
  Client Component Browser:
    ./src/app/globals.css [Client Component Browser]
    ./src/app/layout.tsx [Server Component] @ http://localhost:3000/_next/static/chunks/node_modules_next_dist_0u_w_5s._.js:1945
[ 1225253ms] [LOG] [Fast Refresh] rebuilding @ http://localhost:3000/_next/static/chunks/node_modules_next_dist_0u_w_5s._.js:1226
[ 1225290ms] [ERROR] ./src/app/globals.css
Error evaluating Node.js code
CssSyntaxError: tailwindcss: C:\Projects\GWTH_V2\src\app\globals.css:1:1: Invalid code point 16707002
    [at Input.error (turbopack:///[project]/node_modules/postcss/lib/input.js:135:16)]
    [at Root.error (turbopack:///[project]/node_modules/postcss/lib/node.js:146:32)]
    [at Object.Once (C:\Projects\GWTH_V2\node_modules\@tailwindcss\postcss\dist\index.js:10:6911)]
    [at async LazyResult.runAsync (turbopack:///[project]/node_modules/postcss/lib/lazy-result.js:293:11)]
    [at async transform (turbopack:///[turbopack-node]/transforms/postcss.ts:70:34)]
    [at async run (turbopack:///[turbopack-node]/child_process/evaluate.ts:89:23)]

Import trace:
  Client Component Browser:
    ./src/app/globals.css [Client Component Browser]
    ./src/app/layout.tsx [Server Component] @ http://localhost:3000/_next/static/chunks/node_modules_next_dist_0u_w_5s._.js:1945
[ 1226012ms] [LOG] [Fast Refresh] rebuilding @ http://localhost:3000/_next/static/chunks/node_modules_next_dist_0u_w_5s._.js:1226
[ 1226016ms] [ERROR] ./src/app/globals.css
Error evaluating Node.js code
CssSyntaxError: tailwindcss: C:\Projects\GWTH_V2\src\app\globals.css:1:1: Invalid code point 16707002
    [at Input.error (turbopack:///[project]/node_modules/postcss/lib/input.js:135:16)]
    [at Root.error (turbopack:///[project]/node_modules/postcss/lib/node.js:146:32)]
    [at Object.Once (C:\Projects\GWTH_V2\node_modules\@tailwindcss\postcss\dist\index.js:10:6911)]
    [at async LazyResult.runAsync (turbopack:///[project]/node_modules/postcss/lib/lazy-result.js:293:11)]
    [at async transform (turbopack:///[turbopack-node]/transforms/postcss.ts:70:34)]
    [at async run (turbopack:///[turbopack-node]/child_process/evaluate.ts:89:23)]

Import trace:
  Client Component Browser:
    ./src/app/globals.css [Client Component Browser]
    ./src/app/layout.tsx [Server Component] @ http://localhost:3000/_next/static/chunks/node_modules_next_dist_0u_w_5s._.js:1945
[ 1226119ms] [LOG] [Fast Refresh] rebuilding @ http://localhost:3000/_next/static/chunks/node_modules_next_dist_0u_w_5s._.js:1226
[ 1226231ms] [ERROR] ./src/app/globals.css
Error evaluating Node.js code
CssSyntaxError: tailwindcss: C:\Projects\GWTH_V2\src\app\globals.css:1:1: Invalid code point 16707002
    [at Input.error (turbopack:///[project]/node_modules/postcss/lib/input.js:135:16)]
    [at Root.error (turbopack:///[project]/node_modules/postcss/lib/node.js:146:32)]
    [at Object.Once (C:\Projects\GWTH_V2\node_modules\@tailwindcss\postcss\dist\index.js:10:6911)]
    [at async LazyResult.runAsync (turbopack:///[project]/node_modules/postcss/lib/lazy-result.js:293:11)]
    [at async transform (turbopack:///[turbopack-node]/transforms/postcss.ts:70:34)]
    [at async run (turbopack:///[turbopack-node]/child_process/evaluate.ts:89:23)]

Import trace:
  Client Component Browser:
    ./src/app/globals.css [Client Component Browser]
    ./src/app/layout.tsx [Server Component] @ http://localhost:3000/_next/static/chunks/node_modules_next_dist_0u_w_5s._.js:1945
[ 1226466ms] [ERROR] ./src/app/globals.css
Error evaluating Node.js code
CssSyntaxError: tailwindcss: C:\Projects\GWTH_V2\src\app\globals.css:1:1: Invalid code point 16707002
    [at Input.error (turbopack:///[project]/node_modules/postcss/lib/input.js:135:16)]
    [at Root.error (turbopack:///[project]/node_modules/postcss/lib/node.js:146:32)]
    [at Object.Once (C:\Projects\GWTH_V2\node_modules\@tailwindcss\postcss\dist\index.js:10:6911)]
    [at async LazyResult.runAsync (turbopack:///[project]/node_modules/postcss/lib/lazy-result.js:293:11)]
    [at async transform (turbopack:///[turbopack-node]/transforms/postcss.ts:70:34)]
    [at async run (turbopack:///[turbopack-node]/child_process/evaluate.ts:89:23)]

Import trace:
  Client Component Browser:
    ./src/app/globals.css [Client Component Browser]
    ./src/app/layout.tsx [Server Component] @ http://localhost:3000/_next/static/chunks/node_modules_next_dist_0u_w_5s._.js:1945
[ 1226564ms] [LOG] [Fast Refresh] rebuilding @ http://localhost:3000/_next/static/chunks/node_modules_next_dist_0u_w_5s._.js:1226
[ 1229038ms] [LOG] [Fast Refresh] rebuilding @ http://localhost:3000/_next/static/chunks/node_modules_next_dist_0u_w_5s._.js:1226
[ 1229075ms] [ERROR] ./src/app/globals.css
Error evaluating Node.js code
CssSyntaxError: tailwindcss: C:\Projects\GWTH_V2\src\app\globals.css:1:1: Invalid code point 16707002
    [at Input.error (turbopack:///[project]/node_modules/postcss/lib/input.js:135:16)]
    [at Root.error (turbopack:///[project]/node_modules/postcss/lib/node.js:146:32)]
    [at Object.Once (C:\Projects\GWTH_V2\node_modules\@tailwindcss\postcss\dist\index.js:10:6911)]
    [at async LazyResult.runAsync (turbopack:///[project]/node_modules/postcss/lib/lazy-result.js:293:11)]
    [at async transform (turbopack:///[turbopack-node]/transforms/postcss.ts:70:34)]
    [at async run (turbopack:///[turbopack-node]/child_process/evaluate.ts:89:23)]

Import trace:
  Client Component Browser:
    ./src/app/globals.css [Client Component Browser]
    ./src/app/layout.tsx [Server Component] @ http://localhost:3000/_next/static/chunks/node_modules_next_dist_0u_w_5s._.js:1945
[ 1229692ms] [ERROR] ./src/app/globals.css
Error evaluating Node.js code
CssSyntaxError: tailwindcss: C:\Projects\GWTH_V2\src\app\globals.css:1:1: Invalid code point 16707002
    [at Input.error (turbopack:///[project]/node_modules/postcss/lib/input.js:135:16)]
    [at Root.error (turbopack:///[project]/node_modules/postcss/lib/node.js:146:32)]
    [at Object.Once (C:\Projects\GWTH_V2\node_modules\@tailwindcss\postcss\dist\index.js:10:6911)]
    [at async LazyResult.runAsync (turbopack:///[project]/node_modules/postcss/lib/lazy-result.js:293:11)]
    [at async transform (turbopack:///[turbopack-node]/transforms/postcss.ts:70:34)]
    [at async run (turbopack:///[turbopack-node]/child_process/evaluate.ts:89:23)]

Import trace:
  Client Component Browser:
    ./src/app/globals.css [Client Component Browser]
    ./src/app/layout.tsx [Server Component] @ http://localhost:3000/_next/static/chunks/node_modules_next_dist_0u_w_5s._.js:1945
[ 1229731ms] [LOG] [Fast Refresh] rebuilding @ http://localhost:3000/_next/static/chunks/node_modules_next_dist_0u_w_5s._.js:1226
[ 1232255ms] [ERROR] ./src/app/globals.css
Error evaluating Node.js code
CssSyntaxError: tailwindcss: C:\Projects\GWTH_V2\src\app\globals.css:1:1: Invalid code point 16707002
    [at Input.error (turbopack:///[project]/node_modules/postcss/lib/input.js:135:16)]
    [at Root.error (turbopack:///[project]/node_modules/postcss/lib/node.js:146:32)]
    [at Object.Once (C:\Projects\GWTH_V2\node_modules\@tailwindcss\postcss\dist\index.js:10:6911)]
    [at async LazyResult.runAsync (turbopack:///[project]/node_modules/postcss/lib/lazy-result.js:293:11)]
    [at async transform (turbopack:///[turbopack-node]/transforms/postcss.ts:70:34)]
    [at async run (turbopack:///[turbopack-node]/child_process/evaluate.ts:89:23)]

Import trace:
  Client Component Browser:
    ./src/app/globals.css [Client Component Browser]
    ./src/app/layout.tsx [Server Component] @ http://localhost:3000/_next/static/chunks/node_modules_next_dist_0u_w_5s._.js:1945
[ 1232359ms] [LOG] [Fast Refresh] rebuilding @ http://localhost:3000/_next/static/chunks/node_modules_next_dist_0u_w_5s._.js:1226
[ 1232496ms] [ERROR] ./src/app/globals.css
Error evaluating Node.js code
CssSyntaxError: tailwindcss: C:\Projects\GWTH_V2\src\app\globals.css:1:1: Invalid code point 16707002
    [at Input.error (turbopack:///[project]/node_modules/postcss/lib/input.js:135:16)]
    [at Root.error (turbopack:///[project]/node_modules/postcss/lib/node.js:146:32)]
    [at Object.Once (C:\Projects\GWTH_V2\node_modules\@tailwindcss\postcss\dist\index.js:10:6911)]
    [at async LazyResult.runAsync (turbopack:///[project]/node_modules/postcss/lib/lazy-result.js:293:11)]
    [at async transform (turbopack:///[turbopack-node]/transforms/postcss.ts:70:34)]
    [at async run (turbopack:///[turbopack-node]/child_process/evaluate.ts:89:23)]

Import trace:
  Client Component Browser:
    ./src/app/globals.css [Client Component Browser]
    ./src/app/layout.tsx [Server Component] @ http://localhost:3000/_next/static/chunks/node_modules_next_dist_0u_w_5s._.js:1945
[ 1235154ms] [ERROR] ./src/app/globals.css
Error evaluating Node.js code
CssSyntaxError: tailwindcss: C:\Projects\GWTH_V2\src\app\globals.css:1:1: Invalid code point 16707002
    [at Input.error (turbopack:///[project]/node_modules/postcss/lib/input.js:135:16)]
    [at Root.error (turbopack:///[project]/node_modules/postcss/lib/node.js:146:32)]
    [at Object.Once (C:\Projects\GWTH_V2\node_modules\@tailwindcss\postcss\dist\index.js:10:6911)]
    [at async LazyResult.runAsync (turbopack:///[project]/node_modules/postcss/lib/lazy-result.js:293:11)]
    [at async transform (turbopack:///[turbopack-node]/transforms/postcss.ts:70:34)]
    [at async run (turbopack:///[turbopack-node]/child_process/evaluate.ts:89:23)]

Import trace:
  Client Component Browser:
    ./src/app/globals.css [Client Component Browser]
    ./src/app/layout.tsx [Server Component] @ http://localhost:3000/_next/static/chunks/node_modules_next_dist_0u_w_5s._.js:1945
[ 1235225ms] [ERROR] ./src/app/globals.css
Error evaluating Node.js code
CssSyntaxError: tailwindcss: C:\Projects\GWTH_V2\src\app\globals.css:1:1: Invalid code point 16707002
    [at Input.error (turbopack:///[project]/node_modules/postcss/lib/input.js:135:16)]
    [at Root.error (turbopack:///[project]/node_modules/postcss/lib/node.js:146:32)]
    [at Object.Once (C:\Projects\GWTH_V2\node_modules\@tailwindcss\postcss\dist\index.js:10:6911)]
    [at async LazyResult.runAsync (turbopack:///[project]/node_modules/postcss/lib/lazy-result.js:293:11)]
    [at async transform (turbopack:///[turbopack-node]/transforms/postcss.ts:70:34)]
    [at async run (turbopack:///[turbopack-node]/child_process/evaluate.ts:89:23)]

Import trace:
  Client Component Browser:
    ./src/app/globals.css [Client Component Browser]
    ./src/app/layout.tsx [Server Component] @ http://localhost:3000/_next/static/chunks/node_modules_next_dist_0u_w_5s._.js:1945
[ 1235367ms] [LOG] [Fast Refresh] rebuilding @ http://localhost:3000/_next/static/chunks/node_modules_next_dist_0u_w_5s._.js:1226
[ 1235370ms] [ERROR] ./src/app/globals.css
Error evaluating Node.js code
CssSyntaxError: tailwindcss: C:\Projects\GWTH_V2\src\app\globals.css:1:1: Invalid code point 16707002
    [at Input.error (turbopack:///[project]/node_modules/postcss/lib/input.js:135:16)]
    [at Root.error (turbopack:///[project]/node_modules/postcss/lib/node.js:146:32)]
    [at Object.Once (C:\Projects\GWTH_V2\node_modules\@tailwindcss\postcss\dist\index.js:10:6911)]
    [at async LazyResult.runAsync (turbopack:///[project]/node_modules/postcss/lib/lazy-result.js:293:11)]
    [at async transform (turbopack:///[turbopack-node]/transforms/postcss.ts:70:34)]
    [at async run (turbopack:///[turbopack-node]/child_process/evaluate.ts:89:23)]

Import trace:
  Client Component Browser:
    ./src/app/globals.css [Client Component Browser]
    ./src/app/layout.tsx [Server Component] @ http://localhost:3000/_next/static/chunks/node_modules_next_dist_0u_w_5s._.js:1945
[ 1238179ms] [ERROR] ./src/app/globals.css
Error evaluating Node.js code
CssSyntaxError: tailwindcss: C:\Projects\GWTH_V2\src\app\globals.css:1:1: Invalid code point 16707002
    [at Input.error (turbopack:///[project]/node_modules/postcss/lib/input.js:135:16)]
    [at Root.error (turbopack:///[project]/node_modules/postcss/lib/node.js:146:32)]
    [at Object.Once (C:\Projects\GWTH_V2\node_modules\@tailwindcss\postcss\dist\index.js:10:6911)]
    [at async LazyResult.runAsync (turbopack:///[project]/node_modules/postcss/lib/lazy-result.js:293:11)]
    [at async transform (turbopack:///[turbopack-node]/transforms/postcss.ts:70:34)]
    [at async run (turbopack:///[turbopack-node]/child_process/evaluate.ts:89:23)]

Import trace:
  Client Component Browser:
    ./src/app/globals.css [Client Component Browser]
    ./src/app/layout.tsx [Server Component] @ http://localhost:3000/_next/static/chunks/node_modules_next_dist_0u_w_5s._.js:1945
[ 1238304ms] [ERROR] ./src/app/globals.css
Error evaluating Node.js code
CssSyntaxError: tailwindcss: C:\Projects\GWTH_V2\src\app\globals.css:1:1: Invalid code point 16707002
    [at Input.error (turbopack:///[project]/node_modules/postcss/lib/input.js:135:16)]
    [at Root.error (turbopack:///[project]/node_modules/postcss/lib/node.js:146:32)]
    [at Object.Once (C:\Projects\GWTH_V2\node_modules\@tailwindcss\postcss\dist\index.js:10:6911)]
    [at async LazyResult.runAsync (turbopack:///[project]/node_modules/postcss/lib/lazy-result.js:293:11)]
    [at async transform (turbopack:///[turbopack-node]/transforms/postcss.ts:70:34)]
    [at async run (turbopack:///[turbopack-node]/child_process/evaluate.ts:89:23)]

Import trace:
  Client Component Browser:
    ./src/app/globals.css [Client Component Browser]
    ./src/app/layout.tsx [Server Component] @ http://localhost:3000/_next/static/chunks/node_modules_next_dist_0u_w_5s._.js:1945
[ 1238305ms] [LOG] [Fast Refresh] rebuilding @ http://localhost:3000/_next/static/chunks/node_modules_next_dist_0u_w_5s._.js:1226
[ 1241084ms] [ERROR] ./src/app/globals.css
Error evaluating Node.js code
CssSyntaxError: tailwindcss: C:\Projects\GWTH_V2\src\app\globals.css:1:1: Invalid code point 16707002
    [at Input.error (turbopack:///[project]/node_modules/postcss/lib/input.js:135:16)]
    [at Root.error (turbopack:///[project]/node_modules/postcss/lib/node.js:146:32)]
    [at Object.Once (C:\Projects\GWTH_V2\node_modules\@tailwindcss\postcss\dist\index.js:10:6911)]
    [at async LazyResult.runAsync (turbopack:///[project]/node_modules/postcss/lib/lazy-result.js:293:11)]
    [at async transform (turbopack:///[turbopack-node]/transforms/postcss.ts:70:34)]
    [at async run (turbopack:///[turbopack-node]/child_process/evaluate.ts:89:23)]

Import trace:
  Client Component Browser:
    ./src/app/globals.css [Client Component Browser]
    ./src/app/layout.tsx [Server Component] @ http://localhost:3000/_next/static/chunks/node_modules_next_dist_0u_w_5s._.js:1945
[ 1241089ms] [LOG] [Fast Refresh] rebuilding @ http://localhost:3000/_next/static/chunks/node_modules_next_dist_0u_w_5s._.js:1226
[ 1241287ms] [ERROR] ./src/app/globals.css
Error evaluating Node.js code
CssSyntaxError: tailwindcss: C:\Projects\GWTH_V2\src\app\globals.css:1:1: Invalid code point 16707002
    [at Input.error (turbopack:///[project]/node_modules/postcss/lib/input.js:135:16)]
    [at Root.error (turbopack:///[project]/node_modules/postcss/lib/node.js:146:32)]
    [at Object.Once (C:\Projects\GWTH_V2\node_modules\@tailwindcss\postcss\dist\index.js:10:6911)]
    [at async LazyResult.runAsync (turbopack:///[project]/node_modules/postcss/lib/lazy-result.js:293:11)]
    [at async transform (turbopack:///[turbopack-node]/transforms/postcss.ts:70:34)]
    [at async run (turbopack:///[turbopack-node]/child_process/evaluate.ts:89:23)]

Import trace:
  Client Component Browser:
    ./src/app/globals.css [Client Component Browser]
    ./src/app/layout.tsx [Server Component] @ http://localhost:3000/_next/static/chunks/node_modules_next_dist_0u_w_5s._.js:1945
[ 1241288ms] [LOG] [Fast Refresh] rebuilding @ http://localhost:3000/_next/static/chunks/node_modules_next_dist_0u_w_5s._.js:1226
[ 1244039ms] [ERROR] ./src/app/globals.css
Error evaluating Node.js code
CssSyntaxError: tailwindcss: C:\Projects\GWTH_V2\src\app\globals.css:1:1: Invalid code point 16707002
    [at Input.error (turbopack:///[project]/node_modules/postcss/lib/input.js:135:16)]
    [at Root.error (turbopack:///[project]/node_modules/postcss/lib/node.js:146:32)]
    [at Object.Once (C:\Projects\GWTH_V2\node_modules\@tailwindcss\postcss\dist\index.js:10:6911)]
    [at async LazyResult.runAsync (turbopack:///[project]/node_modules/postcss/lib/lazy-result.js:293:11)]
    [at async transform (turbopack:///[turbopack-node]/transforms/postcss.ts:70:34)]
    [at async run (turbopack:///[turbopack-node]/child_process/evaluate.ts:89:23)]

Import trace:
  Client Component Browser:
    ./src/app/globals.css [Client Component Browser]
    ./src/app/layout.tsx [Server Component] @ http://localhost:3000/_next/static/chunks/node_modules_next_dist_0u_w_5s._.js:1945
[ 1244059ms] [LOG] [Fast Refresh] rebuilding @ http://localhost:3000/_next/static/chunks/node_modules_next_dist_0u_w_5s._.js:1226
[ 1244224ms] [ERROR] ./src/app/globals.css
Error evaluating Node.js code
CssSyntaxError: tailwindcss: C:\Projects\GWTH_V2\src\app\globals.css:1:1: Invalid code point 16707002
    [at Input.error (turbopack:///[project]/node_modules/postcss/lib/input.js:135:16)]
    [at Root.error (turbopack:///[project]/node_modules/postcss/lib/node.js:146:32)]
    [at Object.Once (C:\Projects\GWTH_V2\node_modules\@tailwindcss\postcss\dist\index.js:10:6911)]
    [at async LazyResult.runAsync (turbopack:///[project]/node_modules/postcss/lib/lazy-result.js:293:11)]
    [at async transform (turbopack:///[turbopack-node]/transforms/postcss.ts:70:34)]
    [at async run (turbopack:///[turbopack-node]/child_process/evaluate.ts:89:23)]

Import trace:
  Client Component Browser:
    ./src/app/globals.css [Client Component Browser]
    ./src/app/layout.tsx [Server Component] @ http://localhost:3000/_next/static/chunks/node_modules_next_dist_0u_w_5s._.js:1945
[ 1244308ms] [ERROR] ./src/app/globals.css
Error evaluating Node.js code
CssSyntaxError: tailwindcss: C:\Projects\GWTH_V2\src\app\globals.css:1:1: Invalid code point 16707002
    [at Input.error (turbopack:///[project]/node_modules/postcss/lib/input.js:135:16)]
    [at Root.error (turbopack:///[project]/node_modules/postcss/lib/node.js:146:32)]
    [at Object.Once (C:\Projects\GWTH_V2\node_modules\@tailwindcss\postcss\dist\index.js:10:6911)]
    [at async LazyResult.runAsync (turbopack:///[project]/node_modules/postcss/lib/lazy-result.js:293:11)]
    [at async transform (turbopack:///[turbopack-node]/transforms/postcss.ts:70:34)]
    [at async run (turbopack:///[turbopack-node]/child_process/evaluate.ts:89:23)]

Import trace:
  Client Component Browser:
    ./src/app/globals.css [Client Component Browser]
    ./src/app/layout.tsx [Server Component] @ http://localhost:3000/_next/static/chunks/node_modules_next_dist_0u_w_5s._.js:1945
[ 1244339ms] [LOG] [Fast Refresh] rebuilding @ http://localhost:3000/_next/static/chunks/node_modules_next_dist_0u_w_5s._.js:1226
[ 1244391ms] [ERROR] ./src/app/globals.css
Error evaluating Node.js code
CssSyntaxError: tailwindcss: C:\Projects\GWTH_V2\src\app\globals.css:1:1: Invalid code point 16707002
    [at Input.error (turbopack:///[project]/node_modules/postcss/lib/input.js:135:16)]
    [at Root.error (turbopack:///[project]/node_modules/postcss/lib/node.js:146:32)]
    [at Object.Once (C:\Projects\GWTH_V2\node_modules\@tailwindcss\postcss\dist\index.js:10:6911)]
    [at async LazyResult.runAsync (turbopack:///[project]/node_modules/postcss/lib/lazy-result.js:293:11)]
    [at async transform (turbopack:///[turbopack-node]/transforms/postcss.ts:70:34)]
    [at async run (turbopack:///[turbopack-node]/child_process/evaluate.ts:89:23)]

Import trace:
  Client Component Browser:
    ./src/app/globals.css [Client Component Browser]
    ./src/app/layout.tsx [Server Component] @ http://localhost:3000/_next/static/chunks/node_modules_next_dist_0u_w_5s._.js:1945
[ 1244490ms] [LOG] [Fast Refresh] rebuilding @ http://localhost:3000/_next/static/chunks/node_modules_next_dist_0u_w_5s._.js:1226
[ 1247239ms] [ERROR] ./src/app/globals.css
Error evaluating Node.js code
CssSyntaxError: tailwindcss: C:\Projects\GWTH_V2\src\app\globals.css:1:1: Invalid code point 16707002
    [at Input.error (turbopack:///[project]/node_modules/postcss/lib/input.js:135:16)]
    [at Root.error (turbopack:///[project]/node_modules/postcss/lib/node.js:146:32)]
    [at Object.Once (C:\Projects\GWTH_V2\node_modules\@tailwindcss\postcss\dist\index.js:10:6911)]
    [at async LazyResult.runAsync (turbopack:///[project]/node_modules/postcss/lib/lazy-result.js:293:11)]
    [at async transform (turbopack:///[turbopack-node]/transforms/postcss.ts:70:34)]
    [at async run (turbopack:///[turbopack-node]/child_process/evaluate.ts:89:23)]

Import trace:
  Client Component Browser:
    ./src/app/globals.css [Client Component Browser]
    ./src/app/layout.tsx [Server Component] @ http://localhost:3000/_next/static/chunks/node_modules_next_dist_0u_w_5s._.js:1945
[ 1247240ms] [LOG] [Fast Refresh] rebuilding @ http://localhost:3000/_next/static/chunks/node_modules_next_dist_0u_w_5s._.js:1226
[ 1247616ms] [ERROR] ./src/app/globals.css
Error evaluating Node.js code
CssSyntaxError: tailwindcss: C:\Projects\GWTH_V2\src\app\globals.css:1:1: Invalid code point 16707002
    [at Input.error (turbopack:///[project]/node_modules/postcss/lib/input.js:135:16)]
    [at Root.error (turbopack:///[project]/node_modules/postcss/lib/node.js:146:32)]
    [at Object.Once (C:\Projects\GWTH_V2\node_modules\@tailwindcss\postcss\dist\index.js:10:6911)]
    [at async LazyResult.runAsync (turbopack:///[project]/node_modules/postcss/lib/lazy-result.js:293:11)]
    [at async transform (turbopack:///[turbopack-node]/transforms/postcss.ts:70:34)]
    [at async run (turbopack:///[turbopack-node]/child_process/evaluate.ts:89:23)]

Import trace:
  Client Component Browser:
    ./src/app/globals.css [Client Component Browser]
    ./src/app/layout.tsx [Server Component] @ http://localhost:3000/_next/static/chunks/node_modules_next_dist_0u_w_5s._.js:1945
[ 1247668ms] [LOG] [Fast Refresh] rebuilding @ http://localhost:3000/_next/static/chunks/node_modules_next_dist_0u_w_5s._.js:1226
[ 1250226ms] [ERROR] ./src/app/globals.css
Error evaluating Node.js code
CssSyntaxError: tailwindcss: C:\Projects\GWTH_V2\src\app\globals.css:1:1: Invalid code point 16707002
    [at Input.error (turbopack:///[project]/node_modules/postcss/lib/input.js:135:16)]
    [at Root.error (turbopack:///[project]/node_modules/postcss/lib/node.js:146:32)]
    [at Object.Once (C:\Projects\GWTH_V2\node_modules\@tailwindcss\postcss\dist\index.js:10:6911)]
    [at async LazyResult.runAsync (turbopack:///[project]/node_modules/postcss/lib/lazy-result.js:293:11)]
    [at async transform (turbopack:///[turbopack-node]/transforms/postcss.ts:70:34)]
    [at async run (turbopack:///[turbopack-node]/child_process/evaluate.ts:89:23)]

Import trace:
  Client Component Browser:
    ./src/app/globals.css [Client Component Browser]
    ./src/app/layout.tsx [Server Component] @ http://localhost:3000/_next/static/chunks/node_modules_next_dist_0u_w_5s._.js:1945
[ 1250264ms] [LOG] [Fast Refresh] rebuilding @ http://localhost:3000/_next/static/chunks/node_modules_next_dist_0u_w_5s._.js:1226
[ 1250458ms] [ERROR] ./src/app/globals.css
Error evaluating Node.js code
CssSyntaxError: tailwindcss: C:\Projects\GWTH_V2\src\app\globals.css:1:1: Invalid code point 16707002
    [at Input.error (turbopack:///[project]/node_modules/postcss/lib/input.js:135:16)]
    [at Root.error (turbopack:///[project]/node_modules/postcss/lib/node.js:146:32)]
    [at Object.Once (C:\Projects\GWTH_V2\node_modules\@tailwindcss\postcss\dist\index.js:10:6911)]
    [at async LazyResult.runAsync (turbopack:///[project]/node_modules/postcss/lib/lazy-result.js:293:11)]
    [at async transform (turbopack:///[turbopack-node]/transforms/postcss.ts:70:34)]
    [at async run (turbopack:///[turbopack-node]/child_process/evaluate.ts:89:23)]

Import trace:
  Client Component Browser:
    ./src/app/globals.css [Client Component Browser]
    ./src/app/layout.tsx [Server Component] @ http://localhost:3000/_next/static/chunks/node_modules_next_dist_0u_w_5s._.js:1945
[ 1250518ms] [LOG] [Fast Refresh] rebuilding @ http://localhost:3000/_next/static/chunks/node_modules_next_dist_0u_w_5s._.js:1226
[ 1253656ms] [LOG] [Fast Refresh] rebuilding @ http://localhost:3000/_next/static/chunks/node_modules_next_dist_0u_w_5s._.js:1226
[ 1253678ms] [ERROR] ./src/app/globals.css
Error evaluating Node.js code
CssSyntaxError: tailwindcss: C:\Projects\GWTH_V2\src\app\globals.css:1:1: Invalid code point 16707002
    [at Input.error (turbopack:///[project]/node_modules/postcss/lib/input.js:135:16)]
    [at Root.error (turbopack:///[project]/node_modules/postcss/lib/node.js:146:32)]
    [at Object.Once (C:\Projects\GWTH_V2\node_modules\@tailwindcss\postcss\dist\index.js:10:6911)]
    [at async LazyResult.runAsync (turbopack:///[project]/node_modules/postcss/lib/lazy-result.js:293:11)]
    [at async transform (turbopack:///[turbopack-node]/transforms/postcss.ts:70:34)]
    [at async run (turbopack:///[turbopack-node]/child_process/evaluate.ts:89:23)]

Import trace:
  Client Component Browser:
    ./src/app/globals.css [Client Component Browser]
    ./src/app/layout.tsx [Server Component] @ http://localhost:3000/_next/static/chunks/node_modules_next_dist_0u_w_5s._.js:1945
[ 1253786ms] [ERROR] ./src/app/globals.css
Error evaluating Node.js code
CssSyntaxError: tailwindcss: C:\Projects\GWTH_V2\src\app\globals.css:1:1: Invalid code point 16707002
    [at Input.error (turbopack:///[project]/node_modules/postcss/lib/input.js:135:16)]
    [at Root.error (turbopack:///[project]/node_modules/postcss/lib/node.js:146:32)]
    [at Object.Once (C:\Projects\GWTH_V2\node_modules\@tailwindcss\postcss\dist\index.js:10:6911)]
    [at async LazyResult.runAsync (turbopack:///[project]/node_modules/postcss/lib/lazy-result.js:293:11)]
    [at async transform (turbopack:///[turbopack-node]/transforms/postcss.ts:70:34)]
    [at async run (turbopack:///[turbopack-node]/child_process/evaluate.ts:89:23)]

Import trace:
  Client Component Browser:
    ./src/app/globals.css [Client Component Browser]
    ./src/app/layout.tsx [Server Component] @ http://localhost:3000/_next/static/chunks/node_modules_next_dist_0u_w_5s._.js:1945
[ 1253823ms] [LOG] [Fast Refresh] rebuilding @ http://localhost:3000/_next/static/chunks/node_modules_next_dist_0u_w_5s._.js:1226
[ 1253870ms] [ERROR] ./src/app/globals.css
Error evaluating Node.js code
CssSyntaxError: tailwindcss: C:\Projects\GWTH_V2\src\app\globals.css:1:1: Invalid code point 16707002
    [at Input.error (turbopack:///[project]/node_modules/postcss/lib/input.js:135:16)]
    [at Root.error (turbopack:///[project]/node_modules/postcss/lib/node.js:146:32)]
    [at Object.Once (C:\Projects\GWTH_V2\node_modules\@tailwindcss\postcss\dist\index.js:10:6911)]
    [at async LazyResult.runAsync (turbopack:///[project]/node_modules/postcss/lib/lazy-result.js:293:11)]
    [at async transform (turbopack:///[turbopack-node]/transforms/postcss.ts:70:34)]
    [at async run (turbopack:///[turbopack-node]/child_process/evaluate.ts:89:23)]

Import trace:
  Client Component Browser:
    ./src/app/globals.css [Client Component Browser]
    ./src/app/layout.tsx [Server Component] @ http://localhost:3000/_next/static/chunks/node_modules_next_dist_0u_w_5s._.js:1945
[ 1253998ms] [ERROR] ./src/app/globals.css
Error evaluating Node.js code
CssSyntaxError: tailwindcss: C:\Projects\GWTH_V2\src\app\globals.css:1:1: Invalid code point 16707002
    [at Input.error (turbopack:///[project]/node_modules/postcss/lib/input.js:135:16)]
    [at Root.error (turbopack:///[project]/node_modules/postcss/lib/node.js:146:32)]
    [at Object.Once (C:\Projects\GWTH_V2\node_modules\@tailwindcss\postcss\dist\index.js:10:6911)]
    [at async LazyResult.runAsync (turbopack:///[project]/node_modules/postcss/lib/lazy-result.js:293:11)]
    [at async transform (turbopack:///[turbopack-node]/transforms/postcss.ts:70:34)]
    [at async run (turbopack:///[turbopack-node]/child_process/evaluate.ts:89:23)]

Import trace:
  Client Component Browser:
    ./src/app/globals.css [Client Component Browser]
    ./src/app/layout.tsx [Server Component] @ http://localhost:3000/_next/static/chunks/node_modules_next_dist_0u_w_5s._.js:1945
[ 1254018ms] [LOG] [Fast Refresh] rebuilding @ http://localhost:3000/_next/static/chunks/node_modules_next_dist_0u_w_5s._.js:1226
[ 1256850ms] [LOG] [Fast Refresh] rebuilding @ http://localhost:3000/_next/static/chunks/node_modules_next_dist_0u_w_5s._.js:1226
[ 1256880ms] [ERROR] ./src/app/globals.css
Error evaluating Node.js code
CssSyntaxError: tailwindcss: C:\Projects\GWTH_V2\src\app\globals.css:1:1: Invalid code point 16707002
    [at Input.error (turbopack:///[project]/node_modules/postcss/lib/input.js:135:16)]
    [at Root.error (turbopack:///[project]/node_modules/postcss/lib/node.js:146:32)]
    [at Object.Once (C:\Projects\GWTH_V2\node_modules\@tailwindcss\postcss\dist\index.js:10:6911)]
    [at async LazyResult.runAsync (turbopack:///[project]/node_modules/postcss/lib/lazy-result.js:293:11)]
    [at async transform (turbopack:///[turbopack-node]/transforms/postcss.ts:70:34)]
    [at async run (turbopack:///[turbopack-node]/child_process/evaluate.ts:89:23)]

Import trace:
  Client Component Browser:
    ./src/app/globals.css [Client Component Browser]
    ./src/app/layout.tsx [Server Component] @ http://localhost:3000/_next/static/chunks/node_modules_next_dist_0u_w_5s._.js:1945
[ 1256930ms] [ERROR] ./src/app/globals.css
Error evaluating Node.js code
CssSyntaxError: tailwindcss: C:\Projects\GWTH_V2\src\app\globals.css:1:1: Invalid code point 16707002
    [at Input.error (turbopack:///[project]/node_modules/postcss/lib/input.js:135:16)]
    [at Root.error (turbopack:///[project]/node_modules/postcss/lib/node.js:146:32)]
    [at Object.Once (C:\Projects\GWTH_V2\node_modules\@tailwindcss\postcss\dist\index.js:10:6911)]
    [at async LazyResult.runAsync (turbopack:///[project]/node_modules/postcss/lib/lazy-result.js:293:11)]
    [at async transform (turbopack:///[turbopack-node]/transforms/postcss.ts:70:34)]
    [at async run (turbopack:///[turbopack-node]/child_process/evaluate.ts:89:23)]

Import trace:
  Client Component Browser:
    ./src/app/globals.css [Client Component Browser]
    ./src/app/layout.tsx [Server Component] @ http://localhost:3000/_next/static/chunks/node_modules_next_dist_0u_w_5s._.js:1945
[ 1257033ms] [LOG] [Fast Refresh] rebuilding @ http://localhost:3000/_next/static/chunks/node_modules_next_dist_0u_w_5s._.js:1226
[ 1259664ms] [ERROR] ./src/app/globals.css
Error evaluating Node.js code
CssSyntaxError: tailwindcss: C:\Projects\GWTH_V2\src\app\globals.css:1:1: Invalid code point 16707002
    [at Input.error (turbopack:///[project]/node_modules/postcss/lib/input.js:135:16)]
    [at Root.error (turbopack:///[project]/node_modules/postcss/lib/node.js:146:32)]
    [at Object.Once (C:\Projects\GWTH_V2\node_modules\@tailwindcss\postcss\dist\index.js:10:6911)]
    [at async LazyResult.runAsync (turbopack:///[project]/node_modules/postcss/lib/lazy-result.js:293:11)]
    [at async transform (turbopack:///[turbopack-node]/transforms/postcss.ts:70:34)]
    [at async run (turbopack:///[turbopack-node]/child_process/evaluate.ts:89:23)]

Import trace:
  Client Component Browser:
    ./src/app/globals.css [Client Component Browser]
    ./src/app/layout.tsx [Server Component] @ http://localhost:3000/_next/static/chunks/node_modules_next_dist_0u_w_5s._.js:1945
[ 1259761ms] [ERROR] ./src/app/globals.css
Error evaluating Node.js code
CssSyntaxError: tailwindcss: C:\Projects\GWTH_V2\src\app\globals.css:1:1: Invalid code point 16707002
    [at Input.error (turbopack:///[project]/node_modules/postcss/lib/input.js:135:16)]
    [at Root.error (turbopack:///[project]/node_modules/postcss/lib/node.js:146:32)]
    [at Object.Once (C:\Projects\GWTH_V2\node_modules\@tailwindcss\postcss\dist\index.js:10:6911)]
    [at async LazyResult.runAsync (turbopack:///[project]/node_modules/postcss/lib/lazy-result.js:293:11)]
    [at async transform (turbopack:///[turbopack-node]/transforms/postcss.ts:70:34)]
    [at async run (turbopack:///[turbopack-node]/child_process/evaluate.ts:89:23)]

Import trace:
  Client Component Browser:
    ./src/app/globals.css [Client Component Browser]
    ./src/app/layout.tsx [Server Component] @ http://localhost:3000/_next/static/chunks/node_modules_next_dist_0u_w_5s._.js:1945
[ 1259812ms] [LOG] [Fast Refresh] rebuilding @ http://localhost:3000/_next/static/chunks/node_modules_next_dist_0u_w_5s._.js:1226
[ 1262297ms] [LOG] [Fast Refresh] rebuilding @ http://localhost:3000/_next/static/chunks/node_modules_next_dist_0u_w_5s._.js:1226
[ 1262530ms] [ERROR] ./src/app/globals.css
Error evaluating Node.js code
CssSyntaxError: tailwindcss: C:\Projects\GWTH_V2\src\app\globals.css:1:1: Invalid code point 16707002
    [at Input.error (turbopack:///[project]/node_modules/postcss/lib/input.js:135:16)]
    [at Root.error (turbopack:///[project]/node_modules/postcss/lib/node.js:146:32)]
    [at Object.Once (C:\Projects\GWTH_V2\node_modules\@tailwindcss\postcss\dist\index.js:10:6911)]
    [at async LazyResult.runAsync (turbopack:///[project]/node_modules/postcss/lib/lazy-result.js:293:11)]
    [at async transform (turbopack:///[turbopack-node]/transforms/postcss.ts:70:34)]
    [at async run (turbopack:///[turbopack-node]/child_process/evaluate.ts:89:23)]

Import trace:
  Client Component Browser:
    ./src/app/globals.css [Client Component Browser]
    ./src/app/layout.tsx [Server Component] @ http://localhost:3000/_next/static/chunks/node_modules_next_dist_0u_w_5s._.js:1945
[ 1265272ms] [ERROR] ./src/app/globals.css
Error evaluating Node.js code
CssSyntaxError: tailwindcss: C:\Projects\GWTH_V2\src\app\globals.css:1:1: Invalid code point 16707002
    [at Input.error (turbopack:///[project]/node_modules/postcss/lib/input.js:135:16)]
    [at Root.error (turbopack:///[project]/node_modules/postcss/lib/node.js:146:32)]
    [at Object.Once (C:\Projects\GWTH_V2\node_modules\@tailwindcss\postcss\dist\index.js:10:6911)]
    [at async LazyResult.runAsync (turbopack:///[project]/node_modules/postcss/lib/lazy-result.js:293:11)]
    [at async transform (turbopack:///[turbopack-node]/transforms/postcss.ts:70:34)]
    [at async run (turbopack:///[turbopack-node]/child_process/evaluate.ts:89:23)]

Import trace:
  Client Component Browser:
    ./src/app/globals.css [Client Component Browser]
    ./src/app/layout.tsx [Server Component] @ http://localhost:3000/_next/static/chunks/node_modules_next_dist_0u_w_5s._.js:1945
[ 1265314ms] [LOG] [Fast Refresh] rebuilding @ http://localhost:3000/_next/static/chunks/node_modules_next_dist_0u_w_5s._.js:1226
[ 1265792ms] [ERROR] ./src/app/globals.css
Error evaluating Node.js code
CssSyntaxError: tailwindcss: C:\Projects\GWTH_V2\src\app\globals.css:1:1: Invalid code point 16707002
    [at Input.error (turbopack:///[project]/node_modules/postcss/lib/input.js:135:16)]
    [at Root.error (turbopack:///[project]/node_modules/postcss/lib/node.js:146:32)]
    [at Object.Once (C:\Projects\GWTH_V2\node_modules\@tailwindcss\postcss\dist\index.js:10:6911)]
    [at async LazyResult.runAsync (turbopack:///[project]/node_modules/postcss/lib/lazy-result.js:293:11)]
    [at async transform (turbopack:///[turbopack-node]/transforms/postcss.ts:70:34)]
    [at async run (turbopack:///[turbopack-node]/child_process/evaluate.ts:89:23)]

Import trace:
  Client Component Browser:
    ./src/app/globals.css [Client Component Browser]
    ./src/app/layout.tsx [Server Component] @ http://localhost:3000/_next/static/chunks/node_modules_next_dist_0u_w_5s._.js:1945
[ 1265895ms] [ERROR] ./src/app/globals.css
Error evaluating Node.js code
CssSyntaxError: tailwindcss: C:\Projects\GWTH_V2\src\app\globals.css:1:1: Invalid code point 16707002
    [at Input.error (turbopack:///[project]/node_modules/postcss/lib/input.js:135:16)]
    [at Root.error (turbopack:///[project]/node_modules/postcss/lib/node.js:146:32)]
    [at Object.Once (C:\Projects\GWTH_V2\node_modules\@tailwindcss\postcss\dist\index.js:10:6911)]
    [at async LazyResult.runAsync (turbopack:///[project]/node_modules/postcss/lib/lazy-result.js:293:11)]
    [at async transform (turbopack:///[turbopack-node]/transforms/postcss.ts:70:34)]
    [at async run (turbopack:///[turbopack-node]/child_process/evaluate.ts:89:23)]

Import trace:
  Client Component Browser:
    ./src/app/globals.css [Client Component Browser]
    ./src/app/layout.tsx [Server Component] @ http://localhost:3000/_next/static/chunks/node_modules_next_dist_0u_w_5s._.js:1945
[ 1265915ms] [LOG] [Fast Refresh] rebuilding @ http://localhost:3000/_next/static/chunks/node_modules_next_dist_0u_w_5s._.js:1226
[ 1266133ms] [ERROR] ./src/app/globals.css
Error evaluating Node.js code
CssSyntaxError: tailwindcss: C:\Projects\GWTH_V2\src\app\globals.css:1:1: Invalid code point 16707002
    [at Input.error (turbopack:///[project]/node_modules/postcss/lib/input.js:135:16)]
    [at Root.error (turbopack:///[project]/node_modules/postcss/lib/node.js:146:32)]
    [at Object.Once (C:\Projects\GWTH_V2\node_modules\@tailwindcss\postcss\dist\index.js:10:6911)]
    [at async LazyResult.runAsync (turbopack:///[project]/node_modules/postcss/lib/lazy-result.js:293:11)]
    [at async transform (turbopack:///[turbopack-node]/transforms/postcss.ts:70:34)]
    [at async run (turbopack:///[turbopack-node]/child_process/evaluate.ts:89:23)]

Import trace:
  Client Component Browser:
    ./src/app/globals.css [Client Component Browser]
    ./src/app/layout.tsx [Server Component] @ http://localhost:3000/_next/static/chunks/node_modules_next_dist_0u_w_5s._.js:1945
[ 1266231ms] [LOG] [Fast Refresh] rebuilding @ http://localhost:3000/_next/static/chunks/node_modules_next_dist_0u_w_5s._.js:1226
[ 1268214ms] [ERROR] ./src/app/globals.css
Error evaluating Node.js code
CssSyntaxError: tailwindcss: C:\Projects\GWTH_V2\src\app\globals.css:1:1: Invalid code point 16707002
    [at Input.error (turbopack:///[project]/node_modules/postcss/lib/input.js:135:16)]
    [at Root.error (turbopack:///[project]/node_modules/postcss/lib/node.js:146:32)]
    [at Object.Once (C:\Projects\GWTH_V2\node_modules\@tailwindcss\postcss\dist\index.js:10:6911)]
    [at async LazyResult.runAsync (turbopack:///[project]/node_modules/postcss/lib/lazy-result.js:293:11)]
    [at async transform (turbopack:///[turbopack-node]/transforms/postcss.ts:70:34)]
    [at async run (turbopack:///[turbopack-node]/child_process/evaluate.ts:89:23)]

Import trace:
  Client Component Browser:
    ./src/app/globals.css [Client Component Browser]
    ./src/app/layout.tsx [Server Component] @ http://localhost:3000/_next/static/chunks/node_modules_next_dist_0u_w_5s._.js:1945
[ 1268273ms] [LOG] [Fast Refresh] rebuilding @ http://localhost:3000/_next/static/chunks/node_modules_next_dist_0u_w_5s._.js:1226
[ 1268962ms] [ERROR] ./src/app/globals.css
Error evaluating Node.js code
CssSyntaxError: tailwindcss: C:\Projects\GWTH_V2\src\app\globals.css:1:1: Invalid code point 16707002
    [at Input.error (turbopack:///[project]/node_modules/postcss/lib/input.js:135:16)]
    [at Root.error (turbopack:///[project]/node_modules/postcss/lib/node.js:146:32)]
    [at Object.Once (C:\Projects\GWTH_V2\node_modules\@tailwindcss\postcss\dist\index.js:10:6911)]
    [at async LazyResult.runAsync (turbopack:///[project]/node_modules/postcss/lib/lazy-result.js:293:11)]
    [at async transform (turbopack:///[turbopack-node]/transforms/postcss.ts:70:34)]
    [at async run (turbopack:///[turbopack-node]/child_process/evaluate.ts:89:23)]

Import trace:
  Client Component Browser:
    ./src/app/globals.css [Client Component Browser]
    ./src/app/layout.tsx [Server Component] @ http://localhost:3000/_next/static/chunks/node_modules_next_dist_0u_w_5s._.js:1945
[ 1268968ms] [LOG] [Fast Refresh] rebuilding @ http://localhost:3000/_next/static/chunks/node_modules_next_dist_0u_w_5s._.js:1226
[ 1270894ms] [ERROR] ./src/app/globals.css
Error evaluating Node.js code
CssSyntaxError: tailwindcss: C:\Projects\GWTH_V2\src\app\globals.css:1:1: Invalid code point 16707002
    [at Input.error (turbopack:///[project]/node_modules/postcss/lib/input.js:135:16)]
    [at Root.error (turbopack:///[project]/node_modules/postcss/lib/node.js:146:32)]
    [at Object.Once (C:\Projects\GWTH_V2\node_modules\@tailwindcss\postcss\dist\index.js:10:6911)]
    [at async LazyResult.runAsync (turbopack:///[project]/node_modules/postcss/lib/lazy-result.js:293:11)]
    [at async transform (turbopack:///[turbopack-node]/transforms/postcss.ts:70:34)]
    [at async run (turbopack:///[turbopack-node]/child_process/evaluate.ts:89:23)]

Import trace:
  Client Component Browser:
    ./src/app/globals.css [Client Component Browser]
    ./src/app/layout.tsx [Server Component] @ http://localhost:3000/_next/static/chunks/node_modules_next_dist_0u_w_5s._.js:1945
[ 1270930ms] [LOG] [Fast Refresh] rebuilding @ http://localhost:3000/_next/static/chunks/node_modules_next_dist_0u_w_5s._.js:1226
[ 1271334ms] [ERROR] ./src/app/globals.css
Error evaluating Node.js code
CssSyntaxError: tailwindcss: C:\Projects\GWTH_V2\src\app\globals.css:1:1: Invalid code point 16707002
    [at Input.error (turbopack:///[project]/node_modules/postcss/lib/input.js:135:16)]
    [at Root.error (turbopack:///[project]/node_modules/postcss/lib/node.js:146:32)]
    [at Object.Once (C:\Projects\GWTH_V2\node_modules\@tailwindcss\postcss\dist\index.js:10:6911)]
    [at async LazyResult.runAsync (turbopack:///[project]/node_modules/postcss/lib/lazy-result.js:293:11)]
    [at async transform (turbopack:///[turbopack-node]/transforms/postcss.ts:70:34)]
    [at async run (turbopack:///[turbopack-node]/child_process/evaluate.ts:89:23)]

Import trace:
  Client Component Browser:
    ./src/app/globals.css [Client Component Browser]
    ./src/app/layout.tsx [Server Component] @ http://localhost:3000/_next/static/chunks/node_modules_next_dist_0u_w_5s._.js:1945
[ 1271355ms] [LOG] [Fast Refresh] rebuilding @ http://localhost:3000/_next/static/chunks/node_modules_next_dist_0u_w_5s._.js:1226
[ 1273732ms] [ERROR] ./src/app/globals.css
Error evaluating Node.js code
CssSyntaxError: tailwindcss: C:\Projects\GWTH_V2\src\app\globals.css:1:1: Invalid code point 16707002
    [at Input.error (turbopack:///[project]/node_modules/postcss/lib/input.js:135:16)]
    [at Root.error (turbopack:///[project]/node_modules/postcss/lib/node.js:146:32)]
    [at Object.Once (C:\Projects\GWTH_V2\node_modules\@tailwindcss\postcss\dist\index.js:10:6911)]
    [at async LazyResult.runAsync (turbopack:///[project]/node_modules/postcss/lib/lazy-result.js:293:11)]
    [at async transform (turbopack:///[turbopack-node]/transforms/postcss.ts:70:34)]
    [at async run (turbopack:///[turbopack-node]/child_process/evaluate.ts:89:23)]

Import trace:
  Client Component Browser:
    ./src/app/globals.css [Client Component Browser]
    ./src/app/layout.tsx [Server Component] @ http://localhost:3000/_next/static/chunks/node_modules_next_dist_0u_w_5s._.js:1945
[ 1273737ms] [LOG] [Fast Refresh] rebuilding @ http://localhost:3000/_next/static/chunks/node_modules_next_dist_0u_w_5s._.js:1226
[ 1275055ms] [ERROR] ./src/app/globals.css
Error evaluating Node.js code
CssSyntaxError: tailwindcss: C:\Projects\GWTH_V2\src\app\globals.css:1:1: Invalid code point 16707002
    [at Input.error (turbopack:///[project]/node_modules/postcss/lib/input.js:135:16)]
    [at Root.error (turbopack:///[project]/node_modules/postcss/lib/node.js:146:32)]
    [at Object.Once (C:\Projects\GWTH_V2\node_modules\@tailwindcss\postcss\dist\index.js:10:6911)]
    [at async LazyResult.runAsync (turbopack:///[project]/node_modules/postcss/lib/lazy-result.js:293:11)]
    [at async transform (turbopack:///[turbopack-node]/transforms/postcss.ts:70:34)]
    [at async run (turbopack:///[turbopack-node]/child_process/evaluate.ts:89:23)]

Import trace:
  Client Component Browser:
    ./src/app/globals.css [Client Component Browser]
    ./src/app/layout.tsx [Server Component] @ http://localhost:3000/_next/static/chunks/node_modules_next_dist_0u_w_5s._.js:1945
[ 1275084ms] [LOG] [Fast Refresh] rebuilding @ http://localhost:3000/_next/static/chunks/node_modules_next_dist_0u_w_5s._.js:1226
[ 1275255ms] [ERROR] ./src/app/globals.css
Error evaluating Node.js code
CssSyntaxError: tailwindcss: C:\Projects\GWTH_V2\src\app\globals.css:1:1: Invalid code point 16707002
    [at Input.error (turbopack:///[project]/node_modules/postcss/lib/input.js:135:16)]
    [at Root.error (turbopack:///[project]/node_modules/postcss/lib/node.js:146:32)]
    [at Object.Once (C:\Projects\GWTH_V2\node_modules\@tailwindcss\postcss\dist\index.js:10:6911)]
    [at async LazyResult.runAsync (turbopack:///[project]/node_modules/postcss/lib/lazy-result.js:293:11)]
    [at async transform (turbopack:///[turbopack-node]/transforms/postcss.ts:70:34)]
    [at async run (turbopack:///[turbopack-node]/child_process/evaluate.ts:89:23)]

Import trace:
  Client Component Browser:
    ./src/app/globals.css [Client Component Browser]
    ./src/app/layout.tsx [Server Component] @ http://localhost:3000/_next/static/chunks/node_modules_next_dist_0u_w_5s._.js:1945
[ 1275383ms] [LOG] [Fast Refresh] rebuilding @ http://localhost:3000/_next/static/chunks/node_modules_next_dist_0u_w_5s._.js:1226
[ 1276766ms] [ERROR] ./src/app/globals.css
Error evaluating Node.js code
CssSyntaxError: tailwindcss: C:\Projects\GWTH_V2\src\app\globals.css:1:1: Invalid code point 16707002
    [at Input.error (turbopack:///[project]/node_modules/postcss/lib/input.js:135:16)]
    [at Root.error (turbopack:///[project]/node_modules/postcss/lib/node.js:146:32)]
    [at Object.Once (C:\Projects\GWTH_V2\node_modules\@tailwindcss\postcss\dist\index.js:10:6911)]
    [at async LazyResult.runAsync (turbopack:///[project]/node_modules/postcss/lib/lazy-result.js:293:11)]
    [at async transform (turbopack:///[turbopack-node]/transforms/postcss.ts:70:34)]
    [at async run (turbopack:///[turbopack-node]/child_process/evaluate.ts:89:23)]

Import trace:
  Client Component Browser:
    ./src/app/globals.css [Client Component Browser]
    ./src/app/layout.tsx [Server Component] @ http://localhost:3000/_next/static/chunks/node_modules_next_dist_0u_w_5s._.js:1945
[ 1280965ms] [ERROR] ./src/app/globals.css
Error evaluating Node.js code
CssSyntaxError: tailwindcss: C:\Projects\GWTH_V2\src\app\globals.css:1:1: Invalid code point 16707002
    [at Input.error (turbopack:///[project]/node_modules/postcss/lib/input.js:135:16)]
    [at Root.error (turbopack:///[project]/node_modules/postcss/lib/node.js:146:32)]
    [at Object.Once (C:\Projects\GWTH_V2\node_modules\@tailwindcss\postcss\dist\index.js:10:6911)]
    [at async LazyResult.runAsync (turbopack:///[project]/node_modules/postcss/lib/lazy-result.js:293:11)]
    [at async transform (turbopack:///[turbopack-node]/transforms/postcss.ts:70:34)]
    [at async run (turbopack:///[turbopack-node]/child_process/evaluate.ts:89:23)]

Import trace:
  Client Component Browser:
    ./src/app/globals.css [Client Component Browser]
    ./src/app/layout.tsx [Server Component] @ http://localhost:3000/_next/static/chunks/node_modules_next_dist_0u_w_5s._.js:1945
[ 1280995ms] [LOG] [Fast Refresh] rebuilding @ http://localhost:3000/_next/static/chunks/node_modules_next_dist_0u_w_5s._.js:1226
[ 1281158ms] [LOG] [Fast Refresh] rebuilding @ http://localhost:3000/_next/static/chunks/node_modules_next_dist_0u_w_5s._.js:1226
[ 1281513ms] [ERROR] ./src/app/globals.css
Error evaluating Node.js code
CssSyntaxError: tailwindcss: C:\Projects\GWTH_V2\src\app\globals.css:1:1: Invalid code point 16707002
    [at Input.error (turbopack:///[project]/node_modules/postcss/lib/input.js:135:16)]
    [at Root.error (turbopack:///[project]/node_modules/postcss/lib/node.js:146:32)]
    [at Object.Once (C:\Projects\GWTH_V2\node_modules\@tailwindcss\postcss\dist\index.js:10:6911)]
    [at async LazyResult.runAsync (turbopack:///[project]/node_modules/postcss/lib/lazy-result.js:293:11)]
    [at async transform (turbopack:///[turbopack-node]/transforms/postcss.ts:70:34)]
    [at async run (turbopack:///[turbopack-node]/child_process/evaluate.ts:89:23)]

Import trace:
  Client Component Browser:
    ./src/app/globals.css [Client Component Browser]
    ./src/app/layout.tsx [Server Component] @ http://localhost:3000/_next/static/chunks/node_modules_next_dist_0u_w_5s._.js:1945
[ 1282809ms] [LOG] [Fast Refresh] rebuilding @ http://localhost:3000/_next/static/chunks/node_modules_next_dist_0u_w_5s._.js:1226
[ 1282851ms] [ERROR] ./src/app/globals.css
Error evaluating Node.js code
CssSyntaxError: tailwindcss: C:\Projects\GWTH_V2\src\app\globals.css:1:1: Invalid code point 16707002
    [at Input.error (turbopack:///[project]/node_modules/postcss/lib/input.js:135:16)]
    [at Root.error (turbopack:///[project]/node_modules/postcss/lib/node.js:146:32)]
    [at Object.Once (C:\Projects\GWTH_V2\node_modules\@tailwindcss\postcss\dist\index.js:10:6911)]
    [at async LazyResult.runAsync (turbopack:///[project]/node_modules/postcss/lib/lazy-result.js:293:11)]
    [at async transform (turbopack:///[turbopack-node]/transforms/postcss.ts:70:34)]
    [at async run (turbopack:///[turbopack-node]/child_process/evaluate.ts:89:23)]

Import trace:
  Client Component Browser:
    ./src/app/globals.css [Client Component Browser]
    ./src/app/layout.tsx [Server Component] @ http://localhost:3000/_next/static/chunks/node_modules_next_dist_0u_w_5s._.js:1945
[ 1282963ms] [LOG] [Fast Refresh] rebuilding @ http://localhost:3000/_next/static/chunks/node_modules_next_dist_0u_w_5s._.js:1226
[ 1283588ms] [ERROR] ./src/app/globals.css
Error evaluating Node.js code
CssSyntaxError: tailwindcss: C:\Projects\GWTH_V2\src\app\globals.css:1:1: Invalid code point 16707002
    [at Input.error (turbopack:///[project]/node_modules/postcss/lib/input.js:135:16)]
    [at Root.error (turbopack:///[project]/node_modules/postcss/lib/node.js:146:32)]
    [at Object.Once (C:\Projects\GWTH_V2\node_modules\@tailwindcss\postcss\dist\index.js:10:6911)]
    [at async LazyResult.runAsync (turbopack:///[project]/node_modules/postcss/lib/lazy-result.js:293:11)]
    [at async transform (turbopack:///[turbopack-node]/transforms/postcss.ts:70:34)]
    [at async run (turbopack:///[turbopack-node]/child_process/evaluate.ts:89:23)]

Import trace:
  Client Component Browser:
    ./src/app/globals.css [Client Component Browser]
    ./src/app/layout.tsx [Server Component] @ http://localhost:3000/_next/static/chunks/node_modules_next_dist_0u_w_5s._.js:1945
[ 1287898ms] [ERROR] ./src/app/globals.css
Error evaluating Node.js code
CssSyntaxError: tailwindcss: C:\Projects\GWTH_V2\src\app\globals.css:1:1: Invalid code point 16707002
    [at Input.error (turbopack:///[project]/node_modules/postcss/lib/input.js:135:16)]
    [at Root.error (turbopack:///[project]/node_modules/postcss/lib/node.js:146:32)]
    [at Object.Once (C:\Projects\GWTH_V2\node_modules\@tailwindcss\postcss\dist\index.js:10:6911)]
    [at async LazyResult.runAsync (turbopack:///[project]/node_modules/postcss/lib/lazy-result.js:293:11)]
    [at async transform (turbopack:///[turbopack-node]/transforms/postcss.ts:70:34)]
    [at async run (turbopack:///[turbopack-node]/child_process/evaluate.ts:89:23)]

Import trace:
  Client Component Browser:
    ./src/app/globals.css [Client Component Browser]
    ./src/app/layout.tsx [Server Component] @ http://localhost:3000/_next/static/chunks/node_modules_next_dist_0u_w_5s._.js:1945
[ 1287999ms] [LOG] [Fast Refresh] rebuilding @ http://localhost:3000/_next/static/chunks/node_modules_next_dist_0u_w_5s._.js:1226
[ 1288001ms] [ERROR] ./src/app/globals.css
Error evaluating Node.js code
CssSyntaxError: tailwindcss: C:\Projects\GWTH_V2\src\app\globals.css:1:1: Invalid code point 16707002
    [at Input.error (turbopack:///[project]/node_modules/postcss/lib/input.js:135:16)]
    [at Root.error (turbopack:///[project]/node_modules/postcss/lib/node.js:146:32)]
    [at Object.Once (C:\Projects\GWTH_V2\node_modules\@tailwindcss\postcss\dist\index.js:10:6911)]
    [at async LazyResult.runAsync (turbopack:///[project]/node_modules/postcss/lib/lazy-result.js:293:11)]
    [at async transform (turbopack:///[turbopack-node]/transforms/postcss.ts:70:34)]
    [at async run (turbopack:///[turbopack-node]/child_process/evaluate.ts:89:23)]

Import trace:
  Client Component Browser:
    ./src/app/globals.css [Client Component Browser]
    ./src/app/layout.tsx [Server Component] @ http://localhost:3000/_next/static/chunks/node_modules_next_dist_0u_w_5s._.js:1945
[ 1288613ms] [ERROR] ./src/app/globals.css
Error evaluating Node.js code
CssSyntaxError: tailwindcss: C:\Projects\GWTH_V2\src\app\globals.css:1:1: Invalid code point 16707002
    [at Input.error (turbopack:///[project]/node_modules/postcss/lib/input.js:135:16)]
    [at Root.error (turbopack:///[project]/node_modules/postcss/lib/node.js:146:32)]
    [at Object.Once (C:\Projects\GWTH_V2\node_modules\@tailwindcss\postcss\dist\index.js:10:6911)]
    [at async LazyResult.runAsync (turbopack:///[project]/node_modules/postcss/lib/lazy-result.js:293:11)]
    [at async transform (turbopack:///[turbopack-node]/transforms/postcss.ts:70:34)]
    [at async run (turbopack:///[turbopack-node]/child_process/evaluate.ts:89:23)]

Import trace:
  Client Component Browser:
    ./src/app/globals.css [Client Component Browser]
    ./src/app/layout.tsx [Server Component] @ http://localhost:3000/_next/static/chunks/node_modules_next_dist_0u_w_5s._.js:1945
[ 1288709ms] [LOG] [Fast Refresh] rebuilding @ http://localhost:3000/_next/static/chunks/node_modules_next_dist_0u_w_5s._.js:1226
[ 1289456ms] [ERROR] ./src/app/globals.css
Error evaluating Node.js code
CssSyntaxError: tailwindcss: C:\Projects\GWTH_V2\src\app\globals.css:1:1: Invalid code point 16707002
    [at Input.error (turbopack:///[project]/node_modules/postcss/lib/input.js:135:16)]
    [at Root.error (turbopack:///[project]/node_modules/postcss/lib/node.js:146:32)]
    [at Object.Once (C:\Projects\GWTH_V2\node_modules\@tailwindcss\postcss\dist\index.js:10:6911)]
    [at async LazyResult.runAsync (turbopack:///[project]/node_modules/postcss/lib/lazy-result.js:293:11)]
    [at async transform (turbopack:///[turbopack-node]/transforms/postcss.ts:70:34)]
    [at async run (turbopack:///[turbopack-node]/child_process/evaluate.ts:89:23)]

Import trace:
  Client Component Browser:
    ./src/app/globals.css [Client Component Browser]
    ./src/app/layout.tsx [Server Component] @ http://localhost:3000/_next/static/chunks/node_modules_next_dist_0u_w_5s._.js:1945
[ 1289557ms] [LOG] [Fast Refresh] rebuilding @ http://localhost:3000/_next/static/chunks/node_modules_next_dist_0u_w_5s._.js:1226
[ 1289558ms] [ERROR] ./src/app/globals.css
Error evaluating Node.js code
CssSyntaxError: tailwindcss: C:\Projects\GWTH_V2\src\app\globals.css:1:1: Invalid code point 16707002
    [at Input.error (turbopack:///[project]/node_modules/postcss/lib/input.js:135:16)]
    [at Root.error (turbopack:///[project]/node_modules/postcss/lib/node.js:146:32)]
    [at Object.Once (C:\Projects\GWTH_V2\node_modules\@tailwindcss\postcss\dist\index.js:10:6911)]
    [at async LazyResult.runAsync (turbopack:///[project]/node_modules/postcss/lib/lazy-result.js:293:11)]
    [at async transform (turbopack:///[turbopack-node]/transforms/postcss.ts:70:34)]
    [at async run (turbopack:///[turbopack-node]/child_process/evaluate.ts:89:23)]

Import trace:
  Client Component Browser:
    ./src/app/globals.css [Client Component Browser]
    ./src/app/layout.tsx [Server Component] @ http://localhost:3000/_next/static/chunks/node_modules_next_dist_0u_w_5s._.js:1945
[ 1289841ms] [ERROR] ./src/app/globals.css
Error evaluating Node.js code
CssSyntaxError: tailwindcss: C:\Projects\GWTH_V2\src\app\globals.css:1:1: Invalid code point 16707002
    [at Input.error (turbopack:///[project]/node_modules/postcss/lib/input.js:135:16)]
    [at Root.error (turbopack:///[project]/node_modules/postcss/lib/node.js:146:32)]
    [at Object.Once (C:\Projects\GWTH_V2\node_modules\@tailwindcss\postcss\dist\index.js:10:6911)]
    [at async LazyResult.runAsync (turbopack:///[project]/node_modules/postcss/lib/lazy-result.js:293:11)]
    [at async transform (turbopack:///[turbopack-node]/transforms/postcss.ts:70:34)]
    [at async run (turbopack:///[turbopack-node]/child_process/evaluate.ts:89:23)]

Import trace:
  Client Component Browser:
    ./src/app/globals.css [Client Component Browser]
    ./src/app/layout.tsx [Server Component] @ http://localhost:3000/_next/static/chunks/node_modules_next_dist_0u_w_5s._.js:1945
[ 1289940ms] [LOG] [Fast Refresh] rebuilding @ http://localhost:3000/_next/static/chunks/node_modules_next_dist_0u_w_5s._.js:1226
[ 1293548ms] [ERROR] ./src/app/globals.css
Error evaluating Node.js code
CssSyntaxError: tailwindcss: C:\Projects\GWTH_V2\src\app\globals.css:1:1: Invalid code point 16707002
    [at Input.error (turbopack:///[project]/node_modules/postcss/lib/input.js:135:16)]
    [at Root.error (turbopack:///[project]/node_modules/postcss/lib/node.js:146:32)]
    [at Object.Once (C:\Projects\GWTH_V2\node_modules\@tailwindcss\postcss\dist\index.js:10:6911)]
    [at async LazyResult.runAsync (turbopack:///[project]/node_modules/postcss/lib/lazy-result.js:293:11)]
    [at async transform (turbopack:///[turbopack-node]/transforms/postcss.ts:70:34)]
    [at async run (turbopack:///[turbopack-node]/child_process/evaluate.ts:89:23)]

Import trace:
  Client Component Browser:
    ./src/app/globals.css [Client Component Browser]
    ./src/app/layout.tsx [Server Component] @ http://localhost:3000/_next/static/chunks/node_modules_next_dist_0u_w_5s._.js:1945
[ 1293608ms] [ERROR] ./src/app/globals.css
Error evaluating Node.js code
CssSyntaxError: tailwindcss: C:\Projects\GWTH_V2\src\app\globals.css:1:1: Invalid code point 16707002
    [at Input.error (turbopack:///[project]/node_modules/postcss/lib/input.js:135:16)]
    [at Root.error (turbopack:///[project]/node_modules/postcss/lib/node.js:146:32)]
    [at Object.Once (C:\Projects\GWTH_V2\node_modules\@tailwindcss\postcss\dist\index.js:10:6911)]
    [at async LazyResult.runAsync (turbopack:///[project]/node_modules/postcss/lib/lazy-result.js:293:11)]
    [at async transform (turbopack:///[turbopack-node]/transforms/postcss.ts:70:34)]
    [at async run (turbopack:///[turbopack-node]/child_process/evaluate.ts:89:23)]

Import trace:
  Client Component Browser:
    ./src/app/globals.css [Client Component Browser]
    ./src/app/layout.tsx [Server Component] @ http://localhost:3000/_next/static/chunks/node_modules_next_dist_0u_w_5s._.js:1945
[ 1293715ms] [ERROR] ./src/app/globals.css
Error evaluating Node.js code
CssSyntaxError: tailwindcss: C:\Projects\GWTH_V2\src\app\globals.css:1:1: Invalid code point 16707002
    [at Input.error (turbopack:///[project]/node_modules/postcss/lib/input.js:135:16)]
    [at Root.error (turbopack:///[project]/node_modules/postcss/lib/node.js:146:32)]
    [at Object.Once (C:\Projects\GWTH_V2\node_modules\@tailwindcss\postcss\dist\index.js:10:6911)]
    [at async LazyResult.runAsync (turbopack:///[project]/node_modules/postcss/lib/lazy-result.js:293:11)]
    [at async transform (turbopack:///[turbopack-node]/transforms/postcss.ts:70:34)]
    [at async run (turbopack:///[turbopack-node]/child_process/evaluate.ts:89:23)]

Import trace:
  Client Component Browser:
    ./src/app/globals.css [Client Component Browser]
    ./src/app/layout.tsx [Server Component] @ http://localhost:3000/_next/static/chunks/node_modules_next_dist_0u_w_5s._.js:1945
[ 1293716ms] [LOG] [Fast Refresh] rebuilding @ http://localhost:3000/_next/static/chunks/node_modules_next_dist_0u_w_5s._.js:1226
[ 1293875ms] [ERROR] ./src/app/globals.css
Error evaluating Node.js code
CssSyntaxError: tailwindcss: C:\Projects\GWTH_V2\src\app\globals.css:1:1: Invalid code point 16707002
    [at Input.error (turbopack:///[project]/node_modules/postcss/lib/input.js:135:16)]
    [at Root.error (turbopack:///[project]/node_modules/postcss/lib/node.js:146:32)]
    [at Object.Once (C:\Projects\GWTH_V2\node_modules\@tailwindcss\postcss\dist\index.js:10:6911)]
    [at async LazyResult.runAsync (turbopack:///[project]/node_modules/postcss/lib/lazy-result.js:293:11)]
    [at async transform (turbopack:///[turbopack-node]/transforms/postcss.ts:70:34)]
    [at async run (turbopack:///[turbopack-node]/child_process/evaluate.ts:89:23)]

Import trace:
  Client Component Browser:
    ./src/app/globals.css [Client Component Browser]
    ./src/app/layout.tsx [Server Component] @ http://localhost:3000/_next/static/chunks/node_modules_next_dist_0u_w_5s._.js:1945
[ 1293899ms] [LOG] [Fast Refresh] rebuilding @ http://localhost:3000/_next/static/chunks/node_modules_next_dist_0u_w_5s._.js:1226
[ 1293977ms] [ERROR] ./src/app/globals.css
Error evaluating Node.js code
CssSyntaxError: tailwindcss: C:\Projects\GWTH_V2\src\app\globals.css:1:1: Invalid code point 16707002
    [at Input.error (turbopack:///[project]/node_modules/postcss/lib/input.js:135:16)]
    [at Root.error (turbopack:///[project]/node_modules/postcss/lib/node.js:146:32)]
    [at Object.Once (C:\Projects\GWTH_V2\node_modules\@tailwindcss\postcss\dist\index.js:10:6911)]
    [at async LazyResult.runAsync (turbopack:///[project]/node_modules/postcss/lib/lazy-result.js:293:11)]
    [at async transform (turbopack:///[turbopack-node]/transforms/postcss.ts:70:34)]
    [at async run (turbopack:///[turbopack-node]/child_process/evaluate.ts:89:23)]

Import trace:
  Client Component Browser:
    ./src/app/globals.css [Client Component Browser]
    ./src/app/layout.tsx [Server Component] @ http://localhost:3000/_next/static/chunks/node_modules_next_dist_0u_w_5s._.js:1945
[ 1294082ms] [LOG] [Fast Refresh] rebuilding @ http://localhost:3000/_next/static/chunks/node_modules_next_dist_0u_w_5s._.js:1226
[ 1294118ms] [ERROR] ./src/app/globals.css
Error evaluating Node.js code
CssSyntaxError: tailwindcss: C:\Projects\GWTH_V2\src\app\globals.css:1:1: Invalid code point 16707002
    [at Input.error (turbopack:///[project]/node_modules/postcss/lib/input.js:135:16)]
    [at Root.error (turbopack:///[project]/node_modules/postcss/lib/node.js:146:32)]
    [at Object.Once (C:\Projects\GWTH_V2\node_modules\@tailwindcss\postcss\dist\index.js:10:6911)]
    [at async LazyResult.runAsync (turbopack:///[project]/node_modules/postcss/lib/lazy-result.js:293:11)]
    [at async transform (turbopack:///[turbopack-node]/transforms/postcss.ts:70:34)]
    [at async run (turbopack:///[turbopack-node]/child_process/evaluate.ts:89:23)]

Import trace:
  Client Component Browser:
    ./src/app/globals.css [Client Component Browser]
    ./src/app/layout.tsx [Server Component] @ http://localhost:3000/_next/static/chunks/node_modules_next_dist_0u_w_5s._.js:1945
[ 1296363ms] [ERROR] ./src/app/globals.css
Error evaluating Node.js code
CssSyntaxError: tailwindcss: C:\Projects\GWTH_V2\src\app\globals.css:1:1: Invalid code point 16707002
    [at Input.error (turbopack:///[project]/node_modules/postcss/lib/input.js:135:16)]
    [at Root.error (turbopack:///[project]/node_modules/postcss/lib/node.js:146:32)]
    [at Object.Once (C:\Projects\GWTH_V2\node_modules\@tailwindcss\postcss\dist\index.js:10:6911)]
    [at async LazyResult.runAsync (turbopack:///[project]/node_modules/postcss/lib/lazy-result.js:293:11)]
    [at async transform (turbopack:///[turbopack-node]/transforms/postcss.ts:70:34)]
    [at async run (turbopack:///[turbopack-node]/child_process/evaluate.ts:89:23)]

Import trace:
  Client Component Browser:
    ./src/app/globals.css [Client Component Browser]
    ./src/app/layout.tsx [Server Component] @ http://localhost:3000/_next/static/chunks/node_modules_next_dist_0u_w_5s._.js:1945
[ 1296374ms] [LOG] [Fast Refresh] rebuilding @ http://localhost:3000/_next/static/chunks/node_modules_next_dist_0u_w_5s._.js:1226
[ 1296926ms] [LOG] [Fast Refresh] rebuilding @ http://localhost:3000/_next/static/chunks/node_modules_next_dist_0u_w_5s._.js:1226
[ 1296958ms] [ERROR] ./src/app/globals.css
Error evaluating Node.js code
CssSyntaxError: tailwindcss: C:\Projects\GWTH_V2\src\app\globals.css:1:1: Invalid code point 16707002
    [at Input.error (turbopack:///[project]/node_modules/postcss/lib/input.js:135:16)]
    [at Root.error (turbopack:///[project]/node_modules/postcss/lib/node.js:146:32)]
    [at Object.Once (C:\Projects\GWTH_V2\node_modules\@tailwindcss\postcss\dist\index.js:10:6911)]
    [at async LazyResult.runAsync (turbopack:///[project]/node_modules/postcss/lib/lazy-result.js:293:11)]
    [at async transform (turbopack:///[turbopack-node]/transforms/postcss.ts:70:34)]
    [at async run (turbopack:///[turbopack-node]/child_process/evaluate.ts:89:23)]

Import trace:
  Client Component Browser:
    ./src/app/globals.css [Client Component Browser]
    ./src/app/layout.tsx [Server Component] @ http://localhost:3000/_next/static/chunks/node_modules_next_dist_0u_w_5s._.js:1945
[ 1299163ms] [ERROR] ./src/app/globals.css
Error evaluating Node.js code
CssSyntaxError: tailwindcss: C:\Projects\GWTH_V2\src\app\globals.css:1:1: Invalid code point 16707002
    [at Input.error (turbopack:///[project]/node_modules/postcss/lib/input.js:135:16)]
    [at Root.error (turbopack:///[project]/node_modules/postcss/lib/node.js:146:32)]
    [at Object.Once (C:\Projects\GWTH_V2\node_modules\@tailwindcss\postcss\dist\index.js:10:6911)]
    [at async LazyResult.runAsync (turbopack:///[project]/node_modules/postcss/lib/lazy-result.js:293:11)]
    [at async transform (turbopack:///[turbopack-node]/transforms/postcss.ts:70:34)]
    [at async run (turbopack:///[turbopack-node]/child_process/evaluate.ts:89:23)]

Import trace:
  Client Component Browser:
    ./src/app/globals.css [Client Component Browser]
    ./src/app/layout.tsx [Server Component] @ http://localhost:3000/_next/static/chunks/node_modules_next_dist_0u_w_5s._.js:1945
[ 1299212ms] [LOG] [Fast Refresh] rebuilding @ http://localhost:3000/_next/static/chunks/node_modules_next_dist_0u_w_5s._.js:1226
[ 1299556ms] [LOG] [Fast Refresh] rebuilding @ http://localhost:3000/_next/static/chunks/node_modules_next_dist_0u_w_5s._.js:1226
[ 1299639ms] [ERROR] ./src/app/globals.css
Error evaluating Node.js code
CssSyntaxError: tailwindcss: C:\Projects\GWTH_V2\src\app\globals.css:1:1: Invalid code point 16707002
    [at Input.error (turbopack:///[project]/node_modules/postcss/lib/input.js:135:16)]
    [at Root.error (turbopack:///[project]/node_modules/postcss/lib/node.js:146:32)]
    [at Object.Once (C:\Projects\GWTH_V2\node_modules\@tailwindcss\postcss\dist\index.js:10:6911)]
    [at async LazyResult.runAsync (turbopack:///[project]/node_modules/postcss/lib/lazy-result.js:293:11)]
    [at async transform (turbopack:///[turbopack-node]/transforms/postcss.ts:70:34)]
    [at async run (turbopack:///[turbopack-node]/child_process/evaluate.ts:89:23)]

Import trace:
  Client Component Browser:
    ./src/app/globals.css [Client Component Browser]
    ./src/app/layout.tsx [Server Component] @ http://localhost:3000/_next/static/chunks/node_modules_next_dist_0u_w_5s._.js:1945
[ 1316127ms] [ERROR] ./src/app/globals.css
Error evaluating Node.js code
CssSyntaxError: tailwindcss: C:\Projects\GWTH_V2\src\app\globals.css:1:1: Invalid code point 16707002
    [at Input.error (turbopack:///[project]/node_modules/postcss/lib/input.js:135:16)]
    [at Root.error (turbopack:///[project]/node_modules/postcss/lib/node.js:146:32)]
    [at Object.Once (C:\Projects\GWTH_V2\node_modules\@tailwindcss\postcss\dist\index.js:10:6911)]
    [at async LazyResult.runAsync (turbopack:///[project]/node_modules/postcss/lib/lazy-result.js:293:11)]
    [at async transform (turbopack:///[turbopack-node]/transforms/postcss.ts:70:34)]
    [at async run (turbopack:///[turbopack-node]/child_process/evaluate.ts:89:23)]

Import trace:
  Client Component Browser:
    ./src/app/globals.css [Client Component Browser]
    ./src/app/layout.tsx [Server Component] @ http://localhost:3000/_next/static/chunks/node_modules_next_dist_0u_w_5s._.js:1945
[ 1316230ms] [ERROR] ./src/app/globals.css
Error evaluating Node.js code
CssSyntaxError: tailwindcss: C:\Projects\GWTH_V2\src\app\globals.css:1:1: Invalid code point 16707002
    [at Input.error (turbopack:///[project]/node_modules/postcss/lib/input.js:135:16)]
    [at Root.error (turbopack:///[project]/node_modules/postcss/lib/node.js:146:32)]
    [at Object.Once (C:\Projects\GWTH_V2\node_modules\@tailwindcss\postcss\dist\index.js:10:6911)]
    [at async LazyResult.runAsync (turbopack:///[project]/node_modules/postcss/lib/lazy-result.js:293:11)]
    [at async transform (turbopack:///[turbopack-node]/transforms/postcss.ts:70:34)]
    [at async run (turbopack:///[turbopack-node]/child_process/evaluate.ts:89:23)]

Import trace:
  Client Component Browser:
    ./src/app/globals.css [Client Component Browser]
    ./src/app/layout.tsx [Server Component] @ http://localhost:3000/_next/static/chunks/node_modules_next_dist_0u_w_5s._.js:1945
[ 1316337ms] [ERROR] ./src/app/globals.css
Error evaluating Node.js code
CssSyntaxError: tailwindcss: C:\Projects\GWTH_V2\src\app\globals.css:1:1: Invalid code point 16707002
    [at Input.error (turbopack:///[project]/node_modules/postcss/lib/input.js:135:16)]
    [at Root.error (turbopack:///[project]/node_modules/postcss/lib/node.js:146:32)]
    [at Object.Once (C:\Projects\GWTH_V2\node_modules\@tailwindcss\postcss\dist\index.js:10:6911)]
    [at async LazyResult.runAsync (turbopack:///[project]/node_modules/postcss/lib/lazy-result.js:293:11)]
    [at async transform (turbopack:///[turbopack-node]/transforms/postcss.ts:70:34)]
    [at async run (turbopack:///[turbopack-node]/child_process/evaluate.ts:89:23)]

Import trace:
  Client Component Browser:
    ./src/app/globals.css [Client Component Browser]
    ./src/app/layout.tsx [Server Component] @ http://localhost:3000/_next/static/chunks/node_modules_next_dist_0u_w_5s._.js:1945
[ 1316338ms] [LOG] [Fast Refresh] rebuilding @ http://localhost:3000/_next/static/chunks/node_modules_next_dist_0u_w_5s._.js:1226
[ 1316653ms] [ERROR] ./src/app/globals.css
Error evaluating Node.js code
CssSyntaxError: tailwindcss: C:\Projects\GWTH_V2\src\app\globals.css:1:1: Invalid code point 16707002
    [at Input.error (turbopack:///[project]/node_modules/postcss/lib/input.js:135:16)]
    [at Root.error (turbopack:///[project]/node_modules/postcss/lib/node.js:146:32)]
    [at Object.Once (C:\Projects\GWTH_V2\node_modules\@tailwindcss\postcss\dist\index.js:10:6911)]
    [at async LazyResult.runAsync (turbopack:///[project]/node_modules/postcss/lib/lazy-result.js:293:11)]
    [at async transform (turbopack:///[turbopack-node]/transforms/postcss.ts:70:34)]
    [at async run (turbopack:///[turbopack-node]/child_process/evaluate.ts:89:23)]

Import trace:
  Client Component Browser:
    ./src/app/globals.css [Client Component Browser]
    ./src/app/layout.tsx [Server Component] @ http://localhost:3000/_next/static/chunks/node_modules_next_dist_0u_w_5s._.js:1945
[ 1316704ms] [LOG] [Fast Refresh] rebuilding @ http://localhost:3000/_next/static/chunks/node_modules_next_dist_0u_w_5s._.js:1226
[ 1322234ms] [LOG] [Fast Refresh] rebuilding @ http://localhost:3000/_next/static/chunks/node_modules_next_dist_0u_w_5s._.js:1226
[ 1322284ms] [ERROR] ./src/app/globals.css
Error evaluating Node.js code
CssSyntaxError: tailwindcss: C:\Projects\GWTH_V2\src\app\globals.css:1:1: Invalid code point 16707002
    [at Input.error (turbopack:///[project]/node_modules/postcss/lib/input.js:135:16)]
    [at Root.error (turbopack:///[project]/node_modules/postcss/lib/node.js:146:32)]
    [at Object.Once (C:\Projects\GWTH_V2\node_modules\@tailwindcss\postcss\dist\index.js:10:6911)]
    [at async LazyResult.runAsync (turbopack:///[project]/node_modules/postcss/lib/lazy-result.js:293:11)]
    [at async transform (turbopack:///[turbopack-node]/transforms/postcss.ts:70:34)]
    [at async run (turbopack:///[turbopack-node]/child_process/evaluate.ts:89:23)]

Import trace:
  Client Component Browser:
    ./src/app/globals.css [Client Component Browser]
    ./src/app/layout.tsx [Server Component] @ http://localhost:3000/_next/static/chunks/node_modules_next_dist_0u_w_5s._.js:1945
[ 1415168ms] [LOG] [Fast Refresh] rebuilding @ http://localhost:3000/_next/static/chunks/node_modules_next_dist_0u_w_5s._.js:1226
[ 1415185ms] [ERROR] ./src/app/globals.css
Error evaluating Node.js code
CssSyntaxError: tailwindcss: C:\Projects\GWTH_V2\src\app\globals.css:1:1: Invalid code point 16707002
    [at Input.error (turbopack:///[project]/node_modules/postcss/lib/input.js:135:16)]
    [at Root.error (turbopack:///[project]/node_modules/postcss/lib/node.js:146:32)]
    [at Object.Once (C:\Projects\GWTH_V2\node_modules\@tailwindcss\postcss\dist\index.js:10:6911)]
    [at async LazyResult.runAsync (turbopack:///[project]/node_modules/postcss/lib/lazy-result.js:293:11)]
    [at async transform (turbopack:///[turbopack-node]/transforms/postcss.ts:70:34)]
    [at async run (turbopack:///[turbopack-node]/child_process/evaluate.ts:89:23)]

Import trace:
  Client Component Browser:
    ./src/app/globals.css [Client Component Browser]
    ./src/app/layout.tsx [Server Component] @ http://localhost:3000/_next/static/chunks/node_modules_next_dist_0u_w_5s._.js:1945
[ 1500978ms] [LOG] [Fast Refresh] rebuilding @ http://localhost:3000/_next/static/chunks/node_modules_next_dist_0u_w_5s._.js:1226
[ 1501741ms] [ERROR] ./src/app/globals.css
Error evaluating Node.js code
CssSyntaxError: tailwindcss: C:\Projects\GWTH_V2\src\app\globals.css:1:1: Invalid code point 16707002
    [at Input.error (turbopack:///[project]/node_modules/postcss/lib/input.js:135:16)]
    [at Root.error (turbopack:///[project]/node_modules/postcss/lib/node.js:146:32)]
    [at Object.Once (C:\Projects\GWTH_V2\node_modules\@tailwindcss\postcss\dist\index.js:10:6911)]
    [at async LazyResult.runAsync (turbopack:///[project]/node_modules/postcss/lib/lazy-result.js:293:11)]
    [at async transform (turbopack:///[turbopack-node]/transforms/postcss.ts:70:34)]
    [at async run (turbopack:///[turbopack-node]/child_process/evaluate.ts:89:23)]

Import trace:
  Client Component Browser:
    ./src/app/globals.css [Client Component Browser]
    ./src/app/layout.tsx [Server Component] @ http://localhost:3000/_next/static/chunks/node_modules_next_dist_0u_w_5s._.js:1945
[ 1501779ms] [ERROR] ./src/app/globals.css
Error evaluating Node.js code
CssSyntaxError: tailwindcss: C:\Projects\GWTH_V2\src\app\globals.css:1:1: Invalid code point 16707002
    [at Input.error (turbopack:///[project]/node_modules/postcss/lib/input.js:135:16)]
    [at Root.error (turbopack:///[project]/node_modules/postcss/lib/node.js:146:32)]
    [at Object.Once (C:\Projects\GWTH_V2\node_modules\@tailwindcss\postcss\dist\index.js:10:6911)]
    [at async LazyResult.runAsync (turbopack:///[project]/node_modules/postcss/lib/lazy-result.js:293:11)]
    [at async transform (turbopack:///[turbopack-node]/transforms/postcss.ts:70:34)]
    [at async run (turbopack:///[turbopack-node]/child_process/evaluate.ts:89:23)]

Import trace:
  Client Component Browser:
    ./src/app/globals.css [Client Component Browser]
    ./src/app/layout.tsx [Server Component] @ http://localhost:3000/_next/static/chunks/node_modules_next_dist_0u_w_5s._.js:1945
[ 1501881ms] [LOG] [Fast Refresh] rebuilding @ http://localhost:3000/_next/static/chunks/node_modules_next_dist_0u_w_5s._.js:1226
[ 1507287ms] [ERROR] ./src/app/globals.css
Error evaluating Node.js code
CssSyntaxError: tailwindcss: C:\Projects\GWTH_V2\src\app\globals.css:1:1: Invalid code point 16707002
    [at Input.error (turbopack:///[project]/node_modules/postcss/lib/input.js:135:16)]
    [at Root.error (turbopack:///[project]/node_modules/postcss/lib/node.js:146:32)]
    [at Object.Once (C:\Projects\GWTH_V2\node_modules\@tailwindcss\postcss\dist\index.js:10:6911)]
    [at async LazyResult.runAsync (turbopack:///[project]/node_modules/postcss/lib/lazy-result.js:293:11)]
    [at async transform (turbopack:///[turbopack-node]/transforms/postcss.ts:70:34)]
    [at async run (turbopack:///[turbopack-node]/child_process/evaluate.ts:89:23)]

Import trace:
  Client Component Browser:
    ./src/app/globals.css [Client Component Browser]
    ./src/app/layout.tsx [Server Component] @ http://localhost:3000/_next/static/chunks/node_modules_next_dist_0u_w_5s._.js:1945
[ 1507402ms] [LOG] [Fast Refresh] rebuilding @ http://localhost:3000/_next/static/chunks/node_modules_next_dist_0u_w_5s._.js:1226
[ 1507523ms] [ERROR] ./src/app/globals.css
Error evaluating Node.js code
CssSyntaxError: tailwindcss: C:\Projects\GWTH_V2\src\app\globals.css:1:1: Invalid code point 16707002
    [at Input.error (turbopack:///[project]/node_modules/postcss/lib/input.js:135:16)]
    [at Root.error (turbopack:///[project]/node_modules/postcss/lib/node.js:146:32)]
    [at Object.Once (C:\Projects\GWTH_V2\node_modules\@tailwindcss\postcss\dist\index.js:10:6911)]
    [at async LazyResult.runAsync (turbopack:///[project]/node_modules/postcss/lib/lazy-result.js:293:11)]
    [at async transform (turbopack:///[turbopack-node]/transforms/postcss.ts:70:34)]
    [at async run (turbopack:///[turbopack-node]/child_process/evaluate.ts:89:23)]

Import trace:
  Client Component Browser:
    ./src/app/globals.css [Client Component Browser]
    ./src/app/layout.tsx [Server Component] @ http://localhost:3000/_next/static/chunks/node_modules_next_dist_0u_w_5s._.js:1945
[ 1507667ms] [LOG] [Fast Refresh] rebuilding @ http://localhost:3000/_next/static/chunks/node_modules_next_dist_0u_w_5s._.js:1226
[ 1507701ms] [ERROR] ./src/app/globals.css
Error evaluating Node.js code
CssSyntaxError: tailwindcss: C:\Projects\GWTH_V2\src\app\globals.css:1:1: Invalid code point 16707002
    [at Input.error (turbopack:///[project]/node_modules/postcss/lib/input.js:135:16)]
    [at Root.error (turbopack:///[project]/node_modules/postcss/lib/node.js:146:32)]
    [at Object.Once (C:\Projects\GWTH_V2\node_modules\@tailwindcss\postcss\dist\index.js:10:6911)]
    [at async LazyResult.runAsync (turbopack:///[project]/node_modules/postcss/lib/lazy-result.js:293:11)]
    [at async transform (turbopack:///[turbopack-node]/transforms/postcss.ts:70:34)]
    [at async run (turbopack:///[turbopack-node]/child_process/evaluate.ts:89:23)]

Import trace:
  Client Component Browser:
    ./src/app/globals.css [Client Component Browser]
    ./src/app/layout.tsx [Server Component] @ http://localhost:3000/_next/static/chunks/node_modules_next_dist_0u_w_5s._.js:1945
[ 1507807ms] [LOG] [Fast Refresh] rebuilding @ http://localhost:3000/_next/static/chunks/node_modules_next_dist_0u_w_5s._.js:1226
[ 1510889ms] [ERROR] Failed to load resource: the server responded with a status of 500 (Internal Server Error) @ http://localhost:3000/logo_picker:0
[ 1511029ms] [INFO] %cDownload the React DevTools for a better development experience: https://react.dev/link/react-devtools font-weight:bold @ http://localhost:3000/_next/static/chunks/node_modules_react-dom_0bruynb._.js:15305
[ 1511100ms] Error: ./src/app/globals.css
Error evaluating Node.js code
CssSyntaxError: tailwindcss: C:\Projects\GWTH_V2\src\app\globals.css:1:1: Invalid code point 16707002
    [at Input.error (turbopack:///[project]/node_modules/postcss/lib/input.js:135:16)]
    [at Root.error (turbopack:///[project]/node_modules/postcss/lib/node.js:146:32)]
    [at Object.Once (C:\Projects\GWTH_V2\node_modules\@tailwindcss\postcss\dist\index.js:10:6911)]
    [at async LazyResult.runAsync (turbopack:///[project]/node_modules/postcss/lib/lazy-result.js:293:11)]
    [at async transform (turbopack:///[turbopack-node]/transforms/postcss.ts:70:34)]
    [at async run (turbopack:///[turbopack-node]/child_process/evaluate.ts:89:23)]

Import trace:
  Client Component Browser:
    ./src/app/globals.css [Client Component Browser]
    ./src/app/layout.tsx [Server Component]


    at <unknown> (file://C:\Projects\GWTH_V2\node_modules\next\dist\server\dev\hot-reloader-turbopack.js:1164:50)
    at Array.map (<anonymous>)
    at Object.getCompilationErrors (file://C:\Projects\GWTH_V2\node_modules\next\dist\server\dev\hot-reloader-turbopack.js:1156:19)
    at DevBundlerService.getCompilationError (file://C:\Projects\GWTH_V2\node_modules\next\dist\server\lib\dev-bundler-service.js:44:55)
    at DevServer.getCompilationError (file://C:\Projects\GWTH_V2\node_modules\next\dist\server\dev\next-dev-server.js:719:42)
    at DevServer.findPageComponents (file://C:\Projects\GWTH_V2\node_modules\next\dist\server\dev\next-dev-server.js:689:43)
    at async DevServer.renderErrorToResponseImpl (file://C:\Projects\GWTH_V2\node_modules\next\dist\server\base-server.js:1686:30)
[ 1511102ms] [LOG] [HMR] connected @ http://localhost:3000/_next/static/chunks/node_modules_next_dist_0u_w_5s._.js:1226
[ 1511110ms] [ERROR] ./src/app/globals.css
Error evaluating Node.js code
CssSyntaxError: tailwindcss: C:\Projects\GWTH_V2\src\app\globals.css:1:1: Invalid code point 16707002
    [at Input.error (turbopack:///[project]/node_modules/postcss/lib/input.js:135:16)]
    [at Root.error (turbopack:///[project]/node_modules/postcss/lib/node.js:146:32)]
    [at Object.Once (C:\Projects\GWTH_V2\node_modules\@tailwindcss\postcss\dist\index.js:10:6911)]
    [at async LazyResult.runAsync (turbopack:///[project]/node_modules/postcss/lib/lazy-result.js:293:11)]
    [at async transform (turbopack:///[turbopack-node]/transforms/postcss.ts:70:34)]
    [at async run (turbopack:///[turbopack-node]/child_process/evaluate.ts:89:23)]

Import trace:
  Client Component Browser:
    ./src/app/globals.css [Client Component Browser]
    ./src/app/layout.tsx [Server Component] @ http://localhost:3000/_next/static/chunks/node_modules_next_dist_0u_w_5s._.js:1945
[ 1511111ms] [ERROR] ./src/app/globals.css
Error evaluating Node.js code
CssSyntaxError: tailwindcss: C:\Projects\GWTH_V2\src\app\globals.css:1:1: Invalid code point 16707002
    [at Input.error (turbopack:///[project]/node_modules/postcss/lib/input.js:135:16)]
    [at Root.error (turbopack:///[project]/node_modules/postcss/lib/node.js:146:32)]
    [at Object.Once (C:\Projects\GWTH_V2\node_modules\@tailwindcss\postcss\dist\index.js:10:6911)]
    [at async LazyResult.runAsync (turbopack:///[project]/node_modules/postcss/lib/lazy-result.js:293:11)]
    [at async transform (turbopack:///[turbopack-node]/transforms/postcss.ts:70:34)]
    [at async run (turbopack:///[turbopack-node]/child_process/evaluate.ts:89:23)]

Import trace:
  Client Component Browser:
    ./src/app/globals.css [Client Component Browser]
    ./src/app/layout.tsx [Server Component] @ http://localhost:3000/_next/static/chunks/node_modules_next_dist_0u_w_5s._.js:1945
[ 1512576ms] [ERROR] ./src/app/globals.css
Error evaluating Node.js code
CssSyntaxError: tailwindcss: C:\Projects\GWTH_V2\src\app\globals.css:1:1: Invalid code point 16707002
    [at Input.error (turbopack:///[project]/node_modules/postcss/lib/input.js:135:16)]
    [at Root.error (turbopack:///[project]/node_modules/postcss/lib/node.js:146:32)]
    [at Object.Once (C:\Projects\GWTH_V2\node_modules\@tailwindcss\postcss\dist\index.js:10:6911)]
    [at async LazyResult.runAsync (turbopack:///[project]/node_modules/postcss/lib/lazy-result.js:293:11)]
    [at async transform (turbopack:///[turbopack-node]/transforms/postcss.ts:70:34)]
    [at async run (turbopack:///[turbopack-node]/child_process/evaluate.ts:89:23)]

Import trace:
  Client Component Browser:
    ./src/app/globals.css [Client Component Browser]
    ./src/app/layout.tsx [Server Component] @ http://localhost:3000/_next/static/chunks/node_modules_next_dist_0u_w_5s._.js:1945
[ 1512629ms] [ERROR] ./src/app/globals.css
Error evaluating Node.js code
CssSyntaxError: tailwindcss: C:\Projects\GWTH_V2\src\app\globals.css:1:1: Invalid code point 16707002
    [at Input.error (turbopack:///[project]/node_modules/postcss/lib/input.js:135:16)]
    [at Root.error (turbopack:///[project]/node_modules/postcss/lib/node.js:146:32)]
    [at Object.Once (C:\Projects\GWTH_V2\node_modules\@tailwindcss\postcss\dist\index.js:10:6911)]
    [at async LazyResult.runAsync (turbopack:///[project]/node_modules/postcss/lib/lazy-result.js:293:11)]
    [at async transform (turbopack:///[turbopack-node]/transforms/postcss.ts:70:34)]
    [at async run (turbopack:///[turbopack-node]/child_process/evaluate.ts:89:23)]

Import trace:
  Client Component Browser:
    ./src/app/globals.css [Client Component Browser]
    ./src/app/layout.tsx [Server Component] @ http://localhost:3000/_next/static/chunks/node_modules_next_dist_0u_w_5s._.js:1945
[ 1512687ms] [LOG] [Fast Refresh] rebuilding @ http://localhost:3000/_next/static/chunks/node_modules_next_dist_0u_w_5s._.js:1226
[ 1531833ms] [LOG] [Fast Refresh] rebuilding @ http://localhost:3000/_next/static/chunks/node_modules_next_dist_0u_w_5s._.js:1226
[ 1538566ms] [ERROR] ./src/app/globals.css
Error evaluating Node.js code
CssSyntaxError: tailwindcss: C:\Projects\GWTH_V2\src\app\globals.css:1:1: Invalid code point 16707002
    [at Input.error (turbopack:///[project]/node_modules/postcss/lib/input.js:135:16)]
    [at Root.error (turbopack:///[project]/node_modules/postcss/lib/node.js:146:32)]
    [at Object.Once (C:\Projects\GWTH_V2\node_modules\@tailwindcss\postcss\dist\index.js:10:6911)]
    [at async LazyResult.runAsync (turbopack:///[project]/node_modules/postcss/lib/lazy-result.js:293:11)]
    [at async transform (turbopack:///[turbopack-node]/transforms/postcss.ts:70:34)]
    [at async run (turbopack:///[turbopack-node]/child_process/evaluate.ts:89:23)]

Import trace:
  Client Component Browser:
    ./src/app/globals.css [Client Component Browser]
    ./src/app/layout.tsx [Server Component] @ http://localhost:3000/_next/static/chunks/node_modules_next_dist_0u_w_5s._.js:1945
[ 1538612ms] [ERROR] ./src/app/globals.css
Error evaluating Node.js code
CssSyntaxError: tailwindcss: C:\Projects\GWTH_V2\src\app\globals.css:1:1: Invalid code point 16707002
    [at Input.error (turbopack:///[project]/node_modules/postcss/lib/input.js:135:16)]
    [at Root.error (turbopack:///[project]/node_modules/postcss/lib/node.js:146:32)]
    [at Object.Once (C:\Projects\GWTH_V2\node_modules\@tailwindcss\postcss\dist\index.js:10:6911)]
    [at async LazyResult.runAsync (turbopack:///[project]/node_modules/postcss/lib/lazy-result.js:293:11)]
    [at async transform (turbopack:///[turbopack-node]/transforms/postcss.ts:70:34)]
    [at async run (turbopack:///[turbopack-node]/child_process/evaluate.ts:89:23)]

Import trace:
  Client Component Browser:
    ./src/app/globals.css [Client Component Browser]
    ./src/app/layout.tsx [Server Component] @ http://localhost:3000/_next/static/chunks/node_modules_next_dist_0u_w_5s._.js:1945
[ 1538615ms] [ERROR] ./src/app/globals.css
Error evaluating Node.js code
CssSyntaxError: tailwindcss: C:\Projects\GWTH_V2\src\app\globals.css:1:1: Invalid code point 16707002
    [at Input.error (turbopack:///[project]/node_modules/postcss/lib/input.js:135:16)]
    [at Root.error (turbopack:///[project]/node_modules/postcss/lib/node.js:146:32)]
    [at Object.Once (C:\Projects\GWTH_V2\node_modules\@tailwindcss\postcss\dist\index.js:10:6911)]
    [at async LazyResult.runAsync (turbopack:///[project]/node_modules/postcss/lib/lazy-result.js:293:11)]
    [at async transform (turbopack:///[turbopack-node]/transforms/postcss.ts:70:34)]
    [at async run (turbopack:///[turbopack-node]/child_process/evaluate.ts:89:23)]

Import trace:
  Client Component Browser:
    ./src/app/globals.css [Client Component Browser]
    ./src/app/layout.tsx [Server Component] @ http://localhost:3000/_next/static/chunks/node_modules_next_dist_0u_w_5s._.js:1945
[ 1538725ms] [LOG] [Fast Refresh] rebuilding @ http://localhost:3000/_next/static/chunks/node_modules_next_dist_0u_w_5s._.js:1226
[ 1539473ms] [ERROR] ./src/app/globals.css
Error evaluating Node.js code
CssSyntaxError: tailwindcss: C:\Projects\GWTH_V2\src\app\globals.css:1:1: Invalid code point 16707002
    [at Input.error (turbopack:///[project]/node_modules/postcss/lib/input.js:135:16)]
    [at Root.error (turbopack:///[project]/node_modules/postcss/lib/node.js:146:32)]
    [at Object.Once (C:\Projects\GWTH_V2\node_modules\@tailwindcss\postcss\dist\index.js:10:6911)]
    [at async LazyResult.runAsync (turbopack:///[project]/node_modules/postcss/lib/lazy-result.js:293:11)]
    [at async transform (turbopack:///[turbopack-node]/transforms/postcss.ts:70:34)]
    [at async run (turbopack:///[turbopack-node]/child_process/evaluate.ts:89:23)]

Import trace:
  Client Component Browser:
    ./src/app/globals.css [Client Component Browser]
    ./src/app/layout.tsx [Server Component] @ http://localhost:3000/_next/static/chunks/node_modules_next_dist_0u_w_5s._.js:1945
[ 1539605ms] [LOG] [Fast Refresh] rebuilding @ http://localhost:3000/_next/static/chunks/node_modules_next_dist_0u_w_5s._.js:1226
[ 1543191ms] [ERROR] ./src/app/globals.css
Error evaluating Node.js code
CssSyntaxError: tailwindcss: C:\Projects\GWTH_V2\src\app\globals.css:1:1: Invalid code point 16707002
    [at Input.error (turbopack:///[project]/node_modules/postcss/lib/input.js:135:16)]
    [at Root.error (turbopack:///[project]/node_modules/postcss/lib/node.js:146:32)]
    [at Object.Once (C:\Projects\GWTH_V2\node_modules\@tailwindcss\postcss\dist\index.js:10:6911)]
    [at async LazyResult.runAsync (turbopack:///[project]/node_modules/postcss/lib/lazy-result.js:293:11)]
    [at async transform (turbopack:///[turbopack-node]/transforms/postcss.ts:70:34)]
    [at async run (turbopack:///[turbopack-node]/child_process/evaluate.ts:89:23)]

Import trace:
  Client Component Browser:
    ./src/app/globals.css [Client Component Browser]
    ./src/app/layout.tsx [Server Component] @ http://localhost:3000/_next/static/chunks/node_modules_next_dist_0u_w_5s._.js:1945
[ 1543245ms] [ERROR] ./src/app/globals.css
Error evaluating Node.js code
CssSyntaxError: tailwindcss: C:\Projects\GWTH_V2\src\app\globals.css:1:1: Invalid code point 16707002
    [at Input.error (turbopack:///[project]/node_modules/postcss/lib/input.js:135:16)]
    [at Root.error (turbopack:///[project]/node_modules/postcss/lib/node.js:146:32)]
    [at Object.Once (C:\Projects\GWTH_V2\node_modules\@tailwindcss\postcss\dist\index.js:10:6911)]
    [at async LazyResult.runAsync (turbopack:///[project]/node_modules/postcss/lib/lazy-result.js:293:11)]
    [at async transform (turbopack:///[turbopack-node]/transforms/postcss.ts:70:34)]
    [at async run (turbopack:///[turbopack-node]/child_process/evaluate.ts:89:23)]

Import trace:
  Client Component Browser:
    ./src/app/globals.css [Client Component Browser]
    ./src/app/layout.tsx [Server Component] @ http://localhost:3000/_next/static/chunks/node_modules_next_dist_0u_w_5s._.js:1945
[ 1543325ms] [ERROR] ./src/app/globals.css
Error evaluating Node.js code
CssSyntaxError: tailwindcss: C:\Projects\GWTH_V2\src\app\globals.css:1:1: Invalid code point 16707002
    [at Input.error (turbopack:///[project]/node_modules/postcss/lib/input.js:135:16)]
    [at Root.error (turbopack:///[project]/node_modules/postcss/lib/node.js:146:32)]
    [at Object.Once (C:\Projects\GWTH_V2\node_modules\@tailwindcss\postcss\dist\index.js:10:6911)]
    [at async LazyResult.runAsync (turbopack:///[project]/node_modules/postcss/lib/lazy-result.js:293:11)]
    [at async transform (turbopack:///[turbopack-node]/transforms/postcss.ts:70:34)]
    [at async run (turbopack:///[turbopack-node]/child_process/evaluate.ts:89:23)]

Import trace:
  Client Component Browser:
    ./src/app/globals.css [Client Component Browser]
    ./src/app/layout.tsx [Server Component] @ http://localhost:3000/_next/static/chunks/node_modules_next_dist_0u_w_5s._.js:1945
[ 1543338ms] [ERROR] Failed to load resource: the server responded with a status of 500 (Internal Server Error) @ http://localhost:3000/logo_picker:0
[ 1543457ms] [INFO] %cDownload the React DevTools for a better development experience: https://react.dev/link/react-devtools font-weight:bold @ http://localhost:3000/_next/static/chunks/node_modules_react-dom_0bruynb._.js:15305
[ 1543518ms] Error: ./src/app/globals.css
Error evaluating Node.js code
CssSyntaxError: tailwindcss: C:\Projects\GWTH_V2\src\app\globals.css:1:1: Invalid code point 16707002
    [at Input.error (turbopack:///[project]/node_modules/postcss/lib/input.js:135:16)]
    [at Root.error (turbopack:///[project]/node_modules/postcss/lib/node.js:146:32)]
    [at Object.Once (C:\Projects\GWTH_V2\node_modules\@tailwindcss\postcss\dist\index.js:10:6911)]
    [at async LazyResult.runAsync (turbopack:///[project]/node_modules/postcss/lib/lazy-result.js:293:11)]
    [at async transform (turbopack:///[turbopack-node]/transforms/postcss.ts:70:34)]
    [at async run (turbopack:///[turbopack-node]/child_process/evaluate.ts:89:23)]

Import trace:
  Client Component Browser:
    ./src/app/globals.css [Client Component Browser]
    ./src/app/layout.tsx [Server Component]


    at Object.getCompilationErrors (file://C:\Projects\GWTH_V2\node_modules\next\dist\server\dev\hot-reloader-turbopack.js:1186:59)
    at DevBundlerService.getCompilationError (file://C:\Projects\GWTH_V2\node_modules\next\dist\server\lib\dev-bundler-service.js:44:55)
    at DevServer.getCompilationError (file://C:\Projects\GWTH_V2\node_modules\next\dist\server\dev\next-dev-server.js:719:42)
    at DevServer.findPageComponents (file://C:\Projects\GWTH_V2\node_modules\next\dist\server\dev\next-dev-server.js:689:43)
    at async DevServer.renderErrorToResponseImpl (file://C:\Projects\GWTH_V2\node_modules\next\dist\server\base-server.js:1745:26)
[ 1543514ms] [LOG] [HMR] connected @ http://localhost:3000/_next/static/chunks/node_modules_next_dist_0u_w_5s._.js:1226
[ 1543567ms] [ERROR] ./src/app/globals.css
Error evaluating Node.js code
CssSyntaxError: tailwindcss: C:\Projects\GWTH_V2\src\app\globals.css:1:1: Invalid code point 16707002
    [at Input.error (turbopack:///[project]/node_modules/postcss/lib/input.js:135:16)]
    [at Root.error (turbopack:///[project]/node_modules/postcss/lib/node.js:146:32)]
    [at Object.Once (C:\Projects\GWTH_V2\node_modules\@tailwindcss\postcss\dist\index.js:10:6911)]
    [at async LazyResult.runAsync (turbopack:///[project]/node_modules/postcss/lib/lazy-result.js:293:11)]
    [at async transform (turbopack:///[turbopack-node]/transforms/postcss.ts:70:34)]
    [at async run (turbopack:///[turbopack-node]/child_process/evaluate.ts:89:23)]

Import trace:
  Client Component Browser:
    ./src/app/globals.css [Client Component Browser]
    ./src/app/layout.tsx [Server Component] @ http://localhost:3000/_next/static/chunks/node_modules_next_dist_0u_w_5s._.js:1945
[ 1543568ms] [ERROR] ./src/app/globals.css
Error evaluating Node.js code
CssSyntaxError: tailwindcss: C:\Projects\GWTH_V2\src\app\globals.css:1:1: Invalid code point 16707002
    [at Input.error (turbopack:///[project]/node_modules/postcss/lib/input.js:135:16)]
    [at Root.error (turbopack:///[project]/node_modules/postcss/lib/node.js:146:32)]
    [at Object.Once (C:\Projects\GWTH_V2\node_modules\@tailwindcss\postcss\dist\index.js:10:6911)]
    [at async LazyResult.runAsync (turbopack:///[project]/node_modules/postcss/lib/lazy-result.js:293:11)]
    [at async transform (turbopack:///[turbopack-node]/transforms/postcss.ts:70:34)]
    [at async run (turbopack:///[turbopack-node]/child_process/evaluate.ts:89:23)]

Import trace:
  Client Component Browser:
    ./src/app/globals.css [Client Component Browser]
    ./src/app/layout.tsx [Server Component] @ http://localhost:3000/_next/static/chunks/node_modules_next_dist_0u_w_5s._.js:1945
[ 1543568ms] [ERROR] ./src/app/globals.css
Error evaluating Node.js code
CssSyntaxError: tailwindcss: C:\Projects\GWTH_V2\src\app\globals.css:1:1: Invalid code point 16707002
    [at Input.error (turbopack:///[project]/node_modules/postcss/lib/input.js:135:16)]
    [at Root.error (turbopack:///[project]/node_modules/postcss/lib/node.js:146:32)]
    [at Object.Once (C:\Projects\GWTH_V2\node_modules\@tailwindcss\postcss\dist\index.js:10:6911)]
    [at async LazyResult.runAsync (turbopack:///[project]/node_modules/postcss/lib/lazy-result.js:293:11)]
    [at async transform (turbopack:///[turbopack-node]/transforms/postcss.ts:70:34)]
    [at async run (turbopack:///[turbopack-node]/child_process/evaluate.ts:89:23)]

Import trace:
  Client Component Browser:
    ./src/app/globals.css [Client Component Browser]
    ./src/app/layout.tsx [Server Component] @ http://localhost:3000/_next/static/chunks/node_modules_next_dist_0u_w_5s._.js:1945
[ 1543568ms] [ERROR] ./src/app/globals.css
Error evaluating Node.js code
CssSyntaxError: tailwindcss: C:\Projects\GWTH_V2\src\app\globals.css:1:1: Invalid code point 16707002
    [at Input.error (turbopack:///[project]/node_modules/postcss/lib/input.js:135:16)]
    [at Root.error (turbopack:///[project]/node_modules/postcss/lib/node.js:146:32)]
    [at Object.Once (C:\Projects\GWTH_V2\node_modules\@tailwindcss\postcss\dist\index.js:10:6911)]
    [at async LazyResult.runAsync (turbopack:///[project]/node_modules/postcss/lib/lazy-result.js:293:11)]
    [at async transform (turbopack:///[turbopack-node]/transforms/postcss.ts:70:34)]
    [at async run (turbopack:///[turbopack-node]/child_process/evaluate.ts:89:23)]

Import trace:
  Client Component Browser:
    ./src/app/globals.css [Client Component Browser]
    ./src/app/layout.tsx [Server Component] @ http://localhost:3000/_next/static/chunks/node_modules_next_dist_0u_w_5s._.js:1945
[ 1543702ms] [LOG] [Fast Refresh] rebuilding @ http://localhost:3000/_next/static/chunks/node_modules_next_dist_0u_w_5s._.js:1226
[ 1543914ms] [ERROR] ./src/app/globals.css
Error evaluating Node.js code
CssSyntaxError: tailwindcss: C:\Projects\GWTH_V2\src\app\globals.css:1:1: Invalid code point 16707002
    [at Input.error (turbopack:///[project]/node_modules/postcss/lib/input.js:135:16)]
    [at Root.error (turbopack:///[project]/node_modules/postcss/lib/node.js:146:32)]
    [at Object.Once (C:\Projects\GWTH_V2\node_modules\@tailwindcss\postcss\dist\index.js:10:6911)]
    [at async LazyResult.runAsync (turbopack:///[project]/node_modules/postcss/lib/lazy-result.js:293:11)]
    [at async transform (turbopack:///[turbopack-node]/transforms/postcss.ts:70:34)]
    [at async run (turbopack:///[turbopack-node]/child_process/evaluate.ts:89:23)]

Import trace:
  Client Component Browser:
    ./src/app/globals.css [Client Component Browser]
    ./src/app/layout.tsx [Server Component] @ http://localhost:3000/_next/static/chunks/node_modules_next_dist_0u_w_5s._.js:1945
[ 1543921ms] [ERROR] ./src/app/globals.css
Error evaluating Node.js code
CssSyntaxError: tailwindcss: C:\Projects\GWTH_V2\src\app\globals.css:1:1: Invalid code point 16707002
    [at Input.error (turbopack:///[project]/node_modules/postcss/lib/input.js:135:16)]
    [at Root.error (turbopack:///[project]/node_modules/postcss/lib/node.js:146:32)]
    [at Object.Once (C:\Projects\GWTH_V2\node_modules\@tailwindcss\postcss\dist\index.js:10:6911)]
    [at async LazyResult.runAsync (turbopack:///[project]/node_modules/postcss/lib/lazy-result.js:293:11)]
    [at async transform (turbopack:///[turbopack-node]/transforms/postcss.ts:70:34)]
    [at async run (turbopack:///[turbopack-node]/child_process/evaluate.ts:89:23)]

Import trace:
  Client Component Browser:
    ./src/app/globals.css [Client Component Browser]
    ./src/app/layout.tsx [Server Component] @ http://localhost:3000/_next/static/chunks/node_modules_next_dist_0u_w_5s._.js:1945
[ 1544019ms] [LOG] [Fast Refresh] rebuilding @ http://localhost:3000/_next/static/chunks/node_modules_next_dist_0u_w_5s._.js:1226
[ 1551910ms] [LOG] [Fast Refresh] rebuilding @ http://localhost:3000/_next/static/chunks/node_modules_next_dist_0u_w_5s._.js:1226
[ 1551975ms] [ERROR] ./src/app/globals.css
Error evaluating Node.js code
CssSyntaxError: tailwindcss: C:\Projects\GWTH_V2\src\app\globals.css:1:1: Invalid code point 16707002
    [at Input.error (turbopack:///[project]/node_modules/postcss/lib/input.js:135:16)]
    [at Root.error (turbopack:///[project]/node_modules/postcss/lib/node.js:146:32)]
    [at Object.Once (C:\Projects\GWTH_V2\node_modules\@tailwindcss\postcss\dist\index.js:10:6911)]
    [at async LazyResult.runAsync (turbopack:///[project]/node_modules/postcss/lib/lazy-result.js:293:11)]
    [at async transform (turbopack:///[turbopack-node]/transforms/postcss.ts:70:34)]
    [at async run (turbopack:///[turbopack-node]/child_process/evaluate.ts:89:23)]

Import trace:
  Client Component Browser:
    ./src/app/globals.css [Client Component Browser]
    ./src/app/layout.tsx [Server Component] @ http://localhost:3000/_next/static/chunks/node_modules_next_dist_0u_w_5s._.js:1945
[ 1552038ms] [ERROR] ./src/app/globals.css
Error evaluating Node.js code
CssSyntaxError: tailwindcss: C:\Projects\GWTH_V2\src\app\globals.css:1:1: Invalid code point 16707002
    [at Input.error (turbopack:///[project]/node_modules/postcss/lib/input.js:135:16)]
    [at Root.error (turbopack:///[project]/node_modules/postcss/lib/node.js:146:32)]
    [at Object.Once (C:\Projects\GWTH_V2\node_modules\@tailwindcss\postcss\dist\index.js:10:6911)]
    [at async LazyResult.runAsync (turbopack:///[project]/node_modules/postcss/lib/lazy-result.js:293:11)]
    [at async transform (turbopack:///[turbopack-node]/transforms/postcss.ts:70:34)]
    [at async run (turbopack:///[turbopack-node]/child_process/evaluate.ts:89:23)]

Import trace:
  Client Component Browser:
    ./src/app/globals.css [Client Component Browser]
    ./src/app/layout.tsx [Server Component] @ http://localhost:3000/_next/static/chunks/node_modules_next_dist_0u_w_5s._.js:1945
[ 1552156ms] [LOG] [Fast Refresh] rebuilding @ http://localhost:3000/_next/static/chunks/node_modules_next_dist_0u_w_5s._.js:1226
[ 1552248ms] [ERROR] ./src/app/globals.css
Error evaluating Node.js code
CssSyntaxError: tailwindcss: C:\Projects\GWTH_V2\src\app\globals.css:1:1: Invalid code point 16707002
    [at Input.error (turbopack:///[project]/node_modules/postcss/lib/input.js:135:16)]
    [at Root.error (turbopack:///[project]/node_modules/postcss/lib/node.js:146:32)]
    [at Object.Once (C:\Projects\GWTH_V2\node_modules\@tailwindcss\postcss\dist\index.js:10:6911)]
    [at async LazyResult.runAsync (turbopack:///[project]/node_modules/postcss/lib/lazy-result.js:293:11)]
    [at async transform (turbopack:///[turbopack-node]/transforms/postcss.ts:70:34)]
    [at async run (turbopack:///[turbopack-node]/child_process/evaluate.ts:89:23)]

Import trace:
  Client Component Browser:
    ./src/app/globals.css [Client Component Browser]
    ./src/app/layout.tsx [Server Component] @ http://localhost:3000/_next/static/chunks/node_modules_next_dist_0u_w_5s._.js:1945
[ 1553304ms] [ERROR] ./src/app/globals.css
Error evaluating Node.js code
CssSyntaxError: tailwindcss: C:\Projects\GWTH_V2\src\app\globals.css:1:1: Invalid code point 16707002
    [at Input.error (turbopack:///[project]/node_modules/postcss/lib/input.js:135:16)]
    [at Root.error (turbopack:///[project]/node_modules/postcss/lib/node.js:146:32)]
    [at Object.Once (C:\Projects\GWTH_V2\node_modules\@tailwindcss\postcss\dist\index.js:10:6911)]
    [at async LazyResult.runAsync (turbopack:///[project]/node_modules/postcss/lib/lazy-result.js:293:11)]
    [at async transform (turbopack:///[turbopack-node]/transforms/postcss.ts:70:34)]
    [at async run (turbopack:///[turbopack-node]/child_process/evaluate.ts:89:23)]

Import trace:
  Client Component Browser:
    ./src/app/globals.css [Client Component Browser]
    ./src/app/layout.tsx [Server Component] @ http://localhost:3000/_next/static/chunks/node_modules_next_dist_0u_w_5s._.js:1945
[ 1553347ms] [LOG] [Fast Refresh] rebuilding @ http://localhost:3000/_next/static/chunks/node_modules_next_dist_0u_w_5s._.js:1226
[ 1556915ms] [ERROR] ./src/app/globals.css
Error evaluating Node.js code
CssSyntaxError: tailwindcss: C:\Projects\GWTH_V2\src\app\globals.css:1:1: Invalid code point 16707002
    [at Input.error (turbopack:///[project]/node_modules/postcss/lib/input.js:135:16)]
    [at Root.error (turbopack:///[project]/node_modules/postcss/lib/node.js:146:32)]
    [at Object.Once (C:\Projects\GWTH_V2\node_modules\@tailwindcss\postcss\dist\index.js:10:6911)]
    [at async LazyResult.runAsync (turbopack:///[project]/node_modules/postcss/lib/lazy-result.js:293:11)]
    [at async transform (turbopack:///[turbopack-node]/transforms/postcss.ts:70:34)]
    [at async run (turbopack:///[turbopack-node]/child_process/evaluate.ts:89:23)]

Import trace:
  Client Component Browser:
    ./src/app/globals.css [Client Component Browser]
    ./src/app/layout.tsx [Server Component] @ http://localhost:3000/_next/static/chunks/node_modules_next_dist_0u_w_5s._.js:1945
[ 1557028ms] [LOG] [Fast Refresh] rebuilding @ http://localhost:3000/_next/static/chunks/node_modules_next_dist_0u_w_5s._.js:1226
[ 1557095ms] [ERROR] ./src/app/globals.css
Error evaluating Node.js code
CssSyntaxError: tailwindcss: C:\Projects\GWTH_V2\src\app\globals.css:1:1: Invalid code point 16707002
    [at Input.error (turbopack:///[project]/node_modules/postcss/lib/input.js:135:16)]
    [at Root.error (turbopack:///[project]/node_modules/postcss/lib/node.js:146:32)]
    [at Object.Once (C:\Projects\GWTH_V2\node_modules\@tailwindcss\postcss\dist\index.js:10:6911)]
    [at async LazyResult.runAsync (turbopack:///[project]/node_modules/postcss/lib/lazy-result.js:293:11)]
    [at async transform (turbopack:///[turbopack-node]/transforms/postcss.ts:70:34)]
    [at async run (turbopack:///[turbopack-node]/child_process/evaluate.ts:89:23)]

Import trace:
  Client Component Browser:
    ./src/app/globals.css [Client Component Browser]
    ./src/app/layout.tsx [Server Component] @ http://localhost:3000/_next/static/chunks/node_modules_next_dist_0u_w_5s._.js:1945
[ 1557207ms] [LOG] [Fast Refresh] rebuilding @ http://localhost:3000/_next/static/chunks/node_modules_next_dist_0u_w_5s._.js:1226
[ 1557324ms] [ERROR] ./src/app/globals.css
Error evaluating Node.js code
CssSyntaxError: tailwindcss: C:\Projects\GWTH_V2\src\app\globals.css:1:1: Invalid code point 16707002
    [at Input.error (turbopack:///[project]/node_modules/postcss/lib/input.js:135:16)]
    [at Root.error (turbopack:///[project]/node_modules/postcss/lib/node.js:146:32)]
    [at Object.Once (C:\Projects\GWTH_V2\node_modules\@tailwindcss\postcss\dist\index.js:10:6911)]
    [at async LazyResult.runAsync (turbopack:///[project]/node_modules/postcss/lib/lazy-result.js:293:11)]
    [at async transform (turbopack:///[turbopack-node]/transforms/postcss.ts:70:34)]
    [at async run (turbopack:///[turbopack-node]/child_process/evaluate.ts:89:23)]

Import trace:
  Client Component Browser:
    ./src/app/globals.css [Client Component Browser]
    ./src/app/layout.tsx [Server Component] @ http://localhost:3000/_next/static/chunks/node_modules_next_dist_0u_w_5s._.js:1945
[ 1558322ms] [LOG] [Fast Refresh] rebuilding @ http://localhost:3000/_next/static/chunks/node_modules_next_dist_0u_w_5s._.js:1226
[ 1558323ms] [ERROR] ./src/app/globals.css
Error evaluating Node.js code
CssSyntaxError: tailwindcss: C:\Projects\GWTH_V2\src\app\globals.css:1:1: Invalid code point 16707002
    [at Input.error (turbopack:///[project]/node_modules/postcss/lib/input.js:135:16)]
    [at Root.error (turbopack:///[project]/node_modules/postcss/lib/node.js:146:32)]
    [at Object.Once (C:\Projects\GWTH_V2\node_modules\@tailwindcss\postcss\dist\index.js:10:6911)]
    [at async LazyResult.runAsync (turbopack:///[project]/node_modules/postcss/lib/lazy-result.js:293:11)]
    [at async transform (turbopack:///[turbopack-node]/transforms/postcss.ts:70:34)]
    [at async run (turbopack:///[turbopack-node]/child_process/evaluate.ts:89:23)]

Import trace:
  Client Component Browser:
    ./src/app/globals.css [Client Component Browser]
    ./src/app/layout.tsx [Server Component] @ http://localhost:3000/_next/static/chunks/node_modules_next_dist_0u_w_5s._.js:1945
[ 1603124ms] [ERROR] ./src/app/globals.css
Error evaluating Node.js code
CssSyntaxError: tailwindcss: C:\Projects\GWTH_V2\src\app\globals.css:1:1: Invalid code point 16707002
    [at Input.error (turbopack:///[project]/node_modules/postcss/lib/input.js:135:16)]
    [at Root.error (turbopack:///[project]/node_modules/postcss/lib/node.js:146:32)]
    [at Object.Once (C:\Projects\GWTH_V2\node_modules\@tailwindcss\postcss\dist\index.js:10:6911)]
    [at async LazyResult.runAsync (turbopack:///[project]/node_modules/postcss/lib/lazy-result.js:293:11)]
    [at async transform (turbopack:///[turbopack-node]/transforms/postcss.ts:70:34)]
    [at async run (turbopack:///[turbopack-node]/child_process/evaluate.ts:89:23)]

Import trace:
  Client Component Browser:
    ./src/app/globals.css [Client Component Browser]
    ./src/app/layout.tsx [Server Component] @ http://localhost:3000/_next/static/chunks/node_modules_next_dist_0u_w_5s._.js:1945
[ 1603125ms] [LOG] [Fast Refresh] rebuilding @ http://localhost:3000/_next/static/chunks/node_modules_next_dist_0u_w_5s._.js:1226
[ 1691096ms] [ERROR] ./src/app/globals.css
Error evaluating Node.js code
CssSyntaxError: tailwindcss: C:\Projects\GWTH_V2\src\app\globals.css:1:1: Invalid code point 16707002
    [at Input.error (turbopack:///[project]/node_modules/postcss/lib/input.js:135:16)]
    [at Root.error (turbopack:///[project]/node_modules/postcss/lib/node.js:146:32)]
    [at Object.Once (C:\Projects\GWTH_V2\node_modules\@tailwindcss\postcss\dist\index.js:10:6911)]
    [at async LazyResult.runAsync (turbopack:///[project]/node_modules/postcss/lib/lazy-result.js:293:11)]
    [at async transform (turbopack:///[turbopack-node]/transforms/postcss.ts:70:34)]
    [at async run (turbopack:///[turbopack-node]/child_process/evaluate.ts:89:23)]

Import trace:
  Client Component Browser:
    ./src/app/globals.css [Client Component Browser]
    ./src/app/layout.tsx [Server Component] @ http://localhost:3000/_next/static/chunks/node_modules_next_dist_0u_w_5s._.js:1945
[ 1691146ms] [ERROR] ./src/app/globals.css
Error evaluating Node.js code
CssSyntaxError: tailwindcss: C:\Projects\GWTH_V2\src\app\globals.css:1:1: Invalid code point 16707002
    [at Input.error (turbopack:///[project]/node_modules/postcss/lib/input.js:135:16)]
    [at Root.error (turbopack:///[project]/node_modules/postcss/lib/node.js:146:32)]
    [at Object.Once (C:\Projects\GWTH_V2\node_modules\@tailwindcss\postcss\dist\index.js:10:6911)]
    [at async LazyResult.runAsync (turbopack:///[project]/node_modules/postcss/lib/lazy-result.js:293:11)]
    [at async transform (turbopack:///[turbopack-node]/transforms/postcss.ts:70:34)]
    [at async run (turbopack:///[turbopack-node]/child_process/evaluate.ts:89:23)]

Import trace:
  Client Component Browser:
    ./src/app/globals.css [Client Component Browser]
    ./src/app/layout.tsx [Server Component] @ http://localhost:3000/_next/static/chunks/node_modules_next_dist_0u_w_5s._.js:1945
[ 1691252ms] [LOG] [Fast Refresh] rebuilding @ http://localhost:3000/_next/static/chunks/node_modules_next_dist_0u_w_5s._.js:1226
[ 1758906ms] [LOG] [Fast Refresh] rebuilding @ http://localhost:3000/_next/static/chunks/node_modules_next_dist_0u_w_5s._.js:1226
[ 1766026ms] [ERROR] ./src/app/globals.css
Error evaluating Node.js code
CssSyntaxError: tailwindcss: C:\Projects\GWTH_V2\src\app\globals.css:1:1: Invalid code point 16707002
    [at Input.error (turbopack:///[project]/node_modules/postcss/lib/input.js:135:16)]
    [at Root.error (turbopack:///[project]/node_modules/postcss/lib/node.js:146:32)]
    [at Object.Once (C:\Projects\GWTH_V2\node_modules\@tailwindcss\postcss\dist\index.js:10:6911)]
    [at async LazyResult.runAsync (turbopack:///[project]/node_modules/postcss/lib/lazy-result.js:293:11)]
    [at async transform (turbopack:///[turbopack-node]/transforms/postcss.ts:70:34)]
    [at async run (turbopack:///[turbopack-node]/child_process/evaluate.ts:89:23)]

Import trace:
  Client Component Browser:
    ./src/app/globals.css [Client Component Browser]
    ./src/app/layout.tsx [Server Component] @ http://localhost:3000/_next/static/chunks/node_modules_next_dist_0u_w_5s._.js:1945
[ 1780494ms] [ERROR] ./src/app/globals.css
Error evaluating Node.js code
CssSyntaxError: tailwindcss: C:\Projects\GWTH_V2\src\app\globals.css:1:1: Invalid code point 16707002
    [at Input.error (turbopack:///[project]/node_modules/postcss/lib/input.js:135:16)]
    [at Root.error (turbopack:///[project]/node_modules/postcss/lib/node.js:146:32)]
    [at Object.Once (C:\Projects\GWTH_V2\node_modules\@tailwindcss\postcss\dist\index.js:10:6911)]
    [at async LazyResult.runAsync (turbopack:///[project]/node_modules/postcss/lib/lazy-result.js:293:11)]
    [at async transform (turbopack:///[turbopack-node]/transforms/postcss.ts:70:34)]
    [at async run (turbopack:///[turbopack-node]/child_process/evaluate.ts:89:23)]

Import trace:
  Client Component Browser:
    ./src/app/globals.css [Client Component Browser]
    ./src/app/layout.tsx [Server Component] @ http://localhost:3000/_next/static/chunks/node_modules_next_dist_0u_w_5s._.js:1945
[ 1780504ms] [LOG] [Fast Refresh] rebuilding @ http://localhost:3000/_next/static/chunks/node_modules_next_dist_0u_w_5s._.js:1226
[ 1815682ms] [ERROR] ./src/app/globals.css
Error evaluating Node.js code
CssSyntaxError: tailwindcss: C:\Projects\GWTH_V2\src\app\globals.css:1:1: Invalid code point 16707002
    [at Input.error (turbopack:///[project]/node_modules/postcss/lib/input.js:135:16)]
    [at Root.error (turbopack:///[project]/node_modules/postcss/lib/node.js:146:32)]
    [at Object.Once (C:\Projects\GWTH_V2\node_modules\@tailwindcss\postcss\dist\index.js:10:6911)]
    [at async LazyResult.runAsync (turbopack:///[project]/node_modules/postcss/lib/lazy-result.js:293:11)]
    [at async transform (turbopack:///[turbopack-node]/transforms/postcss.ts:70:34)]
    [at async run (turbopack:///[turbopack-node]/child_process/evaluate.ts:89:23)]

Import trace:
  Client Component Browser:
    ./src/app/globals.css [Client Component Browser]
    ./src/app/layout.tsx [Server Component] @ http://localhost:3000/_next/static/chunks/node_modules_next_dist_0u_w_5s._.js:1945
[ 1815784ms] [LOG] [Fast Refresh] rebuilding @ http://localhost:3000/_next/static/chunks/node_modules_next_dist_0u_w_5s._.js:1226
[ 1829146ms] [ERROR] ./src/app/globals.css
Error evaluating Node.js code
CssSyntaxError: tailwindcss: C:\Projects\GWTH_V2\src\app\globals.css:1:1: Invalid code point 16707002
    [at Input.error (turbopack:///[project]/node_modules/postcss/lib/input.js:135:16)]
    [at Root.error (turbopack:///[project]/node_modules/postcss/lib/node.js:146:32)]
    [at Object.Once (C:\Projects\GWTH_V2\node_modules\@tailwindcss\postcss\dist\index.js:10:6911)]
    [at async LazyResult.runAsync (turbopack:///[project]/node_modules/postcss/lib/lazy-result.js:293:11)]
    [at async transform (turbopack:///[turbopack-node]/transforms/postcss.ts:70:34)]
    [at async run (turbopack:///[turbopack-node]/child_process/evaluate.ts:89:23)]

Import trace:
  Client Component Browser:
    ./src/app/globals.css [Client Component Browser]
    ./src/app/layout.tsx [Server Component] @ http://localhost:3000/_next/static/chunks/node_modules_next_dist_0u_w_5s._.js:1945
[ 1843075ms] [ERROR] ./src/app/globals.css
Error evaluating Node.js code
CssSyntaxError: tailwindcss: C:\Projects\GWTH_V2\src\app\globals.css:1:1: Invalid code point 16707002
    [at Input.error (turbopack:///[project]/node_modules/postcss/lib/input.js:135:16)]
    [at Root.error (turbopack:///[project]/node_modules/postcss/lib/node.js:146:32)]
    [at Object.Once (C:\Projects\GWTH_V2\node_modules\@tailwindcss\postcss\dist\index.js:10:6911)]
    [at async LazyResult.runAsync (turbopack:///[project]/node_modules/postcss/lib/lazy-result.js:293:11)]
    [at async transform (turbopack:///[turbopack-node]/transforms/postcss.ts:70:34)]
    [at async run (turbopack:///[turbopack-node]/child_process/evaluate.ts:89:23)]

Import trace:
  Client Component Browser:
    ./src/app/globals.css [Client Component Browser]
    ./src/app/layout.tsx [Server Component] @ http://localhost:3000/_next/static/chunks/node_modules_next_dist_0u_w_5s._.js:1945
[ 1843119ms] [LOG] [Fast Refresh] rebuilding @ http://localhost:3000/_next/static/chunks/node_modules_next_dist_0u_w_5s._.js:1226
[ 1903944ms] [LOG] [Fast Refresh] rebuilding @ http://localhost:3000/_next/static/chunks/node_modules_next_dist_0u_w_5s._.js:1226
[ 1939614ms] [ERROR] ./src/app/globals.css
Error evaluating Node.js code
CssSyntaxError: tailwindcss: C:\Projects\GWTH_V2\src\app\globals.css:1:1: Invalid code point 16707002
    [at Input.error (turbopack:///[project]/node_modules/postcss/lib/input.js:135:16)]
    [at Root.error (turbopack:///[project]/node_modules/postcss/lib/node.js:146:32)]
    [at Object.Once (C:\Projects\GWTH_V2\node_modules\@tailwindcss\postcss\dist\index.js:10:6911)]
    [at async LazyResult.runAsync (turbopack:///[project]/node_modules/postcss/lib/lazy-result.js:293:11)]
    [at async transform (turbopack:///[turbopack-node]/transforms/postcss.ts:70:34)]
    [at async run (turbopack:///[turbopack-node]/child_process/evaluate.ts:89:23)]

Import trace:
  Client Component Browser:
    ./src/app/globals.css [Client Component Browser]
    ./src/app/layout.tsx [Server Component] @ http://localhost:3000/_next/static/chunks/node_modules_next_dist_0u_w_5s._.js:1945
[ 1957603ms] [LOG] [Fast Refresh] rebuilding @ http://localhost:3000/_next/static/chunks/node_modules_next_dist_0u_w_5s._.js:1226
[ 1957714ms] [ERROR] ./src/app/globals.css
Error evaluating Node.js code
CssSyntaxError: tailwindcss: C:\Projects\GWTH_V2\src\app\globals.css:1:1: Invalid code point 16707002
    [at Input.error (turbopack:///[project]/node_modules/postcss/lib/input.js:135:16)]
    [at Root.error (turbopack:///[project]/node_modules/postcss/lib/node.js:146:32)]
    [at Object.Once (C:\Projects\GWTH_V2\node_modules\@tailwindcss\postcss\dist\index.js:10:6911)]
    [at async LazyResult.runAsync (turbopack:///[project]/node_modules/postcss/lib/lazy-result.js:293:11)]
    [at async transform (turbopack:///[turbopack-node]/transforms/postcss.ts:70:34)]
    [at async run (turbopack:///[turbopack-node]/child_process/evaluate.ts:89:23)]

Import trace:
  Client Component Browser:
    ./src/app/globals.css [Client Component Browser]
    ./src/app/layout.tsx [Server Component] @ http://localhost:3000/_next/static/chunks/node_modules_next_dist_0u_w_5s._.js:1945
[ 1958448ms] [LOG] [Fast Refresh] rebuilding @ http://localhost:3000/_next/static/chunks/node_modules_next_dist_0u_w_5s._.js:1226
[ 1958624ms] [ERROR] ./src/app/globals.css
Error evaluating Node.js code
CssSyntaxError: tailwindcss: C:\Projects\GWTH_V2\src\app\globals.css:1:1: Invalid code point 16707002
    [at Input.error (turbopack:///[project]/node_modules/postcss/lib/input.js:135:16)]
    [at Root.error (turbopack:///[project]/node_modules/postcss/lib/node.js:146:32)]
    [at Object.Once (C:\Projects\GWTH_V2\node_modules\@tailwindcss\postcss\dist\index.js:10:6911)]
    [at async LazyResult.runAsync (turbopack:///[project]/node_modules/postcss/lib/lazy-result.js:293:11)]
    [at async transform (turbopack:///[turbopack-node]/transforms/postcss.ts:70:34)]
    [at async run (turbopack:///[turbopack-node]/child_process/evaluate.ts:89:23)]

Import trace:
  Client Component Browser:
    ./src/app/globals.css [Client Component Browser]
    ./src/app/layout.tsx [Server Component] @ http://localhost:3000/_next/static/chunks/node_modules_next_dist_0u_w_5s._.js:1945
[ 1958672ms] [ERROR] ./src/app/globals.css
Error evaluating Node.js code
CssSyntaxError: tailwindcss: C:\Projects\GWTH_V2\src\app\globals.css:1:1: Invalid code point 16707002
    [at Input.error (turbopack:///[project]/node_modules/postcss/lib/input.js:135:16)]
    [at Root.error (turbopack:///[project]/node_modules/postcss/lib/node.js:146:32)]
    [at Object.Once (C:\Projects\GWTH_V2\node_modules\@tailwindcss\postcss\dist\index.js:10:6911)]
    [at async LazyResult.runAsync (turbopack:///[project]/node_modules/postcss/lib/lazy-result.js:293:11)]
    [at async transform (turbopack:///[turbopack-node]/transforms/postcss.ts:70:34)]
    [at async run (turbopack:///[turbopack-node]/child_process/evaluate.ts:89:23)]

Import trace:
  Client Component Browser:
    ./src/app/globals.css [Client Component Browser]
    ./src/app/layout.tsx [Server Component] @ http://localhost:3000/_next/static/chunks/node_modules_next_dist_0u_w_5s._.js:1945
[ 1958821ms] [LOG] [Fast Refresh] rebuilding @ http://localhost:3000/_next/static/chunks/node_modules_next_dist_0u_w_5s._.js:1226
[ 1959191ms] [ERROR] ./src/app/globals.css
Error evaluating Node.js code
CssSyntaxError: tailwindcss: C:\Projects\GWTH_V2\src\app\globals.css:1:1: Invalid code point 16707002
    [at Input.error (turbopack:///[project]/node_modules/postcss/lib/input.js:135:16)]
    [at Root.error (turbopack:///[project]/node_modules/postcss/lib/node.js:146:32)]
    [at Object.Once (C:\Projects\GWTH_V2\node_modules\@tailwindcss\postcss\dist\index.js:10:6911)]
    [at async LazyResult.runAsync (turbopack:///[project]/node_modules/postcss/lib/lazy-result.js:293:11)]
    [at async transform (turbopack:///[turbopack-node]/transforms/postcss.ts:70:34)]
    [at async run (turbopack:///[turbopack-node]/child_process/evaluate.ts:89:23)]

Import trace:
  Client Component Browser:
    ./src/app/globals.css [Client Component Browser]
    ./src/app/layout.tsx [Server Component] @ http://localhost:3000/_next/static/chunks/node_modules_next_dist_0u_w_5s._.js:1945
[ 1976335ms] [LOG] [Fast Refresh] rebuilding @ http://localhost:3000/_next/static/chunks/node_modules_next_dist_0u_w_5s._.js:1226
[ 1976458ms] [ERROR] ./src/app/globals.css
Error evaluating Node.js code
CssSyntaxError: tailwindcss: C:\Projects\GWTH_V2\src\app\globals.css:1:1: Invalid code point 16707002
    [at Input.error (turbopack:///[project]/node_modules/postcss/lib/input.js:135:16)]
    [at Root.error (turbopack:///[project]/node_modules/postcss/lib/node.js:146:32)]
    [at Object.Once (C:\Projects\GWTH_V2\node_modules\@tailwindcss\postcss\dist\index.js:10:6911)]
    [at async LazyResult.runAsync (turbopack:///[project]/node_modules/postcss/lib/lazy-result.js:293:11)]
    [at async transform (turbopack:///[turbopack-node]/transforms/postcss.ts:70:34)]
    [at async run (turbopack:///[turbopack-node]/child_process/evaluate.ts:89:23)]

Import trace:
  Client Component Browser:
    ./src/app/globals.css [Client Component Browser]
    ./src/app/layout.tsx [Server Component] @ http://localhost:3000/_next/static/chunks/node_modules_next_dist_0u_w_5s._.js:1945
[ 1976539ms] [ERROR] ./src/app/globals.css
Error evaluating Node.js code
CssSyntaxError: tailwindcss: C:\Projects\GWTH_V2\src\app\globals.css:1:1: Invalid code point 16707002
    [at Input.error (turbopack:///[project]/node_modules/postcss/lib/input.js:135:16)]
    [at Root.error (turbopack:///[project]/node_modules/postcss/lib/node.js:146:32)]
    [at Object.Once (C:\Projects\GWTH_V2\node_modules\@tailwindcss\postcss\dist\index.js:10:6911)]
    [at async LazyResult.runAsync (turbopack:///[project]/node_modules/postcss/lib/lazy-result.js:293:11)]
    [at async transform (turbopack:///[turbopack-node]/transforms/postcss.ts:70:34)]
    [at async run (turbopack:///[turbopack-node]/child_process/evaluate.ts:89:23)]

Import trace:
  Client Component Browser:
    ./src/app/globals.css [Client Component Browser]
    ./src/app/layout.tsx [Server Component] @ http://localhost:3000/_next/static/chunks/node_modules_next_dist_0u_w_5s._.js:1945
[ 1976641ms] [ERROR] ./src/app/globals.css
Error evaluating Node.js code
CssSyntaxError: tailwindcss: C:\Projects\GWTH_V2\src\app\globals.css:1:1: Invalid code point 16707002
    [at Input.error (turbopack:///[project]/node_modules/postcss/lib/input.js:135:16)]
    [at Root.error (turbopack:///[project]/node_modules/postcss/lib/node.js:146:32)]
    [at Object.Once (C:\Projects\GWTH_V2\node_modules\@tailwindcss\postcss\dist\index.js:10:6911)]
    [at async LazyResult.runAsync (turbopack:///[project]/node_modules/postcss/lib/lazy-result.js:293:11)]
    [at async transform (turbopack:///[turbopack-node]/transforms/postcss.ts:70:34)]
    [at async run (turbopack:///[turbopack-node]/child_process/evaluate.ts:89:23)]

Import trace:
  Client Component Browser:
    ./src/app/globals.css [Client Component Browser]
    ./src/app/layout.tsx [Server Component] @ http://localhost:3000/_next/static/chunks/node_modules_next_dist_0u_w_5s._.js:1945
[ 1976753ms] [LOG] [Fast Refresh] rebuilding @ http://localhost:3000/_next/static/chunks/node_modules_next_dist_0u_w_5s._.js:1226
[ 1976926ms] [ERROR] ./src/app/globals.css
Error evaluating Node.js code
CssSyntaxError: tailwindcss: C:\Projects\GWTH_V2\src\app\globals.css:1:1: Invalid code point 16707002
    [at Input.error (turbopack:///[project]/node_modules/postcss/lib/input.js:135:16)]
    [at Root.error (turbopack:///[project]/node_modules/postcss/lib/node.js:146:32)]
    [at Object.Once (C:\Projects\GWTH_V2\node_modules\@tailwindcss\postcss\dist\index.js:10:6911)]
    [at async LazyResult.runAsync (turbopack:///[project]/node_modules/postcss/lib/lazy-result.js:293:11)]
    [at async transform (turbopack:///[turbopack-node]/transforms/postcss.ts:70:34)]
    [at async run (turbopack:///[turbopack-node]/child_process/evaluate.ts:89:23)]

Import trace:
  Client Component Browser:
    ./src/app/globals.css [Client Component Browser]
    ./src/app/layout.tsx [Server Component] @ http://localhost:3000/_next/static/chunks/node_modules_next_dist_0u_w_5s._.js:1945
[ 2034542ms] [LOG] [Fast Refresh] rebuilding @ http://localhost:3000/_next/static/chunks/node_modules_next_dist_0u_w_5s._.js:1226
[ 2034575ms] [ERROR] ./src/app/globals.css
Error evaluating Node.js code
CssSyntaxError: tailwindcss: C:\Projects\GWTH_V2\src\app\globals.css:1:1: Invalid code point 16707002
    [at Input.error (turbopack:///[project]/node_modules/postcss/lib/input.js:135:16)]
    [at Root.error (turbopack:///[project]/node_modules/postcss/lib/node.js:146:32)]
    [at Object.Once (C:\Projects\GWTH_V2\node_modules\@tailwindcss\postcss\dist\index.js:10:6911)]
    [at async LazyResult.runAsync (turbopack:///[project]/node_modules/postcss/lib/lazy-result.js:293:11)]
    [at async transform (turbopack:///[turbopack-node]/transforms/postcss.ts:70:34)]
    [at async run (turbopack:///[turbopack-node]/child_process/evaluate.ts:89:23)]

Import trace:
  Client Component Browser:
    ./src/app/globals.css [Client Component Browser]
    ./src/app/layout.tsx [Server Component] @ http://localhost:3000/_next/static/chunks/node_modules_next_dist_0u_w_5s._.js:1945
[ 2034759ms] [LOG] [Fast Refresh] rebuilding @ http://localhost:3000/_next/static/chunks/node_modules_next_dist_0u_w_5s._.js:1226
[ 3198371ms] [ERROR] WebSocket connection to 'ws://localhost:3000/_next/webpack-hmr' failed: Error in connection establishment: net::ERR_CONNECTION_REFUSED @ http://localhost:3000/_next/static/chunks/node_modules_next_dist_client_0pe1dg-._.js:2342
[ 3201743ms] [ERROR] WebSocket connection to 'ws://localhost:3000/_next/webpack-hmr' failed: Error in connection establishment: net::ERR_CONNECTION_REFUSED @ http://localhost:3000/_next/static/chunks/node_modules_next_dist_client_0pe1dg-._.js:2342
[ 3205103ms] [ERROR] WebSocket connection to 'ws://localhost:3000/_next/webpack-hmr' failed: Error in connection establishment: net::ERR_CONNECTION_REFUSED @ http://localhost:3000/_next/static/chunks/node_modules_next_dist_client_0pe1dg-._.js:2342
[ 3208470ms] [ERROR] WebSocket connection to 'ws://localhost:3000/_next/webpack-hmr' failed: Error in connection establishment: net::ERR_CONNECTION_REFUSED @ http://localhost:3000/_next/static/chunks/node_modules_next_dist_client_0pe1dg-._.js:2342
[ 3211828ms] [ERROR] WebSocket connection to 'ws://localhost:3000/_next/webpack-hmr' failed: Error in connection establishment: net::ERR_CONNECTION_REFUSED @ http://localhost:3000/_next/static/chunks/node_modules_next_dist_client_0pe1dg-._.js:2342
[ 3219199ms] [ERROR] WebSocket connection to 'ws://localhost:3000/_next/webpack-hmr' failed: Error in connection establishment: net::ERR_CONNECTION_REFUSED @ http://localhost:3000/_next/static/chunks/node_modules_next_dist_client_0pe1dg-._.js:2342
[ 3237914ms] [LOG] [HMR] connected @ http://localhost:3000/_next/static/chunks/node_modules_next_dist_0u_w_5s._.js:1226
[ 3267425ms] [ERROR] Failed to load resource: the server responded with a status of 500 (Internal Server Error) @ http://localhost:3000/logo_picker:0
[ 3268912ms] [INFO] %cDownload the React DevTools for a better development experience: https://react.dev/link/react-devtools font-weight:bold @ http://localhost:3000/_next/static/chunks/node_modules_react-dom_0bruynb._.js:15305
[ 3268956ms] Error: ./src/app/globals.css
Error evaluating Node.js code
CssSyntaxError: tailwindcss: C:\Projects\GWTH_V2\src\app\globals.css:1:1: Invalid code point 16707002
    [at Input.error (turbopack:///[project]/node_modules/postcss/lib/input.js:135:16)]
    [at Root.error (turbopack:///[project]/node_modules/postcss/lib/node.js:146:32)]
    [at Object.Once (C:\Projects\GWTH_V2\node_modules\@tailwindcss\postcss\dist\index.js:10:6911)]
    [at async LazyResult.runAsync (turbopack:///[project]/node_modules/postcss/lib/lazy-result.js:293:11)]
    [at async transform (turbopack:///[turbopack-node]/transforms/postcss.ts:70:34)]
    [at async run (turbopack:///[turbopack-node]/child_process/evaluate.ts:89:23)]

Import trace:
  Client Component Browser:
    ./src/app/globals.css [Client Component Browser]
    ./src/app/layout.tsx [Server Component]


    at Object.getCompilationErrors (file://C:\Projects\GWTH_V2\node_modules\next\dist\server\dev\hot-reloader-turbopack.js:1186:59)
    at DevBundlerService.getCompilationError (file://C:\Projects\GWTH_V2\node_modules\next\dist\server\lib\dev-bundler-service.js:44:55)
    at DevServer.getCompilationError (file://C:\Projects\GWTH_V2\node_modules\next\dist\server\dev\next-dev-server.js:719:42)
    at DevServer.findPageComponents (file://C:\Projects\GWTH_V2\node_modules\next\dist\server\dev\next-dev-server.js:689:43)
    at async DevServer.renderErrorToResponseImpl (file://C:\Projects\GWTH_V2\node_modules\next\dist\server\base-server.js:1745:26)
[ 3269096ms] [LOG] [HMR] connected @ http://localhost:3000/_next/static/chunks/node_modules_next_dist_0u_w_5s._.js:1226
[ 3269284ms] [ERROR] ./src/app/globals.css
Error evaluating Node.js code
CssSyntaxError: tailwindcss: C:\Projects\GWTH_V2\src\app\globals.css:1:1: Invalid code point 16707002
    [at Input.error (turbopack:///[project]/node_modules/postcss/lib/input.js:135:16)]
    [at Root.error (turbopack:///[project]/node_modules/postcss/lib/node.js:146:32)]
    [at Object.Once (C:\Projects\GWTH_V2\node_modules\@tailwindcss\postcss\dist\index.js:10:6911)]
    [at async LazyResult.runAsync (turbopack:///[project]/node_modules/postcss/lib/lazy-result.js:293:11)]
    [at async transform (turbopack:///[turbopack-node]/transforms/postcss.ts:70:34)]
    [at async run (turbopack:///[turbopack-node]/child_process/evaluate.ts:89:23)]

Import trace:
  Client Component Browser:
    ./src/app/globals.css [Client Component Browser]
    ./src/app/layout.tsx [Server Component] @ http://localhost:3000/_next/static/chunks/node_modules_next_dist_0u_w_5s._.js:1945
[ 3269284ms] [ERROR] ./src/app/globals.css
Error evaluating Node.js code
CssSyntaxError: tailwindcss: C:\Projects\GWTH_V2\src\app\globals.css:1:1: Invalid code point 16707002
    [at Input.error (turbopack:///[project]/node_modules/postcss/lib/input.js:135:16)]
    [at Root.error (turbopack:///[project]/node_modules/postcss/lib/node.js:146:32)]
    [at Object.Once (C:\Projects\GWTH_V2\node_modules\@tailwindcss\postcss\dist\index.js:10:6911)]
    [at async LazyResult.runAsync (turbopack:///[project]/node_modules/postcss/lib/lazy-result.js:293:11)]
    [at async transform (turbopack:///[turbopack-node]/transforms/postcss.ts:70:34)]
    [at async run (turbopack:///[turbopack-node]/child_process/evaluate.ts:89:23)]

Import trace:
  Client Component Browser:
    ./src/app/globals.css [Client Component Browser]
    ./src/app/layout.tsx [Server Component] @ http://localhost:3000/_next/static/chunks/node_modules_next_dist_0u_w_5s._.js:1945
[ 3269322ms] [LOG] [Fast Refresh] rebuilding @ http://localhost:3000/_next/static/chunks/node_modules_next_dist_0u_w_5s._.js:1226
[ 3269507ms] [ERROR] ./src/app/globals.css
Error evaluating Node.js code
CssSyntaxError: tailwindcss: C:\Projects\GWTH_V2\src\app\globals.css:1:1: Invalid code point 16707002
    [at Input.error (turbopack:///[project]/node_modules/postcss/lib/input.js:135:16)]
    [at Root.error (turbopack:///[project]/node_modules/postcss/lib/node.js:146:32)]
    [at Object.Once (C:\Projects\GWTH_V2\node_modules\@tailwindcss\postcss\dist\index.js:10:6911)]
    [at async LazyResult.runAsync (turbopack:///[project]/node_modules/postcss/lib/lazy-result.js:293:11)]
    [at async transform (turbopack:///[turbopack-node]/transforms/postcss.ts:70:34)]
    [at async run (turbopack:///[turbopack-node]/child_process/evaluate.ts:89:23)]

Import trace:
  Client Component Browser:
    ./src/app/globals.css [Client Component Browser]
    ./src/app/layout.tsx [Server Component] @ http://localhost:3000/_next/static/chunks/node_modules_next_dist_0u_w_5s._.js:1945
[ 3269892ms] [ERROR] ./src/app/globals.css
Error evaluating Node.js code
CssSyntaxError: tailwindcss: C:\Projects\GWTH_V2\src\app\globals.css:1:1: Invalid code point 16707002
    [at Input.error (turbopack:///[project]/node_modules/postcss/lib/input.js:135:16)]
    [at Root.error (turbopack:///[project]/node_modules/postcss/lib/node.js:146:32)]
    [at Object.Once (C:\Projects\GWTH_V2\node_modules\@tailwindcss\postcss\dist\index.js:10:6911)]
    [at async LazyResult.runAsync (turbopack:///[project]/node_modules/postcss/lib/lazy-result.js:293:11)]
    [at async transform (turbopack:///[turbopack-node]/transforms/postcss.ts:70:34)]
    [at async run (turbopack:///[turbopack-node]/child_process/evaluate.ts:89:23)]

Import trace:
  Client Component Browser:
    ./src/app/globals.css [Client Component Browser]
    ./src/app/layout.tsx [Server Component] @ http://localhost:3000/_next/static/chunks/node_modules_next_dist_0u_w_5s._.js:1945
[ 3269942ms] [ERROR] ./src/app/globals.css
Error evaluating Node.js code
CssSyntaxError: tailwindcss: C:\Projects\GWTH_V2\src\app\globals.css:1:1: Invalid code point 16707002
    [at Input.error (turbopack:///[project]/node_modules/postcss/lib/input.js:135:16)]
    [at Root.error (turbopack:///[project]/node_modules/postcss/lib/node.js:146:32)]
    [at Object.Once (C:\Projects\GWTH_V2\node_modules\@tailwindcss\postcss\dist\index.js:10:6911)]
    [at async LazyResult.runAsync (turbopack:///[project]/node_modules/postcss/lib/lazy-result.js:293:11)]
    [at async transform (turbopack:///[turbopack-node]/transforms/postcss.ts:70:34)]
    [at async run (turbopack:///[turbopack-node]/child_process/evaluate.ts:89:23)]

Import trace:
  Client Component Browser:
    ./src/app/globals.css [Client Component Browser]
    ./src/app/layout.tsx [Server Component] @ http://localhost:3000/_next/static/chunks/node_modules_next_dist_0u_w_5s._.js:1945
[ 3270024ms] [ERROR] ./src/app/globals.css
Error evaluating Node.js code
CssSyntaxError: tailwindcss: C:\Projects\GWTH_V2\src\app\globals.css:1:1: Invalid code point 16707002
    [at Input.error (turbopack:///[project]/node_modules/postcss/lib/input.js:135:16)]
    [at Root.error (turbopack:///[project]/node_modules/postcss/lib/node.js:146:32)]
    [at Object.Once (C:\Projects\GWTH_V2\node_modules\@tailwindcss\postcss\dist\index.js:10:6911)]
    [at async LazyResult.runAsync (turbopack:///[project]/node_modules/postcss/lib/lazy-result.js:293:11)]
    [at async transform (turbopack:///[turbopack-node]/transforms/postcss.ts:70:34)]
    [at async run (turbopack:///[turbopack-node]/child_process/evaluate.ts:89:23)]

Import trace:
  Client Component Browser:
    ./src/app/globals.css [Client Component Browser]
    ./src/app/layout.tsx [Server Component] @ http://localhost:3000/_next/static/chunks/node_modules_next_dist_0u_w_5s._.js:1945
[ 3270066ms] [LOG] [Fast Refresh] rebuilding @ http://localhost:3000/_next/static/chunks/node_modules_next_dist_0u_w_5s._.js:1226
[ 3271292ms] [LOG] [Fast Refresh] rebuilding @ http://localhost:3000/_next/static/chunks/node_modules_next_dist_0u_w_5s._.js:1226
[ 3271325ms] [ERROR] ./src/app/globals.css
Error evaluating Node.js code
CssSyntaxError: tailwindcss: C:\Projects\GWTH_V2\src\app\globals.css:1:1: Invalid code point 16707002
    [at Input.error (turbopack:///[project]/node_modules/postcss/lib/input.js:135:16)]
    [at Root.error (turbopack:///[project]/node_modules/postcss/lib/node.js:146:32)]
    [at Object.Once (C:\Projects\GWTH_V2\node_modules\@tailwindcss\postcss\dist\index.js:10:6911)]
    [at async LazyResult.runAsync (turbopack:///[project]/node_modules/postcss/lib/lazy-result.js:293:11)]
    [at async transform (turbopack:///[turbopack-node]/transforms/postcss.ts:70:34)]
    [at async run (turbopack:///[turbopack-node]/child_process/evaluate.ts:89:23)]

Import trace:
  Client Component Browser:
    ./src/app/globals.css [Client Component Browser]
    ./src/app/layout.tsx [Server Component] @ http://localhost:3000/_next/static/chunks/node_modules_next_dist_0u_w_5s._.js:1945
[ 3271775ms] [ERROR] ./src/app/globals.css
Error evaluating Node.js code
CssSyntaxError: tailwindcss: C:\Projects\GWTH_V2\src\app\globals.css:1:1: Invalid code point 16707002
    [at Input.error (turbopack:///[project]/node_modules/postcss/lib/input.js:135:16)]
    [at Root.error (turbopack:///[project]/node_modules/postcss/lib/node.js:146:32)]
    [at Object.Once (C:\Projects\GWTH_V2\node_modules\@tailwindcss\postcss\dist\index.js:10:6911)]
    [at async LazyResult.runAsync (turbopack:///[project]/node_modules/postcss/lib/lazy-result.js:293:11)]
    [at async transform (turbopack:///[turbopack-node]/transforms/postcss.ts:70:34)]
    [at async run (turbopack:///[turbopack-node]/child_process/evaluate.ts:89:23)]

Import trace:
  Client Component Browser:
    ./src/app/globals.css [Client Component Browser]
    ./src/app/layout.tsx [Server Component] @ http://localhost:3000/_next/static/chunks/node_modules_next_dist_0u_w_5s._.js:1945
[ 3271900ms] [ERROR] ./src/app/globals.css
Error evaluating Node.js code
CssSyntaxError: tailwindcss: C:\Projects\GWTH_V2\src\app\globals.css:1:1: Invalid code point 16707002
    [at Input.error (turbopack:///[project]/node_modules/postcss/lib/input.js:135:16)]
    [at Root.error (turbopack:///[project]/node_modules/postcss/lib/node.js:146:32)]
    [at Object.Once (C:\Projects\GWTH_V2\node_modules\@tailwindcss\postcss\dist\index.js:10:6911)]
    [at async LazyResult.runAsync (turbopack:///[project]/node_modules/postcss/lib/lazy-result.js:293:11)]
    [at async transform (turbopack:///[turbopack-node]/transforms/postcss.ts:70:34)]
    [at async run (turbopack:///[turbopack-node]/child_process/evaluate.ts:89:23)]

Import trace:
  Client Component Browser:
    ./src/app/globals.css [Client Component Browser]
    ./src/app/layout.tsx [Server Component] @ http://localhost:3000/_next/static/chunks/node_modules_next_dist_0u_w_5s._.js:1945
[ 3271901ms] [LOG] [Fast Refresh] rebuilding @ http://localhost:3000/_next/static/chunks/node_modules_next_dist_0u_w_5s._.js:1226
[ 3272398ms] [ERROR] ./src/app/globals.css
Error evaluating Node.js code
CssSyntaxError: tailwindcss: C:\Projects\GWTH_V2\src\app\globals.css:1:1: Invalid code point 16707002
    [at Input.error (turbopack:///[project]/node_modules/postcss/lib/input.js:135:16)]
    [at Root.error (turbopack:///[project]/node_modules/postcss/lib/node.js:146:32)]
    [at Object.Once (C:\Projects\GWTH_V2\node_modules\@tailwindcss\postcss\dist\index.js:10:6911)]
    [at async LazyResult.runAsync (turbopack:///[project]/node_modules/postcss/lib/lazy-result.js:293:11)]
    [at async transform (turbopack:///[turbopack-node]/transforms/postcss.ts:70:34)]
    [at async run (turbopack:///[turbopack-node]/child_process/evaluate.ts:89:23)]

Import trace:
  Client Component Browser:
    ./src/app/globals.css [Client Component Browser]
    ./src/app/layout.tsx [Server Component] @ http://localhost:3000/_next/static/chunks/node_modules_next_dist_0u_w_5s._.js:1945
[ 3272439ms] [LOG] [Fast Refresh] rebuilding @ http://localhost:3000/_next/static/chunks/node_modules_next_dist_0u_w_5s._.js:1226
[ 3300378ms] [ERROR] ./src/app/globals.css
Error evaluating Node.js code
CssSyntaxError: tailwindcss: C:\Projects\GWTH_V2\src\app\globals.css:1:1: Invalid code point 16707002
    [at Input.error (turbopack:///[project]/node_modules/postcss/lib/input.js:135:16)]
    [at Root.error (turbopack:///[project]/node_modules/postcss/lib/node.js:146:32)]
    [at Object.Once (C:\Projects\GWTH_V2\node_modules\@tailwindcss\postcss\dist\index.js:10:6911)]
    [at async LazyResult.runAsync (turbopack:///[project]/node_modules/postcss/lib/lazy-result.js:293:11)]
    [at async transform (turbopack:///[turbopack-node]/transforms/postcss.ts:70:34)]
    [at async run (turbopack:///[turbopack-node]/child_process/evaluate.ts:89:23)]

Import trace:
  Client Component Browser:
    ./src/app/globals.css [Client Component Browser]
    ./src/app/layout.tsx [Server Component] @ http://localhost:3000/_next/static/chunks/node_modules_next_dist_0u_w_5s._.js:1945
[ 3300426ms] [LOG] [Fast Refresh] rebuilding @ http://localhost:3000/_next/static/chunks/node_modules_next_dist_0u_w_5s._.js:1226
[ 3307683ms] [LOG] [Fast Refresh] rebuilding @ http://localhost:3000/_next/static/chunks/node_modules_next_dist_0u_w_5s._.js:1226
[ 3307802ms] [ERROR] ./src/app/globals.css
Error evaluating Node.js code
CssSyntaxError: tailwindcss: C:\Projects\GWTH_V2\src\app\globals.css:1:1: Invalid code point 16707002
    [at Input.error (turbopack:///[project]/node_modules/postcss/lib/input.js:135:16)]
    [at Root.error (turbopack:///[project]/node_modules/postcss/lib/node.js:146:32)]
    [at Object.Once (C:\Projects\GWTH_V2\node_modules\@tailwindcss\postcss\dist\index.js:10:6911)]
    [at async LazyResult.runAsync (turbopack:///[project]/node_modules/postcss/lib/lazy-result.js:293:11)]
    [at async transform (turbopack:///[turbopack-node]/transforms/postcss.ts:70:34)]
    [at async run (turbopack:///[turbopack-node]/child_process/evaluate.ts:89:23)]

Import trace:
  Client Component Browser:
    ./src/app/globals.css [Client Component Browser]
    ./src/app/layout.tsx [Server Component] @ http://localhost:3000/_next/static/chunks/node_modules_next_dist_0u_w_5s._.js:1945
[ 3313097ms] [ERROR] ./src/app/globals.css
Error evaluating Node.js code
CssSyntaxError: tailwindcss: C:\Projects\GWTH_V2\src\app\globals.css:1:1: Invalid code point 16707002
    [at Input.error (turbopack:///[project]/node_modules/postcss/lib/input.js:135:16)]
    [at Root.error (turbopack:///[project]/node_modules/postcss/lib/node.js:146:32)]
    [at Object.Once (C:\Projects\GWTH_V2\node_modules\@tailwindcss\postcss\dist\index.js:10:6911)]
    [at async LazyResult.runAsync (turbopack:///[project]/node_modules/postcss/lib/lazy-result.js:293:11)]
    [at async transform (turbopack:///[turbopack-node]/transforms/postcss.ts:70:34)]
    [at async run (turbopack:///[turbopack-node]/child_process/evaluate.ts:89:23)]

Import trace:
  Client Component Browser:
    ./src/app/globals.css [Client Component Browser]
    ./src/app/layout.tsx [Server Component] @ http://localhost:3000/_next/static/chunks/node_modules_next_dist_0u_w_5s._.js:1945
[ 3313115ms] [LOG] [Fast Refresh] rebuilding @ http://localhost:3000/_next/static/chunks/node_modules_next_dist_0u_w_5s._.js:1226
[ 3560779ms] [LOG] [Fast Refresh] rebuilding @ http://localhost:3000/_next/static/chunks/node_modules_next_dist_0u_w_5s._.js:1226
[ 3565627ms] [ERROR] ./src/app/globals.css
Error evaluating Node.js code
CssSyntaxError: tailwindcss: C:\Projects\GWTH_V2\src\app\globals.css:1:1: Invalid code point 16707002
    [at Input.error (turbopack:///[project]/node_modules/postcss/lib/input.js:135:16)]
    [at Root.error (turbopack:///[project]/node_modules/postcss/lib/node.js:146:32)]
    [at Object.Once (C:\Projects\GWTH_V2\node_modules\@tailwindcss\postcss\dist\index.js:10:6911)]
    [at async LazyResult.runAsync (turbopack:///[project]/node_modules/postcss/lib/lazy-result.js:293:11)]
    [at async transform (turbopack:///[turbopack-node]/transforms/postcss.ts:70:34)]
    [at async run (turbopack:///[turbopack-node]/child_process/evaluate.ts:89:23)]

Import trace:
  Client Component Browser:
    ./src/app/globals.css [Client Component Browser]
    ./src/app/layout.tsx [Server Component] @ http://localhost:3000/_next/static/chunks/node_modules_next_dist_0u_w_5s._.js:1945
[ 3574742ms] [LOG] [Fast Refresh] rebuilding @ http://localhost:3000/_next/static/chunks/node_modules_next_dist_0u_w_5s._.js:1226
[ 3574768ms] [ERROR] ./src/app/globals.css
Error evaluating Node.js code
CssSyntaxError: tailwindcss: C:\Projects\GWTH_V2\src\app\globals.css:1:1: Invalid code point 16707002
    [at Input.error (turbopack:///[project]/node_modules/postcss/lib/input.js:135:16)]
    [at Root.error (turbopack:///[project]/node_modules/postcss/lib/node.js:146:32)]
    [at Object.Once (C:\Projects\GWTH_V2\node_modules\@tailwindcss\postcss\dist\index.js:10:6911)]
    [at async LazyResult.runAsync (turbopack:///[project]/node_modules/postcss/lib/lazy-result.js:293:11)]
    [at async transform (turbopack:///[turbopack-node]/transforms/postcss.ts:70:34)]
    [at async run (turbopack:///[turbopack-node]/child_process/evaluate.ts:89:23)]

Import trace:
  Client Component Browser:
    ./src/app/globals.css [Client Component Browser]
    ./src/app/layout.tsx [Server Component] @ http://localhost:3000/_next/static/chunks/node_modules_next_dist_0u_w_5s._.js:1945
[ 3593721ms] [ERROR] ./src/app/globals.css
Error evaluating Node.js code
CssSyntaxError: tailwindcss: C:\Projects\GWTH_V2\src\app\globals.css:1:1: Invalid code point 16707002
    [at Input.error (turbopack:///[project]/node_modules/postcss/lib/input.js:135:16)]
    [at Root.error (turbopack:///[project]/node_modules/postcss/lib/node.js:146:32)]
    [at Object.Once (C:\Projects\GWTH_V2\node_modules\@tailwindcss\postcss\dist\index.js:10:6911)]
    [at async LazyResult.runAsync (turbopack:///[project]/node_modules/postcss/lib/lazy-result.js:293:11)]
    [at async transform (turbopack:///[turbopack-node]/transforms/postcss.ts:70:34)]
    [at async run (turbopack:///[turbopack-node]/child_process/evaluate.ts:89:23)]

Import trace:
  Client Component Browser:
    ./src/app/globals.css [Client Component Browser]
    ./src/app/layout.tsx [Server Component] @ http://localhost:3000/_next/static/chunks/node_modules_next_dist_0u_w_5s._.js:1945
[ 3593826ms] [LOG] [Fast Refresh] rebuilding @ http://localhost:3000/_next/static/chunks/node_modules_next_dist_0u_w_5s._.js:1226
[ 3595753ms] [ERROR] ./src/app/globals.css
Error evaluating Node.js code
CssSyntaxError: tailwindcss: C:\Projects\GWTH_V2\src\app\globals.css:1:1: Cannot apply unknown utility class `font-semibold`
    [at Input.error (turbopack:///[project]/node_modules/postcss/lib/input.js:135:16)]
    [at Root.error (turbopack:///[project]/node_modules/postcss/lib/node.js:146:32)]
    [at Object.Once (C:\Projects\GWTH_V2\node_modules\@tailwindcss\postcss\dist\index.js:10:6911)]
    [at process.processTicksAndRejections (node:internal/process/task_queues:105:5)]
    [at async LazyResult.runAsync (turbopack:///[project]/node_modules/postcss/lib/lazy-result.js:293:11)]
    [at async transform (turbopack:///[turbopack-node]/transforms/postcss.ts:70:34)]
    [at async run (turbopack:///[turbopack-node]/child_process/evaluate.ts:89:23)]

Import trace:
  Client Component Browser:
    ./src/app/globals.css [Client Component Browser]
    ./src/app/layout.tsx [Server Component] @ http://localhost:3000/_next/static/chunks/node_modules_next_dist_0u_w_5s._.js:1945
[ 3605976ms] [ERROR] ./src/app/globals.css
Error evaluating Node.js code
CssSyntaxError: tailwindcss: C:\Projects\GWTH_V2\src\app\globals.css:1:1: Cannot apply unknown utility class `font-semibold`
    [at Input.error (turbopack:///[project]/node_modules/postcss/lib/input.js:135:16)]
    [at Root.error (turbopack:///[project]/node_modules/postcss/lib/node.js:146:32)]
    [at Object.Once (C:\Projects\GWTH_V2\node_modules\@tailwindcss\postcss\dist\index.js:10:6911)]
    [at process.processTicksAndRejections (node:internal/process/task_queues:105:5)]
    [at async LazyResult.runAsync (turbopack:///[project]/node_modules/postcss/lib/lazy-result.js:293:11)]
    [at async transform (turbopack:///[turbopack-node]/transforms/postcss.ts:70:34)]
    [at async run (turbopack:///[turbopack-node]/child_process/evaluate.ts:89:23)]

Import trace:
  Client Component Browser:
    ./src/app/globals.css [Client Component Browser]
    ./src/app/layout.tsx [Server Component] @ http://localhost:3000/_next/static/chunks/node_modules_next_dist_0u_w_5s._.js:1945
[ 3606032ms] [LOG] [Fast Refresh] rebuilding @ http://localhost:3000/_next/static/chunks/node_modules_next_dist_0u_w_5s._.js:1226
[ 3744002ms] [LOG] [Fast Refresh] rebuilding @ http://localhost:3000/_next/static/chunks/node_modules_next_dist_0u_w_5s._.js:1226
[ 3750032ms] [ERROR] ./src/app/globals.css
Error evaluating Node.js code
CssSyntaxError: tailwindcss: C:\Projects\GWTH_V2\src\app\globals.css:1:1: Invalid code point 16707002
    [at Input.error (turbopack:///[project]/node_modules/postcss/lib/input.js:135:16)]
    [at Root.error (turbopack:///[project]/node_modules/postcss/lib/node.js:146:32)]
    [at Object.Once (C:\Projects\GWTH_V2\node_modules\@tailwindcss\postcss\dist\index.js:10:6911)]
    [at async LazyResult.runAsync (turbopack:///[project]/node_modules/postcss/lib/lazy-result.js:293:11)]
    [at async transform (turbopack:///[turbopack-node]/transforms/postcss.ts:70:34)]
    [at async run (turbopack:///[turbopack-node]/child_process/evaluate.ts:89:23)]

Import trace:
  Client Component Browser:
    ./src/app/globals.css [Client Component Browser]
    ./src/app/layout.tsx [Server Component] @ http://localhost:3000/_next/static/chunks/node_modules_next_dist_0u_w_5s._.js:1945
[ 3764898ms] [LOG] [Fast Refresh] rebuilding @ http://localhost:3000/_next/static/chunks/node_modules_next_dist_0u_w_5s._.js:1226
[ 3770018ms] [ERROR] ./src/app/globals.css
Error evaluating Node.js code
CssSyntaxError: tailwindcss: C:\Projects\GWTH_V2\src\app\globals.css:1:1: Invalid code point 16707002
    [at Input.error (turbopack:///[project]/node_modules/postcss/lib/input.js:135:16)]
    [at Root.error (turbopack:///[project]/node_modules/postcss/lib/node.js:146:32)]
    [at Object.Once (C:\Projects\GWTH_V2\node_modules\@tailwindcss\postcss\dist\index.js:10:6911)]
    [at async LazyResult.runAsync (turbopack:///[project]/node_modules/postcss/lib/lazy-result.js:293:11)]
    [at async transform (turbopack:///[turbopack-node]/transforms/postcss.ts:70:34)]
    [at async run (turbopack:///[turbopack-node]/child_process/evaluate.ts:89:23)]

Import trace:
  Client Component Browser:
    ./src/app/globals.css [Client Component Browser]
    ./src/app/layout.tsx [Server Component] @ http://localhost:3000/_next/static/chunks/node_modules_next_dist_0u_w_5s._.js:1945
[ 3770599ms] [LOG] [Fast Refresh] rebuilding @ http://localhost:3000/_next/static/chunks/node_modules_next_dist_0u_w_5s._.js:1226
[ 3770700ms] [ERROR] ./src/app/globals.css
Error evaluating Node.js code
CssSyntaxError: tailwindcss: C:\Projects\GWTH_V2\src\app\globals.css:1:1: Invalid code point 16707002
    [at Input.error (turbopack:///[project]/node_modules/postcss/lib/input.js:135:16)]
    [at Root.error (turbopack:///[project]/node_modules/postcss/lib/node.js:146:32)]
    [at Object.Once (C:\Projects\GWTH_V2\node_modules\@tailwindcss\postcss\dist\index.js:10:6911)]
    [at async LazyResult.runAsync (turbopack:///[project]/node_modules/postcss/lib/lazy-result.js:293:11)]
    [at async transform (turbopack:///[turbopack-node]/transforms/postcss.ts:70:34)]
    [at async run (turbopack:///[turbopack-node]/child_process/evaluate.ts:89:23)]

Import trace:
  Client Component Browser:
    ./src/app/globals.css [Client Component Browser]
    ./src/app/layout.tsx [Server Component] @ http://localhost:3000/_next/static/chunks/node_modules_next_dist_0u_w_5s._.js:1945
[ 3770814ms] [LOG] [Fast Refresh] rebuilding @ http://localhost:3000/_next/static/chunks/node_modules_next_dist_0u_w_5s._.js:1226
[ 3770836ms] [ERROR] ./src/app/globals.css
Error evaluating Node.js code
CssSyntaxError: tailwindcss: C:\Projects\GWTH_V2\src\app\globals.css:1:1: Invalid code point 16707002
    [at Input.error (turbopack:///[project]/node_modules/postcss/lib/input.js:135:16)]
    [at Root.error (turbopack:///[project]/node_modules/postcss/lib/node.js:146:32)]
    [at Object.Once (C:\Projects\GWTH_V2\node_modules\@tailwindcss\postcss\dist\index.js:10:6911)]
    [at async LazyResult.runAsync (turbopack:///[project]/node_modules/postcss/lib/lazy-result.js:293:11)]
    [at async transform (turbopack:///[turbopack-node]/transforms/postcss.ts:70:34)]
    [at async run (turbopack:///[turbopack-node]/child_process/evaluate.ts:89:23)]

Import trace:
  Client Component Browser:
    ./src/app/globals.css [Client Component Browser]
    ./src/app/layout.tsx [Server Component] @ http://localhost:3000/_next/static/chunks/node_modules_next_dist_0u_w_5s._.js:1945
[ 3803724ms] [LOG] [Fast Refresh] rebuilding @ http://localhost:3000/_next/static/chunks/node_modules_next_dist_0u_w_5s._.js:1226
[ 3805391ms] [LOG] [Fast Refresh] done in 1555ms @ http://localhost:3000/_next/static/chunks/node_modules_next_dist_0u_w_5s._.js:1226
[ 3805548ms] [LOG] [Fast Refresh] rebuilding @ http://localhost:3000/_next/static/chunks/node_modules_next_dist_0u_w_5s._.js:1226
[ 3808596ms] [LOG] [Fast Refresh] done in 3155ms @ http://localhost:3000/_next/static/chunks/node_modules_next_dist_0u_w_5s._.js:1226
[ 3810274ms] [INFO] %cDownload the React DevTools for a better development experience: https://react.dev/link/react-devtools font-weight:bold @ http://localhost:3000/_next/static/chunks/node_modules_next_dist_115brz8._.js:2431
[ 3810533ms] [LOG] [HMR] connected @ http://localhost:3000/_next/static/chunks/node_modules_next_dist_115brz8._.js:2431
[ 3810749ms] [WARNING] Ignoring Event: localhost @ http://localhost:3000/_next/static/chunks/node_modules_next_dist_115brz8._.js:2431
[ 3810753ms] [LOG] %c[Web Vital] FCP: 3732ms (poor) color: red; font-weight: bold @ http://localhost:3000/_next/static/chunks/node_modules_next_dist_115brz8._.js:2431
[ 3810754ms] [LOG] %c[Web Vital] TTFB: 3468ms (poor) color: red; font-weight: bold @ http://localhost:3000/_next/static/chunks/node_modules_next_dist_115brz8._.js:2431
[ 3810769ms] [LOG] [Fast Refresh] rebuilding @ http://localhost:3000/_next/static/chunks/node_modules_next_dist_115brz8._.js:2431
[ 3810991ms] [LOG] [Fast Refresh] done in 329ms @ http://localhost:3000/_next/static/chunks/node_modules_next_dist_115brz8._.js:2431
[ 3811316ms] [LOG] [Fast Refresh] rebuilding @ http://localhost:3000/_next/static/chunks/node_modules_next_dist_115brz8._.js:2431
[ 3815353ms] [LOG] [Fast Refresh] done in 4152ms @ http://localhost:3000/_next/static/chunks/node_modules_next_dist_115brz8._.js:2431
[ 3818329ms] [LOG] [Fast Refresh] rebuilding @ http://localhost:3000/_next/static/chunks/node_modules_next_dist_115brz8._.js:2431
[ 3819171ms] [LOG] [Fast Refresh] done in 956ms @ http://localhost:3000/_next/static/chunks/node_modules_next_dist_115brz8._.js:2431
[ 3825194ms] [LOG] [Fast Refresh] rebuilding @ http://localhost:3000/_next/static/chunks/node_modules_next_dist_115brz8._.js:2431
[ 3830144ms] [LOG] [Fast Refresh] done in 4990ms @ http://localhost:3000/_next/static/chunks/node_modules_next_dist_115brz8._.js:2431
[ 3830859ms] [LOG] [Fast Refresh] rebuilding @ http://localhost:3000/_next/static/chunks/node_modules_next_dist_115brz8._.js:2431
[ 3831143ms] [LOG] [Fast Refresh] done in 385ms @ http://localhost:3000/_next/static/chunks/node_modules_next_dist_115brz8._.js:2431
[ 3851859ms] [LOG] [Fast Refresh] rebuilding @ http://localhost:3000/_next/static/chunks/node_modules_next_dist_115brz8._.js:2431
[ 3851892ms] [LOG] [Fast Refresh] done in 150ms @ http://localhost:3000/_next/static/chunks/node_modules_next_dist_115brz8._.js:2431
[ 4027629ms] [LOG] [Fast Refresh] rebuilding @ http://localhost:3000/_next/static/chunks/node_modules_next_dist_115brz8._.js:2431
[ 4028310ms] [LOG] [Fast Refresh] done in 783ms @ http://localhost:3000/_next/static/chunks/node_modules_next_dist_115brz8._.js:2431
[ 4039371ms] [LOG] [Fast Refresh] rebuilding @ http://localhost:3000/_next/static/chunks/node_modules_next_dist_115brz8._.js:2431
[ 4041914ms] [ERROR] ./src/app/globals.css
Error evaluating Node.js code
CssSyntaxError: tailwindcss: C:\Projects\GWTH_V2\src\app\globals.css:1:1: Invalid code point 16707002
    [at Input.error (turbopack:///[project]/node_modules/postcss/lib/input.js:135:16)]
    [at Root.error (turbopack:///[project]/node_modules/postcss/lib/node.js:146:32)]
    [at Object.Once (C:\Projects\GWTH_V2\node_modules\@tailwindcss\postcss\dist\index.js:10:6911)]
    [at async LazyResult.runAsync (turbopack:///[project]/node_modules/postcss/lib/lazy-result.js:293:11)]
    [at async transform (turbopack:///[turbopack-node]/transforms/postcss.ts:70:34)]
    [at async run (turbopack:///[turbopack-node]/child_process/evaluate.ts:89:23)]

Import trace:
  Client Component Browser:
    ./src/app/globals.css [Client Component Browser]
    ./src/app/layout.tsx [Server Component] @ http://localhost:3000/_next/static/chunks/node_modules_next_dist_115brz8._.js:3272
[ 4042125ms] [LOG] [Fast Refresh] rebuilding @ http://localhost:3000/_next/static/chunks/node_modules_next_dist_115brz8._.js:2431
[ 4042229ms] [ERROR] ./src/app/globals.css
Error evaluating Node.js code
CssSyntaxError: tailwindcss: C:\Projects\GWTH_V2\src\app\globals.css:1:1: Invalid code point 16707002
    [at Input.error (turbopack:///[project]/node_modules/postcss/lib/input.js:135:16)]
    [at Root.error (turbopack:///[project]/node_modules/postcss/lib/node.js:146:32)]
    [at Object.Once (C:\Projects\GWTH_V2\node_modules\@tailwindcss\postcss\dist\index.js:10:6911)]
    [at async LazyResult.runAsync (turbopack:///[project]/node_modules/postcss/lib/lazy-result.js:293:11)]
    [at async transform (turbopack:///[turbopack-node]/transforms/postcss.ts:70:34)]
    [at async run (turbopack:///[turbopack-node]/child_process/evaluate.ts:89:23)]

Import trace:
  Client Component Browser:
    ./src/app/globals.css [Client Component Browser]
    ./src/app/layout.tsx [Server Component] @ http://localhost:3000/_next/static/chunks/node_modules_next_dist_115brz8._.js:3272
[ 4070492ms] [ERROR] ./src/app/globals.css
Error evaluating Node.js code
CssSyntaxError: tailwindcss: C:\Projects\GWTH_V2\src\app\globals.css:1:1: Invalid code point 16707002
    [at Input.error (turbopack:///[project]/node_modules/postcss/lib/input.js:135:16)]
    [at Root.error (turbopack:///[project]/node_modules/postcss/lib/node.js:146:32)]
    [at Object.Once (C:\Projects\GWTH_V2\node_modules\@tailwindcss\postcss\dist\index.js:10:6911)]
    [at async LazyResult.runAsync (turbopack:///[project]/node_modules/postcss/lib/lazy-result.js:293:11)]
    [at async transform (turbopack:///[turbopack-node]/transforms/postcss.ts:70:34)]
    [at async run (turbopack:///[turbopack-node]/child_process/evaluate.ts:89:23)]

Import trace:
  Client Component Browser:
    ./src/app/globals.css [Client Component Browser]
    ./src/app/layout.tsx [Server Component] @ http://localhost:3000/_next/static/chunks/node_modules_next_dist_115brz8._.js:3272
[ 4070605ms] [LOG] [Fast Refresh] rebuilding @ http://localhost:3000/_next/static/chunks/node_modules_next_dist_115brz8._.js:2431
[ 4075744ms] [LOG] [Fast Refresh] done in 5227ms @ http://localhost:3000/_next/static/chunks/node_modules_next_dist_115brz8._.js:2431
[ 4076102ms] [LOG] [Fast Refresh] rebuilding @ http://localhost:3000/_next/static/chunks/node_modules_next_dist_115brz8._.js:2431
[ 4076280ms] [LOG] [Fast Refresh] done in 288ms @ http://localhost:3000/_next/static/chunks/node_modules_next_dist_115brz8._.js:2431
[ 4076516ms] [LOG] [Fast Refresh] rebuilding @ http://localhost:3000/_next/static/chunks/node_modules_next_dist_115brz8._.js:2431
[ 4076558ms] [LOG] [Fast Refresh] done in 154ms @ http://localhost:3000/_next/static/chunks/node_modules_next_dist_115brz8._.js:2431
[ 4077134ms] [LOG] %c[Web Vital] FCP: 3732ms (poor) color: red; font-weight: bold @ http://localhost:3000/_next/static/chunks/node_modules_next_dist_115brz8._.js:2431
[ 4077134ms] [LOG] %c[Web Vital] TTFB: 3468ms (poor) color: red; font-weight: bold @ http://localhost:3000/_next/static/chunks/node_modules_next_dist_115brz8._.js:2431
[ 4093169ms] [LOG] [Fast Refresh] rebuilding @ http://localhost:3000/_next/static/chunks/node_modules_next_dist_115brz8._.js:2431
[ 4094439ms] [LOG] [Fast Refresh] done in 1391ms @ http://localhost:3000/_next/static/chunks/node_modules_next_dist_115brz8._.js:2431
[ 4099413ms] [LOG] [Fast Refresh] rebuilding @ http://localhost:3000/_next/static/chunks/node_modules_next_dist_115brz8._.js:2431
[ 4099716ms] [LOG] [Fast Refresh] done in 405ms @ http://localhost:3000/_next/static/chunks/node_modules_next_dist_115brz8._.js:2431
[ 4108874ms] [LOG] [Fast Refresh] rebuilding @ http://localhost:3000/_next/static/chunks/node_modules_next_dist_115brz8._.js:2431
[ 4109601ms] [LOG] [Fast Refresh] done in 837ms @ http://localhost:3000/_next/static/chunks/node_modules_next_dist_115brz8._.js:2431
[ 4110209ms] [LOG] [Fast Refresh] rebuilding @ http://localhost:3000/_next/static/chunks/node_modules_next_dist_115brz8._.js:2431
[ 4110601ms] [LOG] [Fast Refresh] done in 505ms @ http://localhost:3000/_next/static/chunks/node_modules_next_dist_115brz8._.js:2431
