[     177ms] [LOG] [Fast Refresh] rebuilding @ http://localhost:3000/_next/static/chunks/node_modules_next_dist_115brz8._.js:2431
[    3518ms] [LOG] [Fast Refresh] done in 3457ms @ http://localhost:3000/_next/static/chunks/node_modules_next_dist_115brz8._.js:2431
[    3829ms] [LOG] %c[Web Vital] INP: 104ms (good) color: green; font-weight: bold @ http://localhost:3000/_next/static/chunks/node_modules_next_dist_115brz8._.js:2431
[    3829ms] [LOG] %c[Web Vital] CLS: 0ms (good) color: green; font-weight: bold @ http://localhost:3000/_next/static/chunks/node_modules_next_dist_115brz8._.js:2431
[    3830ms] [LOG] %c[Web Vital] LCP: 5864ms (poor) color: red; font-weight: bold @ http://localhost:3000/_next/static/chunks/node_modules_next_dist_115brz8._.js:2431
[    3830ms] [LOG] %c[Web Vital] INP: 104ms (good) color: green; font-weight: bold @ http://localhost:3000/_next/static/chunks/node_modules_next_dist_115brz8._.js:2431
[    3830ms] [LOG] %c[Web Vital] CLS: 0ms (good) color: green; font-weight: bold @ http://localhost:3000/_next/static/chunks/node_modules_next_dist_115brz8._.js:2431
[    3831ms] [LOG] %c[Web Vital] LCP: 5864ms (poor) color: red; font-weight: bold @ http://localhost:3000/_next/static/chunks/node_modules_next_dist_115brz8._.js:2431
[    3831ms] [LOG] %c[Web Vital] INP: 104ms (good) color: green; font-weight: bold @ http://localhost:3000/_next/static/chunks/node_modules_next_dist_115brz8._.js:2431
[    3831ms] [LOG] %c[Web Vital] CLS: 0ms (good) color: green; font-weight: bold @ http://localhost:3000/_next/static/chunks/node_modules_next_dist_115brz8._.js:2431
[    8137ms] [INFO] %cDownload the React DevTools for a better development experience: https://react.dev/link/react-devtools font-weight:bold @ http://localhost:3000/_next/static/chunks/node_modules_next_dist_115brz8._.js:2431
[    8202ms] [LOG] [HMR] connected @ http://localhost:3000/_next/static/chunks/node_modules_next_dist_115brz8._.js:2431
[    8402ms] [WARNING] Ignoring Event: localhost @ http://localhost:3000/_next/static/chunks/node_modules_next_dist_115brz8._.js:2431
[    8403ms] [LOG] %c[Web Vital] FCP: 7852ms (poor) color: red; font-weight: bold @ http://localhost:3000/_next/static/chunks/node_modules_next_dist_115brz8._.js:2431
[    8526ms] [LOG] %c[Web Vital] TTFB: 3773ms (poor) color: red; font-weight: bold @ http://localhost:3000/_next/static/chunks/node_modules_next_dist_115brz8._.js:2431
[    8548ms] [LOG] [Fast Refresh] rebuilding @ http://localhost:3000/_next/static/chunks/node_modules_next_dist_115brz8._.js:2431
[    8577ms] [LOG] [Fast Refresh] done in 161ms @ http://localhost:3000/_next/static/chunks/node_modules_next_dist_115brz8._.js:2431
[  133820ms] [LOG] [Fast Refresh] rebuilding @ http://localhost:3000/_next/static/chunks/node_modules_next_dist_115brz8._.js:2431
[  135227ms] [LOG] [Fast Refresh] done in 1512ms @ http://localhost:3000/_next/static/chunks/node_modules_next_dist_115brz8._.js:2431
[  157356ms] [LOG] [Fast Refresh] rebuilding @ http://localhost:3000/_next/static/chunks/node_modules_next_dist_115brz8._.js:2431
[  158000ms] [LOG] [Fast Refresh] done in 759ms @ http://localhost:3000/_next/static/chunks/node_modules_next_dist_115brz8._.js:2431
[  160020ms] [LOG] [Fast Refresh] rebuilding @ http://localhost:3000/_next/static/chunks/node_modules_next_dist_115brz8._.js:2431
[  161122ms] [LOG] [Fast Refresh] done in 1215ms @ http://localhost:3000/_next/static/chunks/node_modules_next_dist_115brz8._.js:2431
[  162100ms] [LOG] [Fast Refresh] rebuilding @ http://localhost:3000/_next/static/chunks/node_modules_next_dist_115brz8._.js:2431
[  164623ms] [LOG] [Fast Refresh] done in 2629ms @ http://localhost:3000/_next/static/chunks/node_modules_next_dist_115brz8._.js:2431
[  189316ms] [LOG] [Fast Refresh] rebuilding @ http://localhost:3000/_next/static/chunks/node_modules_next_dist_115brz8._.js:2431
[  189360ms] [LOG] [Fast Refresh] done in 150ms @ http://localhost:3000/_next/static/chunks/node_modules_next_dist_115brz8._.js:2431
[  190352ms] [LOG] [Fast Refresh] rebuilding @ http://localhost:3000/_next/static/chunks/node_modules_next_dist_115brz8._.js:2431
[  191081ms] [LOG] [Fast Refresh] done in 831ms @ http://localhost:3000/_next/static/chunks/node_modules_next_dist_115brz8._.js:2431
[  191212ms] [LOG] [Fast Refresh] rebuilding @ http://localhost:3000/_next/static/chunks/node_modules_next_dist_115brz8._.js:2431
[  191233ms] [LOG] [Fast Refresh] done in 126ms @ http://localhost:3000/_next/static/chunks/node_modules_next_dist_115brz8._.js:2431
[  204246ms] [LOG] [Fast Refresh] rebuilding @ http://localhost:3000/_next/static/chunks/node_modules_next_dist_115brz8._.js:2431
[  204261ms] [LOG] [Fast Refresh] done in 118ms @ http://localhost:3000/_next/static/chunks/node_modules_next_dist_115brz8._.js:2431
[  216096ms] [LOG] [Fast Refresh] rebuilding @ http://localhost:3000/_next/static/chunks/node_modules_next_dist_115brz8._.js:2431
[  216097ms] [LOG] [Fast Refresh] done in 105ms @ http://localhost:3000/_next/static/chunks/node_modules_next_dist_115brz8._.js:2431
[  219156ms] [LOG] [Fast Refresh] rebuilding @ http://localhost:3000/_next/static/chunks/node_modules_next_dist_115brz8._.js:2431
[  219173ms] [LOG] [Fast Refresh] done in 129ms @ http://localhost:3000/_next/static/chunks/node_modules_next_dist_115brz8._.js:2431
[  219384ms] [LOG] [Fast Refresh] rebuilding @ http://localhost:3000/_next/static/chunks/node_modules_next_dist_115brz8._.js:2431
[  219530ms] [LOG] [Fast Refresh] done in 255ms @ http://localhost:3000/_next/static/chunks/node_modules_next_dist_115brz8._.js:2431
[  219727ms] [LOG] [Fast Refresh] rebuilding @ http://localhost:3000/_next/static/chunks/node_modules_next_dist_115brz8._.js:2431
[  219882ms] [LOG] [Fast Refresh] done in 268ms @ http://localhost:3000/_next/static/chunks/node_modules_next_dist_115brz8._.js:2431
[  220336ms] [LOG] [Fast Refresh] rebuilding @ http://localhost:3000/_next/static/chunks/node_modules_next_dist_115brz8._.js:2431
[  220459ms] [LOG] [Fast Refresh] done in 231ms @ http://localhost:3000/_next/static/chunks/node_modules_next_dist_115brz8._.js:2431
[  222119ms] [LOG] [Fast Refresh] rebuilding @ http://localhost:3000/_next/static/chunks/node_modules_next_dist_115brz8._.js:2431
[  222216ms] [LOG] [Fast Refresh] done in 204ms @ http://localhost:3000/_next/static/chunks/node_modules_next_dist_115brz8._.js:2431
[  228569ms] [LOG] [Fast Refresh] rebuilding @ http://localhost:3000/_next/static/chunks/node_modules_next_dist_115brz8._.js:2431
[  228709ms] [LOG] [Fast Refresh] done in 244ms @ http://localhost:3000/_next/static/chunks/node_modules_next_dist_115brz8._.js:2431
[  228916ms] [LOG] [Fast Refresh] rebuilding @ http://localhost:3000/_next/static/chunks/node_modules_next_dist_115brz8._.js:2431
[  228926ms] [LOG] [Fast Refresh] done in 115ms @ http://localhost:3000/_next/static/chunks/node_modules_next_dist_115brz8._.js:2431
[  229079ms] [LOG] [Fast Refresh] rebuilding @ http://localhost:3000/_next/static/chunks/node_modules_next_dist_115brz8._.js:2431
[  229209ms] [LOG] [Fast Refresh] done in 235ms @ http://localhost:3000/_next/static/chunks/node_modules_next_dist_115brz8._.js:2431
[  229503ms] [LOG] [Fast Refresh] rebuilding @ http://localhost:3000/_next/static/chunks/node_modules_next_dist_115brz8._.js:2431
[  229649ms] [LOG] [Fast Refresh] done in 254ms @ http://localhost:3000/_next/static/chunks/node_modules_next_dist_115brz8._.js:2431
[  230003ms] [LOG] [Fast Refresh] rebuilding @ http://localhost:3000/_next/static/chunks/node_modules_next_dist_115brz8._.js:2431
[  230075ms] [LOG] [Fast Refresh] done in 177ms @ http://localhost:3000/_next/static/chunks/node_modules_next_dist_115brz8._.js:2431
[  230308ms] [LOG] [Fast Refresh] rebuilding @ http://localhost:3000/_next/static/chunks/node_modules_next_dist_115brz8._.js:2431
[  230446ms] [LOG] [Fast Refresh] done in 243ms @ http://localhost:3000/_next/static/chunks/node_modules_next_dist_115brz8._.js:2431
[  230697ms] [LOG] [Fast Refresh] rebuilding @ http://localhost:3000/_next/static/chunks/node_modules_next_dist_115brz8._.js:2431
[  230801ms] [LOG] [Fast Refresh] done in 207ms @ http://localhost:3000/_next/static/chunks/node_modules_next_dist_115brz8._.js:2431
[  234497ms] [LOG] [Fast Refresh] rebuilding @ http://localhost:3000/_next/static/chunks/node_modules_next_dist_115brz8._.js:2431
[  234524ms] [LOG] [Fast Refresh] done in 127ms @ http://localhost:3000/_next/static/chunks/node_modules_next_dist_115brz8._.js:2431
[  234682ms] [LOG] [Fast Refresh] rebuilding @ http://localhost:3000/_next/static/chunks/node_modules_next_dist_115brz8._.js:2431
[  234694ms] [LOG] [Fast Refresh] done in 112ms @ http://localhost:3000/_next/static/chunks/node_modules_next_dist_115brz8._.js:2431
[  235144ms] [LOG] [Fast Refresh] rebuilding @ http://localhost:3000/_next/static/chunks/node_modules_next_dist_115brz8._.js:2431
[  235208ms] [LOG] [Fast Refresh] done in 176ms @ http://localhost:3000/_next/static/chunks/node_modules_next_dist_115brz8._.js:2431
[  235778ms] [LOG] [Fast Refresh] rebuilding @ http://localhost:3000/_next/static/chunks/node_modules_next_dist_115brz8._.js:2431
[  235787ms] [LOG] [Fast Refresh] done in 110ms @ http://localhost:3000/_next/static/chunks/node_modules_next_dist_115brz8._.js:2431
[  247099ms] [LOG] [Fast Refresh] rebuilding @ http://localhost:3000/_next/static/chunks/node_modules_next_dist_115brz8._.js:2431
[  247507ms] [LOG] [Fast Refresh] done in 522ms @ http://localhost:3000/_next/static/chunks/node_modules_next_dist_115brz8._.js:2431
[  248013ms] [LOG] [Fast Refresh] rebuilding @ http://localhost:3000/_next/static/chunks/node_modules_next_dist_115brz8._.js:2431
[  248376ms] [LOG] [Fast Refresh] done in 477ms @ http://localhost:3000/_next/static/chunks/node_modules_next_dist_115brz8._.js:2431
[  248731ms] [LOG] [Fast Refresh] rebuilding @ http://localhost:3000/_next/static/chunks/node_modules_next_dist_115brz8._.js:2431
[  248767ms] [LOG] [Fast Refresh] done in 141ms @ http://localhost:3000/_next/static/chunks/node_modules_next_dist_115brz8._.js:2431
[  248899ms] [LOG] [Fast Refresh] rebuilding @ http://localhost:3000/_next/static/chunks/node_modules_next_dist_115brz8._.js:2431
[  249792ms] [LOG] [Fast Refresh] done in 1007ms @ http://localhost:3000/_next/static/chunks/node_modules_next_dist_115brz8._.js:2431
[  249931ms] [LOG] [Fast Refresh] rebuilding @ http://localhost:3000/_next/static/chunks/node_modules_next_dist_115brz8._.js:2431
[  250143ms] [LOG] [Fast Refresh] done in 326ms @ http://localhost:3000/_next/static/chunks/node_modules_next_dist_115brz8._.js:2431
[  250753ms] [LOG] [Fast Refresh] rebuilding @ http://localhost:3000/_next/static/chunks/node_modules_next_dist_115brz8._.js:2431
[  250809ms] [LOG] [Fast Refresh] done in 172ms @ http://localhost:3000/_next/static/chunks/node_modules_next_dist_115brz8._.js:2431
[  251017ms] [LOG] [Fast Refresh] rebuilding @ http://localhost:3000/_next/static/chunks/node_modules_next_dist_115brz8._.js:2431
[  251029ms] [LOG] [Fast Refresh] done in 118ms @ http://localhost:3000/_next/static/chunks/node_modules_next_dist_115brz8._.js:2431
[  251156ms] [LOG] [Fast Refresh] rebuilding @ http://localhost:3000/_next/static/chunks/node_modules_next_dist_115brz8._.js:2431
[  251500ms] [LOG] [Fast Refresh] done in 451ms @ http://localhost:3000/_next/static/chunks/node_modules_next_dist_115brz8._.js:2431
[  251825ms] [LOG] [Fast Refresh] rebuilding @ http://localhost:3000/_next/static/chunks/node_modules_next_dist_115brz8._.js:2431
[  252165ms] [LOG] [Fast Refresh] done in 454ms @ http://localhost:3000/_next/static/chunks/node_modules_next_dist_115brz8._.js:2431
[  310537ms] [LOG] %c[Web Vital] LCP: 8552ms (poor) color: red; font-weight: bold @ http://localhost:3000/_next/static/chunks/node_modules_next_dist_115brz8._.js:2431
[  310569ms] [LOG] %c[Web Vital] FID: 2ms (good) color: green; font-weight: bold @ http://localhost:3000/_next/static/chunks/node_modules_next_dist_115brz8._.js:2431
[  345019ms] [LOG] [Fast Refresh] rebuilding @ http://localhost:3000/_next/static/chunks/node_modules_next_dist_115brz8._.js:2431
[  347175ms] [ERROR] ./src/components/marketing/hero/hero-device.tsx:6:1
Export DEMO_VERIFY_URL doesn't exist in target module
   4 | import { ScoreExplainer } from "@/components/marketing/score-explainer/score-explainer"
   5 | import { EXAMPLE_SCORE_HISTORY } from "@/components/marketing/score-vis/example-data"
>  6 | import {
     | ^^^^^^^
>  7 |   QrCode,
     | ^^^^^^^^^
>  8 |   DEMO_VERIFY_URL,
     | ^^^^^^^^^^^^^^^^^^
>  9 |   DEMO_VERIFY_URL_DISPLAY,
     | ^^^^^^^^^^^^^^^^^^^^^^^^^^
> 10 | } from "@/components/marketing/hero/qr-code"
     | ^^^^^^^^^^^^^^^^^^^^^^^^^^^^^^^^^^^^^^^^^^^^
  11 | import { computeScoreTrend, formatDeltaAbs } from "@/lib/score-trend"
  12 | import { getPercentileLabel } from "@/lib/progress/gwth-score"
  13 | import { cn } from "@/lib/utils"

The export DEMO_VERIFY_URL was not found in module [project]/src/components/marketing/hero/qr-code.tsx [app-rsc] (ecmascript).
Did you mean to import DEMO_SCORE_URL?
All exports of the module are statically known (It doesn't have dynamic exports). So it's known statically that the requested export doesn't exist.

Import trace:
  Server Component:
    ./src/components/marketing/hero/hero-device.tsx
    ./src/components/marketing/editorial-homepage/editorial-homepage.tsx
    ./src/app/(public)/page.tsx @ http://localhost:3000/_next/static/chunks/node_modules_next_dist_115brz8._.js:3272
[  347176ms] [ERROR] ./src/components/marketing/hero/hero-device.tsx:6:1
Export DEMO_VERIFY_URL_DISPLAY doesn't exist in target module
   4 | import { ScoreExplainer } from "@/components/marketing/score-explainer/score-explainer"
   5 | import { EXAMPLE_SCORE_HISTORY } from "@/components/marketing/score-vis/example-data"
>  6 | import {
     | ^^^^^^^
>  7 |   QrCode,
     | ^^^^^^^^^
>  8 |   DEMO_VERIFY_URL,
     | ^^^^^^^^^^^^^^^^^^
>  9 |   DEMO_VERIFY_URL_DISPLAY,
     | ^^^^^^^^^^^^^^^^^^^^^^^^^^
> 10 | } from "@/components/marketing/hero/qr-code"
     | ^^^^^^^^^^^^^^^^^^^^^^^^^^^^^^^^^^^^^^^^^^^^
  11 | import { computeScoreTrend, formatDeltaAbs } from "@/lib/score-trend"
  12 | import { getPercentileLabel } from "@/lib/progress/gwth-score"
  13 | import { cn } from "@/lib/utils"

The export DEMO_VERIFY_URL_DISPLAY was not found in module [project]/src/components/marketing/hero/qr-code.tsx [app-rsc] (ecmascript).
Did you mean to import DEMO_SCORE_URL_DISPLAY?
All exports of the module are statically known (It doesn't have dynamic exports). So it's known statically that the requested export doesn't exist.

Import trace:
  Server Component:
    ./src/components/marketing/hero/hero-device.tsx
    ./src/components/marketing/editorial-homepage/editorial-homepage.tsx
    ./src/app/(public)/page.tsx @ http://localhost:3000/_next/static/chunks/node_modules_next_dist_115brz8._.js:3272
[  347177ms] [ERROR] ./src/components/marketing/hero/hero-device.tsx:6:1
Export DEMO_VERIFY_URL doesn't exist in target module
   4 | import { ScoreExplainer } from "@/components/marketing/score-explainer/score-explainer"
   5 | import { EXAMPLE_SCORE_HISTORY } from "@/components/marketing/score-vis/example-data"
>  6 | import {
     | ^^^^^^^
>  7 |   QrCode,
     | ^^^^^^^^^
>  8 |   DEMO_VERIFY_URL,
     | ^^^^^^^^^^^^^^^^^^
>  9 |   DEMO_VERIFY_URL_DISPLAY,
     | ^^^^^^^^^^^^^^^^^^^^^^^^^^
> 10 | } from "@/components/marketing/hero/qr-code"
     | ^^^^^^^^^^^^^^^^^^^^^^^^^^^^^^^^^^^^^^^^^^^^
  11 | import { computeScoreTrend, formatDeltaAbs } from "@/lib/score-trend"
  12 | import { getPercentileLabel } from "@/lib/progress/gwth-score"
  13 | import { cn } from "@/lib/utils"

The export DEMO_VERIFY_URL was not found in module [project]/src/components/marketing/hero/qr-code.tsx [app-client] (ecmascript).
Did you mean to import DEMO_SCORE_URL?
All exports of the module are statically known (It doesn't have dynamic exports). So it's known statically that the requested export doesn't exist.

Import traces:
  Client Component Browser:
    ./src/components/marketing/hero/hero-device.tsx [Client Component Browser]
    ./src/components/marketing/redesign/palette-explorer.tsx [Client Component Browser]
    ./src/components/marketing/redesign/palette-explorer.tsx [Server Component]
    ./src/app/redesign_v2/page.tsx [Server Component]

  Client Component SSR:
    ./src/components/marketing/hero/hero-device.tsx [Client Component SSR]
    ./src/components/marketing/redesign/palette-explorer.tsx [Client Component SSR]
    ./src/components/marketing/redesign/palette-explorer.tsx [Server Component]
    ./src/app/redesign_v2/page.tsx [Server Component] @ http://localhost:3000/_next/static/chunks/node_modules_next_dist_115brz8._.js:3272
[  347177ms] [ERROR] ./src/components/marketing/hero/hero-device.tsx:6:1
Export DEMO_VERIFY_URL doesn't exist in target module
   4 | import { ScoreExplainer } from "@/components/marketing/score-explainer/score-explainer"
   5 | import { EXAMPLE_SCORE_HISTORY } from "@/components/marketing/score-vis/example-data"
>  6 | import {
     | ^^^^^^^
>  7 |   QrCode,
     | ^^^^^^^^^
>  8 |   DEMO_VERIFY_URL,
     | ^^^^^^^^^^^^^^^^^^
>  9 |   DEMO_VERIFY_URL_DISPLAY,
     | ^^^^^^^^^^^^^^^^^^^^^^^^^^
> 10 | } from "@/components/marketing/hero/qr-code"
     | ^^^^^^^^^^^^^^^^^^^^^^^^^^^^^^^^^^^^^^^^^^^^
  11 | import { computeScoreTrend, formatDeltaAbs } from "@/lib/score-trend"
  12 | import { getPercentileLabel } from "@/lib/progress/gwth-score"
  13 | import { cn } from "@/lib/utils"

The export DEMO_VERIFY_URL was not found in module [project]/src/components/marketing/hero/qr-code.tsx [app-ssr] (ecmascript).
Did you mean to import DEMO_SCORE_URL?
All exports of the module are statically known (It doesn't have dynamic exports). So it's known statically that the requested export doesn't exist.

Import traces:
  Client Component Browser:
    ./src/components/marketing/hero/hero-device.tsx [Client Component Browser]
    ./src/components/marketing/redesign/palette-explorer.tsx [Client Component Browser]
    ./src/components/marketing/redesign/palette-explorer.tsx [Server Component]
    ./src/app/redesign_v2/page.tsx [Server Component]

  Client Component SSR:
    ./src/components/marketing/hero/hero-device.tsx [Client Component SSR]
    ./src/components/marketing/redesign/palette-explorer.tsx [Client Component SSR]
    ./src/components/marketing/redesign/palette-explorer.tsx [Server Component]
    ./src/app/redesign_v2/page.tsx [Server Component] @ http://localhost:3000/_next/static/chunks/node_modules_next_dist_115brz8._.js:3272
[  347178ms] [ERROR] ./src/components/marketing/hero/hero-device.tsx:6:1
Export DEMO_VERIFY_URL_DISPLAY doesn't exist in target module
   4 | import { ScoreExplainer } from "@/components/marketing/score-explainer/score-explainer"
   5 | import { EXAMPLE_SCORE_HISTORY } from "@/components/marketing/score-vis/example-data"
>  6 | import {
     | ^^^^^^^
>  7 |   QrCode,
     | ^^^^^^^^^
>  8 |   DEMO_VERIFY_URL,
     | ^^^^^^^^^^^^^^^^^^
>  9 |   DEMO_VERIFY_URL_DISPLAY,
     | ^^^^^^^^^^^^^^^^^^^^^^^^^^
> 10 | } from "@/components/marketing/hero/qr-code"
     | ^^^^^^^^^^^^^^^^^^^^^^^^^^^^^^^^^^^^^^^^^^^^
  11 | import { computeScoreTrend, formatDeltaAbs } from "@/lib/score-trend"
  12 | import { getPercentileLabel } from "@/lib/progress/gwth-score"
  13 | import { cn } from "@/lib/utils"

The export DEMO_VERIFY_URL_DISPLAY was not found in module [project]/src/components/marketing/hero/qr-code.tsx [app-client] (ecmascript).
Did you mean to import DEMO_SCORE_URL_DISPLAY?
All exports of the module are statically known (It doesn't have dynamic exports). So it's known statically that the requested export doesn't exist.

Import traces:
  Client Component Browser:
    ./src/components/marketing/hero/hero-device.tsx [Client Component Browser]
    ./src/components/marketing/redesign/palette-explorer.tsx [Client Component Browser]
    ./src/components/marketing/redesign/palette-explorer.tsx [Server Component]
    ./src/app/redesign_v2/page.tsx [Server Component]

  Client Component SSR:
    ./src/components/marketing/hero/hero-device.tsx [Client Component SSR]
    ./src/components/marketing/redesign/palette-explorer.tsx [Client Component SSR]
    ./src/components/marketing/redesign/palette-explorer.tsx [Server Component]
    ./src/app/redesign_v2/page.tsx [Server Component] @ http://localhost:3000/_next/static/chunks/node_modules_next_dist_115brz8._.js:3272
[  347178ms] [ERROR] ./src/components/marketing/hero/hero-device.tsx:6:1
Export DEMO_VERIFY_URL_DISPLAY doesn't exist in target module
   4 | import { ScoreExplainer } from "@/components/marketing/score-explainer/score-explainer"
   5 | import { EXAMPLE_SCORE_HISTORY } from "@/components/marketing/score-vis/example-data"
>  6 | import {
     | ^^^^^^^
>  7 |   QrCode,
     | ^^^^^^^^^
>  8 |   DEMO_VERIFY_URL,
     | ^^^^^^^^^^^^^^^^^^
>  9 |   DEMO_VERIFY_URL_DISPLAY,
     | ^^^^^^^^^^^^^^^^^^^^^^^^^^
> 10 | } from "@/components/marketing/hero/qr-code"
     | ^^^^^^^^^^^^^^^^^^^^^^^^^^^^^^^^^^^^^^^^^^^^
  11 | import { computeScoreTrend, formatDeltaAbs } from "@/lib/score-trend"
  12 | import { getPercentileLabel } from "@/lib/progress/gwth-score"
  13 | import { cn } from "@/lib/utils"

The export DEMO_VERIFY_URL_DISPLAY was not found in module [project]/src/components/marketing/hero/qr-code.tsx [app-ssr] (ecmascript).
Did you mean to import DEMO_SCORE_URL_DISPLAY?
All exports of the module are statically known (It doesn't have dynamic exports). So it's known statically that the requested export doesn't exist.

Import traces:
  Client Component Browser:
    ./src/components/marketing/hero/hero-device.tsx [Client Component Browser]
    ./src/components/marketing/redesign/palette-explorer.tsx [Client Component Browser]
    ./src/components/marketing/redesign/palette-explorer.tsx [Server Component]
    ./src/app/redesign_v2/page.tsx [Server Component]

  Client Component SSR:
    ./src/components/marketing/hero/hero-device.tsx [Client Component SSR]
    ./src/components/marketing/redesign/palette-explorer.tsx [Client Component SSR]
    ./src/components/marketing/redesign/palette-explorer.tsx [Server Component]
    ./src/app/redesign_v2/page.tsx [Server Component] @ http://localhost:3000/_next/static/chunks/node_modules_next_dist_115brz8._.js:3272
[  347518ms] [LOG] [Fast Refresh] rebuilding @ http://localhost:3000/_next/static/chunks/node_modules_next_dist_115brz8._.js:2431
[  348101ms] [ERROR] ./src/components/marketing/hero/hero-device.tsx:6:1
Export DEMO_VERIFY_URL doesn't exist in target module
   4 | import { ScoreExplainer } from "@/components/marketing/score-explainer/score-explainer"
   5 | import { EXAMPLE_SCORE_HISTORY } from "@/components/marketing/score-vis/example-data"
>  6 | import {
     | ^^^^^^^
>  7 |   QrCode,
     | ^^^^^^^^^
>  8 |   DEMO_VERIFY_URL,
     | ^^^^^^^^^^^^^^^^^^
>  9 |   DEMO_VERIFY_URL_DISPLAY,
     | ^^^^^^^^^^^^^^^^^^^^^^^^^^
> 10 | } from "@/components/marketing/hero/qr-code"
     | ^^^^^^^^^^^^^^^^^^^^^^^^^^^^^^^^^^^^^^^^^^^^
  11 | import { computeScoreTrend, formatDeltaAbs } from "@/lib/score-trend"
  12 | import { getPercentileLabel } from "@/lib/progress/gwth-score"
  13 | import { cn } from "@/lib/utils"

The export DEMO_VERIFY_URL was not found in module [project]/src/components/marketing/hero/qr-code.tsx [app-rsc] (ecmascript).
Did you mean to import DEMO_SCORE_URL?
All exports of the module are statically known (It doesn't have dynamic exports). So it's known statically that the requested export doesn't exist.

Import trace:
  Server Component:
    ./src/components/marketing/hero/hero-device.tsx
    ./src/components/marketing/editorial-homepage/editorial-homepage.tsx
    ./src/app/(public)/page.tsx @ http://localhost:3000/_next/static/chunks/node_modules_next_dist_115brz8._.js:3272
[  348102ms] [ERROR] ./src/components/marketing/hero/hero-device.tsx:6:1
Export DEMO_VERIFY_URL_DISPLAY doesn't exist in target module
   4 | import { ScoreExplainer } from "@/components/marketing/score-explainer/score-explainer"
   5 | import { EXAMPLE_SCORE_HISTORY } from "@/components/marketing/score-vis/example-data"
>  6 | import {
     | ^^^^^^^
>  7 |   QrCode,
     | ^^^^^^^^^
>  8 |   DEMO_VERIFY_URL,
     | ^^^^^^^^^^^^^^^^^^
>  9 |   DEMO_VERIFY_URL_DISPLAY,
     | ^^^^^^^^^^^^^^^^^^^^^^^^^^
> 10 | } from "@/components/marketing/hero/qr-code"
     | ^^^^^^^^^^^^^^^^^^^^^^^^^^^^^^^^^^^^^^^^^^^^
  11 | import { computeScoreTrend, formatDeltaAbs } from "@/lib/score-trend"
  12 | import { getPercentileLabel } from "@/lib/progress/gwth-score"
  13 | import { cn } from "@/lib/utils"

The export DEMO_VERIFY_URL_DISPLAY was not found in module [project]/src/components/marketing/hero/qr-code.tsx [app-rsc] (ecmascript).
Did you mean to import DEMO_SCORE_URL_DISPLAY?
All exports of the module are statically known (It doesn't have dynamic exports). So it's known statically that the requested export doesn't exist.

Import trace:
  Server Component:
    ./src/components/marketing/hero/hero-device.tsx
    ./src/components/marketing/editorial-homepage/editorial-homepage.tsx
    ./src/app/(public)/page.tsx @ http://localhost:3000/_next/static/chunks/node_modules_next_dist_115brz8._.js:3272
[  348102ms] [ERROR] ./src/components/marketing/hero/hero-device.tsx:6:1
Export DEMO_VERIFY_URL doesn't exist in target module
   4 | import { ScoreExplainer } from "@/components/marketing/score-explainer/score-explainer"
   5 | import { EXAMPLE_SCORE_HISTORY } from "@/components/marketing/score-vis/example-data"
>  6 | import {
     | ^^^^^^^
>  7 |   QrCode,
     | ^^^^^^^^^
>  8 |   DEMO_VERIFY_URL,
     | ^^^^^^^^^^^^^^^^^^
>  9 |   DEMO_VERIFY_URL_DISPLAY,
     | ^^^^^^^^^^^^^^^^^^^^^^^^^^
> 10 | } from "@/components/marketing/hero/qr-code"
     | ^^^^^^^^^^^^^^^^^^^^^^^^^^^^^^^^^^^^^^^^^^^^
  11 | import { computeScoreTrend, formatDeltaAbs } from "@/lib/score-trend"
  12 | import { getPercentileLabel } from "@/lib/progress/gwth-score"
  13 | import { cn } from "@/lib/utils"

The export DEMO_VERIFY_URL was not found in module [project]/src/components/marketing/hero/qr-code.tsx [app-client] (ecmascript).
Did you mean to import DEMO_SCORE_URL?
All exports of the module are statically known (It doesn't have dynamic exports). So it's known statically that the requested export doesn't exist.

Import traces:
  Client Component Browser:
    ./src/components/marketing/hero/hero-device.tsx [Client Component Browser]
    ./src/components/marketing/redesign/palette-explorer.tsx [Client Component Browser]
    ./src/components/marketing/redesign/palette-explorer.tsx [Server Component]
    ./src/app/redesign_v2/page.tsx [Server Component]

  Client Component SSR:
    ./src/components/marketing/hero/hero-device.tsx [Client Component SSR]
    ./src/components/marketing/redesign/palette-explorer.tsx [Client Component SSR]
    ./src/components/marketing/redesign/palette-explorer.tsx [Server Component]
    ./src/app/redesign_v2/page.tsx [Server Component] @ http://localhost:3000/_next/static/chunks/node_modules_next_dist_115brz8._.js:3272
[  348102ms] [ERROR] ./src/components/marketing/hero/hero-device.tsx:6:1
Export DEMO_VERIFY_URL doesn't exist in target module
   4 | import { ScoreExplainer } from "@/components/marketing/score-explainer/score-explainer"
   5 | import { EXAMPLE_SCORE_HISTORY } from "@/components/marketing/score-vis/example-data"
>  6 | import {
     | ^^^^^^^
>  7 |   QrCode,
     | ^^^^^^^^^
>  8 |   DEMO_VERIFY_URL,
     | ^^^^^^^^^^^^^^^^^^
>  9 |   DEMO_VERIFY_URL_DISPLAY,
     | ^^^^^^^^^^^^^^^^^^^^^^^^^^
> 10 | } from "@/components/marketing/hero/qr-code"
     | ^^^^^^^^^^^^^^^^^^^^^^^^^^^^^^^^^^^^^^^^^^^^
  11 | import { computeScoreTrend, formatDeltaAbs } from "@/lib/score-trend"
  12 | import { getPercentileLabel } from "@/lib/progress/gwth-score"
  13 | import { cn } from "@/lib/utils"

The export DEMO_VERIFY_URL was not found in module [project]/src/components/marketing/hero/qr-code.tsx [app-ssr] (ecmascript).
Did you mean to import DEMO_SCORE_URL?
All exports of the module are statically known (It doesn't have dynamic exports). So it's known statically that the requested export doesn't exist.

Import traces:
  Client Component Browser:
    ./src/components/marketing/hero/hero-device.tsx [Client Component Browser]
    ./src/components/marketing/redesign/palette-explorer.tsx [Client Component Browser]
    ./src/components/marketing/redesign/palette-explorer.tsx [Server Component]
    ./src/app/redesign_v2/page.tsx [Server Component]

  Client Component SSR:
    ./src/components/marketing/hero/hero-device.tsx [Client Component SSR]
    ./src/components/marketing/redesign/palette-explorer.tsx [Client Component SSR]
    ./src/components/marketing/redesign/palette-explorer.tsx [Server Component]
    ./src/app/redesign_v2/page.tsx [Server Component] @ http://localhost:3000/_next/static/chunks/node_modules_next_dist_115brz8._.js:3272
[  348103ms] [ERROR] ./src/components/marketing/hero/hero-device.tsx:6:1
Export DEMO_VERIFY_URL_DISPLAY doesn't exist in target module
   4 | import { ScoreExplainer } from "@/components/marketing/score-explainer/score-explainer"
   5 | import { EXAMPLE_SCORE_HISTORY } from "@/components/marketing/score-vis/example-data"
>  6 | import {
     | ^^^^^^^
>  7 |   QrCode,
     | ^^^^^^^^^
>  8 |   DEMO_VERIFY_URL,
     | ^^^^^^^^^^^^^^^^^^
>  9 |   DEMO_VERIFY_URL_DISPLAY,
     | ^^^^^^^^^^^^^^^^^^^^^^^^^^
> 10 | } from "@/components/marketing/hero/qr-code"
     | ^^^^^^^^^^^^^^^^^^^^^^^^^^^^^^^^^^^^^^^^^^^^
  11 | import { computeScoreTrend, formatDeltaAbs } from "@/lib/score-trend"
  12 | import { getPercentileLabel } from "@/lib/progress/gwth-score"
  13 | import { cn } from "@/lib/utils"

The export DEMO_VERIFY_URL_DISPLAY was not found in module [project]/src/components/marketing/hero/qr-code.tsx [app-client] (ecmascript).
Did you mean to import DEMO_SCORE_URL_DISPLAY?
All exports of the module are statically known (It doesn't have dynamic exports). So it's known statically that the requested export doesn't exist.

Import traces:
  Client Component Browser:
    ./src/components/marketing/hero/hero-device.tsx [Client Component Browser]
    ./src/components/marketing/redesign/palette-explorer.tsx [Client Component Browser]
    ./src/components/marketing/redesign/palette-explorer.tsx [Server Component]
    ./src/app/redesign_v2/page.tsx [Server Component]

  Client Component SSR:
    ./src/components/marketing/hero/hero-device.tsx [Client Component SSR]
    ./src/components/marketing/redesign/palette-explorer.tsx [Client Component SSR]
    ./src/components/marketing/redesign/palette-explorer.tsx [Server Component]
    ./src/app/redesign_v2/page.tsx [Server Component] @ http://localhost:3000/_next/static/chunks/node_modules_next_dist_115brz8._.js:3272
[  348104ms] [ERROR] ./src/components/marketing/hero/hero-device.tsx:6:1
Export DEMO_VERIFY_URL_DISPLAY doesn't exist in target module
   4 | import { ScoreExplainer } from "@/components/marketing/score-explainer/score-explainer"
   5 | import { EXAMPLE_SCORE_HISTORY } from "@/components/marketing/score-vis/example-data"
>  6 | import {
     | ^^^^^^^
>  7 |   QrCode,
     | ^^^^^^^^^
>  8 |   DEMO_VERIFY_URL,
     | ^^^^^^^^^^^^^^^^^^
>  9 |   DEMO_VERIFY_URL_DISPLAY,
     | ^^^^^^^^^^^^^^^^^^^^^^^^^^
> 10 | } from "@/components/marketing/hero/qr-code"
     | ^^^^^^^^^^^^^^^^^^^^^^^^^^^^^^^^^^^^^^^^^^^^
  11 | import { computeScoreTrend, formatDeltaAbs } from "@/lib/score-trend"
  12 | import { getPercentileLabel } from "@/lib/progress/gwth-score"
  13 | import { cn } from "@/lib/utils"

The export DEMO_VERIFY_URL_DISPLAY was not found in module [project]/src/components/marketing/hero/qr-code.tsx [app-ssr] (ecmascript).
Did you mean to import DEMO_SCORE_URL_DISPLAY?
All exports of the module are statically known (It doesn't have dynamic exports). So it's known statically that the requested export doesn't exist.

Import traces:
  Client Component Browser:
    ./src/components/marketing/hero/hero-device.tsx [Client Component Browser]
    ./src/components/marketing/redesign/palette-explorer.tsx [Client Component Browser]
    ./src/components/marketing/redesign/palette-explorer.tsx [Server Component]
    ./src/app/redesign_v2/page.tsx [Server Component]

  Client Component SSR:
    ./src/components/marketing/hero/hero-device.tsx [Client Component SSR]
    ./src/components/marketing/redesign/palette-explorer.tsx [Client Component SSR]
    ./src/components/marketing/redesign/palette-explorer.tsx [Server Component]
    ./src/app/redesign_v2/page.tsx [Server Component] @ http://localhost:3000/_next/static/chunks/node_modules_next_dist_115brz8._.js:3272
[  348202ms] [ERROR] ./src/components/marketing/hero/hero-device.tsx:6:1
Export DEMO_VERIFY_URL doesn't exist in target module
   4 | import { ScoreExplainer } from "@/components/marketing/score-explainer/score-explainer"
   5 | import { EXAMPLE_SCORE_HISTORY } from "@/components/marketing/score-vis/example-data"
>  6 | import {
     | ^^^^^^^
>  7 |   QrCode,
     | ^^^^^^^^^
>  8 |   DEMO_VERIFY_URL,
     | ^^^^^^^^^^^^^^^^^^
>  9 |   DEMO_VERIFY_URL_DISPLAY,
     | ^^^^^^^^^^^^^^^^^^^^^^^^^^
> 10 | } from "@/components/marketing/hero/qr-code"
     | ^^^^^^^^^^^^^^^^^^^^^^^^^^^^^^^^^^^^^^^^^^^^
  11 | import { computeScoreTrend, formatDeltaAbs } from "@/lib/score-trend"
  12 | import { getPercentileLabel } from "@/lib/progress/gwth-score"
  13 | import { cn } from "@/lib/utils"

The export DEMO_VERIFY_URL was not found in module [project]/src/components/marketing/hero/qr-code.tsx [app-rsc] (ecmascript).
Did you mean to import DEMO_SCORE_URL?
All exports of the module are statically known (It doesn't have dynamic exports). So it's known statically that the requested export doesn't exist.

Import trace:
  Server Component:
    ./src/components/marketing/hero/hero-device.tsx
    ./src/components/marketing/editorial-homepage/editorial-homepage.tsx
    ./src/app/(public)/page.tsx @ http://localhost:3000/_next/static/chunks/node_modules_next_dist_115brz8._.js:3272
[  348203ms] [ERROR] ./src/components/marketing/hero/hero-device.tsx:6:1
Export DEMO_VERIFY_URL_DISPLAY doesn't exist in target module
   4 | import { ScoreExplainer } from "@/components/marketing/score-explainer/score-explainer"
   5 | import { EXAMPLE_SCORE_HISTORY } from "@/components/marketing/score-vis/example-data"
>  6 | import {
     | ^^^^^^^
>  7 |   QrCode,
     | ^^^^^^^^^
>  8 |   DEMO_VERIFY_URL,
     | ^^^^^^^^^^^^^^^^^^
>  9 |   DEMO_VERIFY_URL_DISPLAY,
     | ^^^^^^^^^^^^^^^^^^^^^^^^^^
> 10 | } from "@/components/marketing/hero/qr-code"
     | ^^^^^^^^^^^^^^^^^^^^^^^^^^^^^^^^^^^^^^^^^^^^
  11 | import { computeScoreTrend, formatDeltaAbs } from "@/lib/score-trend"
  12 | import { getPercentileLabel } from "@/lib/progress/gwth-score"
  13 | import { cn } from "@/lib/utils"

The export DEMO_VERIFY_URL_DISPLAY was not found in module [project]/src/components/marketing/hero/qr-code.tsx [app-rsc] (ecmascript).
Did you mean to import DEMO_SCORE_URL_DISPLAY?
All exports of the module are statically known (It doesn't have dynamic exports). So it's known statically that the requested export doesn't exist.

Import trace:
  Server Component:
    ./src/components/marketing/hero/hero-device.tsx
    ./src/components/marketing/editorial-homepage/editorial-homepage.tsx
    ./src/app/(public)/page.tsx @ http://localhost:3000/_next/static/chunks/node_modules_next_dist_115brz8._.js:3272
[  348203ms] [ERROR] ./src/components/marketing/hero/hero-device.tsx:6:1
Export DEMO_VERIFY_URL doesn't exist in target module
   4 | import { ScoreExplainer } from "@/components/marketing/score-explainer/score-explainer"
   5 | import { EXAMPLE_SCORE_HISTORY } from "@/components/marketing/score-vis/example-data"
>  6 | import {
     | ^^^^^^^
>  7 |   QrCode,
     | ^^^^^^^^^
>  8 |   DEMO_VERIFY_URL,
     | ^^^^^^^^^^^^^^^^^^
>  9 |   DEMO_VERIFY_URL_DISPLAY,
     | ^^^^^^^^^^^^^^^^^^^^^^^^^^
> 10 | } from "@/components/marketing/hero/qr-code"
     | ^^^^^^^^^^^^^^^^^^^^^^^^^^^^^^^^^^^^^^^^^^^^
  11 | import { computeScoreTrend, formatDeltaAbs } from "@/lib/score-trend"
  12 | import { getPercentileLabel } from "@/lib/progress/gwth-score"
  13 | import { cn } from "@/lib/utils"

The export DEMO_VERIFY_URL was not found in module [project]/src/components/marketing/hero/qr-code.tsx [app-client] (ecmascript).
Did you mean to import DEMO_SCORE_URL?
All exports of the module are statically known (It doesn't have dynamic exports). So it's known statically that the requested export doesn't exist.

Import traces:
  Client Component Browser:
    ./src/components/marketing/hero/hero-device.tsx [Client Component Browser]
    ./src/components/marketing/redesign/palette-explorer.tsx [Client Component Browser]
    ./src/components/marketing/redesign/palette-explorer.tsx [Server Component]
    ./src/app/redesign_v2/page.tsx [Server Component]

  Client Component SSR:
    ./src/components/marketing/hero/hero-device.tsx [Client Component SSR]
    ./src/components/marketing/redesign/palette-explorer.tsx [Client Component SSR]
    ./src/components/marketing/redesign/palette-explorer.tsx [Server Component]
    ./src/app/redesign_v2/page.tsx [Server Component] @ http://localhost:3000/_next/static/chunks/node_modules_next_dist_115brz8._.js:3272
[  348204ms] [ERROR] ./src/components/marketing/hero/hero-device.tsx:6:1
Export DEMO_VERIFY_URL doesn't exist in target module
   4 | import { ScoreExplainer } from "@/components/marketing/score-explainer/score-explainer"
   5 | import { EXAMPLE_SCORE_HISTORY } from "@/components/marketing/score-vis/example-data"
>  6 | import {
     | ^^^^^^^
>  7 |   QrCode,
     | ^^^^^^^^^
>  8 |   DEMO_VERIFY_URL,
     | ^^^^^^^^^^^^^^^^^^
>  9 |   DEMO_VERIFY_URL_DISPLAY,
     | ^^^^^^^^^^^^^^^^^^^^^^^^^^
> 10 | } from "@/components/marketing/hero/qr-code"
     | ^^^^^^^^^^^^^^^^^^^^^^^^^^^^^^^^^^^^^^^^^^^^
  11 | import { computeScoreTrend, formatDeltaAbs } from "@/lib/score-trend"
  12 | import { getPercentileLabel } from "@/lib/progress/gwth-score"
  13 | import { cn } from "@/lib/utils"

The export DEMO_VERIFY_URL was not found in module [project]/src/components/marketing/hero/qr-code.tsx [app-ssr] (ecmascript).
Did you mean to import DEMO_SCORE_URL?
All exports of the module are statically known (It doesn't have dynamic exports). So it's known statically that the requested export doesn't exist.

Import traces:
  Client Component Browser:
    ./src/components/marketing/hero/hero-device.tsx [Client Component Browser]
    ./src/components/marketing/redesign/palette-explorer.tsx [Client Component Browser]
    ./src/components/marketing/redesign/palette-explorer.tsx [Server Component]
    ./src/app/redesign_v2/page.tsx [Server Component]

  Client Component SSR:
    ./src/components/marketing/hero/hero-device.tsx [Client Component SSR]
    ./src/components/marketing/redesign/palette-explorer.tsx [Client Component SSR]
    ./src/components/marketing/redesign/palette-explorer.tsx [Server Component]
    ./src/app/redesign_v2/page.tsx [Server Component] @ http://localhost:3000/_next/static/chunks/node_modules_next_dist_115brz8._.js:3272
[  348204ms] [ERROR] ./src/components/marketing/hero/hero-device.tsx:6:1
Export DEMO_VERIFY_URL_DISPLAY doesn't exist in target module
   4 | import { ScoreExplainer } from "@/components/marketing/score-explainer/score-explainer"
   5 | import { EXAMPLE_SCORE_HISTORY } from "@/components/marketing/score-vis/example-data"
>  6 | import {
     | ^^^^^^^
>  7 |   QrCode,
     | ^^^^^^^^^
>  8 |   DEMO_VERIFY_URL,
     | ^^^^^^^^^^^^^^^^^^
>  9 |   DEMO_VERIFY_URL_DISPLAY,
     | ^^^^^^^^^^^^^^^^^^^^^^^^^^
> 10 | } from "@/components/marketing/hero/qr-code"
     | ^^^^^^^^^^^^^^^^^^^^^^^^^^^^^^^^^^^^^^^^^^^^
  11 | import { computeScoreTrend, formatDeltaAbs } from "@/lib/score-trend"
  12 | import { getPercentileLabel } from "@/lib/progress/gwth-score"
  13 | import { cn } from "@/lib/utils"

The export DEMO_VERIFY_URL_DISPLAY was not found in module [project]/src/components/marketing/hero/qr-code.tsx [app-client] (ecmascript).
Did you mean to import DEMO_SCORE_URL_DISPLAY?
All exports of the module are statically known (It doesn't have dynamic exports). So it's known statically that the requested export doesn't exist.

Import traces:
  Client Component Browser:
    ./src/components/marketing/hero/hero-device.tsx [Client Component Browser]
    ./src/components/marketing/redesign/palette-explorer.tsx [Client Component Browser]
    ./src/components/marketing/redesign/palette-explorer.tsx [Server Component]
    ./src/app/redesign_v2/page.tsx [Server Component]

  Client Component SSR:
    ./src/components/marketing/hero/hero-device.tsx [Client Component SSR]
    ./src/components/marketing/redesign/palette-explorer.tsx [Client Component SSR]
    ./src/components/marketing/redesign/palette-explorer.tsx [Server Component]
    ./src/app/redesign_v2/page.tsx [Server Component] @ http://localhost:3000/_next/static/chunks/node_modules_next_dist_115brz8._.js:3272
[  348205ms] [ERROR] ./src/components/marketing/hero/hero-device.tsx:6:1
Export DEMO_VERIFY_URL_DISPLAY doesn't exist in target module
   4 | import { ScoreExplainer } from "@/components/marketing/score-explainer/score-explainer"
   5 | import { EXAMPLE_SCORE_HISTORY } from "@/components/marketing/score-vis/example-data"
>  6 | import {
     | ^^^^^^^
>  7 |   QrCode,
     | ^^^^^^^^^
>  8 |   DEMO_VERIFY_URL,
     | ^^^^^^^^^^^^^^^^^^
>  9 |   DEMO_VERIFY_URL_DISPLAY,
     | ^^^^^^^^^^^^^^^^^^^^^^^^^^
> 10 | } from "@/components/marketing/hero/qr-code"
     | ^^^^^^^^^^^^^^^^^^^^^^^^^^^^^^^^^^^^^^^^^^^^
  11 | import { computeScoreTrend, formatDeltaAbs } from "@/lib/score-trend"
  12 | import { getPercentileLabel } from "@/lib/progress/gwth-score"
  13 | import { cn } from "@/lib/utils"

The export DEMO_VERIFY_URL_DISPLAY was not found in module [project]/src/components/marketing/hero/qr-code.tsx [app-ssr] (ecmascript).
Did you mean to import DEMO_SCORE_URL_DISPLAY?
All exports of the module are statically known (It doesn't have dynamic exports). So it's known statically that the requested export doesn't exist.

Import traces:
  Client Component Browser:
    ./src/components/marketing/hero/hero-device.tsx [Client Component Browser]
    ./src/components/marketing/redesign/palette-explorer.tsx [Client Component Browser]
    ./src/components/marketing/redesign/palette-explorer.tsx [Server Component]
    ./src/app/redesign_v2/page.tsx [Server Component]

  Client Component SSR:
    ./src/components/marketing/hero/hero-device.tsx [Client Component SSR]
    ./src/components/marketing/redesign/palette-explorer.tsx [Client Component SSR]
    ./src/components/marketing/redesign/palette-explorer.tsx [Server Component]
    ./src/app/redesign_v2/page.tsx [Server Component] @ http://localhost:3000/_next/static/chunks/node_modules_next_dist_115brz8._.js:3272
[  348324ms] [LOG] [Fast Refresh] rebuilding @ http://localhost:3000/_next/static/chunks/node_modules_next_dist_115brz8._.js:2431
[  352061ms] [ERROR] Failed to load resource: the server responded with a status of 500 (Internal Server Error) @ http://localhost:3000/?_rsc=1inat:0
[  352098ms] [ERROR] ./src/components/marketing/hero/hero-device.tsx:6:1
Export DEMO_VERIFY_URL doesn't exist in target module
   4 | import { ScoreExplainer } from "@/components/marketing/score-explainer/score-explainer"
   5 | import { EXAMPLE_SCORE_HISTORY } from "@/components/marketing/score-vis/example-data"
>  6 | import {
     | ^^^^^^^
>  7 |   QrCode,
     | ^^^^^^^^^
>  8 |   DEMO_VERIFY_URL,
     | ^^^^^^^^^^^^^^^^^^
>  9 |   DEMO_VERIFY_URL_DISPLAY,
     | ^^^^^^^^^^^^^^^^^^^^^^^^^^
> 10 | } from "@/components/marketing/hero/qr-code"
     | ^^^^^^^^^^^^^^^^^^^^^^^^^^^^^^^^^^^^^^^^^^^^
  11 | import { computeScoreTrend, formatDeltaAbs } from "@/lib/score-trend"
  12 | import { getPercentileLabel } from "@/lib/progress/gwth-score"
  13 | import { cn } from "@/lib/utils"

The export DEMO_VERIFY_URL was not found in module [project]/src/components/marketing/hero/qr-code.tsx [app-rsc] (ecmascript).
Did you mean to import DEMO_SCORE_URL?
All exports of the module are statically known (It doesn't have dynamic exports). So it's known statically that the requested export doesn't exist.

Import trace:
  Server Component:
    ./src/components/marketing/hero/hero-device.tsx
    ./src/components/marketing/editorial-homepage/editorial-homepage.tsx
    ./src/app/(public)/page.tsx @ http://localhost:3000/_next/static/chunks/node_modules_next_dist_115brz8._.js:3272
[  352098ms] [ERROR] ./src/components/marketing/hero/hero-device.tsx:6:1
Export DEMO_VERIFY_URL_DISPLAY doesn't exist in target module
   4 | import { ScoreExplainer } from "@/components/marketing/score-explainer/score-explainer"
   5 | import { EXAMPLE_SCORE_HISTORY } from "@/components/marketing/score-vis/example-data"
>  6 | import {
     | ^^^^^^^
>  7 |   QrCode,
     | ^^^^^^^^^
>  8 |   DEMO_VERIFY_URL,
     | ^^^^^^^^^^^^^^^^^^
>  9 |   DEMO_VERIFY_URL_DISPLAY,
     | ^^^^^^^^^^^^^^^^^^^^^^^^^^
> 10 | } from "@/components/marketing/hero/qr-code"
     | ^^^^^^^^^^^^^^^^^^^^^^^^^^^^^^^^^^^^^^^^^^^^
  11 | import { computeScoreTrend, formatDeltaAbs } from "@/lib/score-trend"
  12 | import { getPercentileLabel } from "@/lib/progress/gwth-score"
  13 | import { cn } from "@/lib/utils"

The export DEMO_VERIFY_URL_DISPLAY was not found in module [project]/src/components/marketing/hero/qr-code.tsx [app-rsc] (ecmascript).
Did you mean to import DEMO_SCORE_URL_DISPLAY?
All exports of the module are statically known (It doesn't have dynamic exports). So it's known statically that the requested export doesn't exist.

Import trace:
  Server Component:
    ./src/components/marketing/hero/hero-device.tsx
    ./src/components/marketing/editorial-homepage/editorial-homepage.tsx
    ./src/app/(public)/page.tsx @ http://localhost:3000/_next/static/chunks/node_modules_next_dist_115brz8._.js:3272
[  352098ms] [ERROR] ./src/components/marketing/hero/hero-device.tsx:6:1
Export DEMO_VERIFY_URL doesn't exist in target module
   4 | import { ScoreExplainer } from "@/components/marketing/score-explainer/score-explainer"
   5 | import { EXAMPLE_SCORE_HISTORY } from "@/components/marketing/score-vis/example-data"
>  6 | import {
     | ^^^^^^^
>  7 |   QrCode,
     | ^^^^^^^^^
>  8 |   DEMO_VERIFY_URL,
     | ^^^^^^^^^^^^^^^^^^
>  9 |   DEMO_VERIFY_URL_DISPLAY,
     | ^^^^^^^^^^^^^^^^^^^^^^^^^^
> 10 | } from "@/components/marketing/hero/qr-code"
     | ^^^^^^^^^^^^^^^^^^^^^^^^^^^^^^^^^^^^^^^^^^^^
  11 | import { computeScoreTrend, formatDeltaAbs } from "@/lib/score-trend"
  12 | import { getPercentileLabel } from "@/lib/progress/gwth-score"
  13 | import { cn } from "@/lib/utils"

The export DEMO_VERIFY_URL was not found in module [project]/src/components/marketing/hero/qr-code.tsx [app-client] (ecmascript).
Did you mean to import DEMO_SCORE_URL?
All exports of the module are statically known (It doesn't have dynamic exports). So it's known statically that the requested export doesn't exist.

Import traces:
  Client Component Browser:
    ./src/components/marketing/hero/hero-device.tsx [Client Component Browser]
    ./src/components/marketing/redesign/palette-explorer.tsx [Client Component Browser]
    ./src/components/marketing/redesign/palette-explorer.tsx [Server Component]
    ./src/app/redesign_v2/page.tsx [Server Component]

  Client Component SSR:
    ./src/components/marketing/hero/hero-device.tsx [Client Component SSR]
    ./src/components/marketing/redesign/palette-explorer.tsx [Client Component SSR]
    ./src/components/marketing/redesign/palette-explorer.tsx [Server Component]
    ./src/app/redesign_v2/page.tsx [Server Component] @ http://localhost:3000/_next/static/chunks/node_modules_next_dist_115brz8._.js:3272
[  352099ms] [ERROR] ./src/components/marketing/hero/hero-device.tsx:6:1
Export DEMO_VERIFY_URL doesn't exist in target module
   4 | import { ScoreExplainer } from "@/components/marketing/score-explainer/score-explainer"
   5 | import { EXAMPLE_SCORE_HISTORY } from "@/components/marketing/score-vis/example-data"
>  6 | import {
     | ^^^^^^^
>  7 |   QrCode,
     | ^^^^^^^^^
>  8 |   DEMO_VERIFY_URL,
     | ^^^^^^^^^^^^^^^^^^
>  9 |   DEMO_VERIFY_URL_DISPLAY,
     | ^^^^^^^^^^^^^^^^^^^^^^^^^^
> 10 | } from "@/components/marketing/hero/qr-code"
     | ^^^^^^^^^^^^^^^^^^^^^^^^^^^^^^^^^^^^^^^^^^^^
  11 | import { computeScoreTrend, formatDeltaAbs } from "@/lib/score-trend"
  12 | import { getPercentileLabel } from "@/lib/progress/gwth-score"
  13 | import { cn } from "@/lib/utils"

The export DEMO_VERIFY_URL was not found in module [project]/src/components/marketing/hero/qr-code.tsx [app-ssr] (ecmascript).
Did you mean to import DEMO_SCORE_URL?
All exports of the module are statically known (It doesn't have dynamic exports). So it's known statically that the requested export doesn't exist.

Import traces:
  Client Component Browser:
    ./src/components/marketing/hero/hero-device.tsx [Client Component Browser]
    ./src/components/marketing/redesign/palette-explorer.tsx [Client Component Browser]
    ./src/components/marketing/redesign/palette-explorer.tsx [Server Component]
    ./src/app/redesign_v2/page.tsx [Server Component]

  Client Component SSR:
    ./src/components/marketing/hero/hero-device.tsx [Client Component SSR]
    ./src/components/marketing/redesign/palette-explorer.tsx [Client Component SSR]
    ./src/components/marketing/redesign/palette-explorer.tsx [Server Component]
    ./src/app/redesign_v2/page.tsx [Server Component] @ http://localhost:3000/_next/static/chunks/node_modules_next_dist_115brz8._.js:3272
[  352099ms] [ERROR] ./src/components/marketing/hero/hero-device.tsx:6:1
Export DEMO_VERIFY_URL_DISPLAY doesn't exist in target module
   4 | import { ScoreExplainer } from "@/components/marketing/score-explainer/score-explainer"
   5 | import { EXAMPLE_SCORE_HISTORY } from "@/components/marketing/score-vis/example-data"
>  6 | import {
     | ^^^^^^^
>  7 |   QrCode,
     | ^^^^^^^^^
>  8 |   DEMO_VERIFY_URL,
     | ^^^^^^^^^^^^^^^^^^
>  9 |   DEMO_VERIFY_URL_DISPLAY,
     | ^^^^^^^^^^^^^^^^^^^^^^^^^^
> 10 | } from "@/components/marketing/hero/qr-code"
     | ^^^^^^^^^^^^^^^^^^^^^^^^^^^^^^^^^^^^^^^^^^^^
  11 | import { computeScoreTrend, formatDeltaAbs } from "@/lib/score-trend"
  12 | import { getPercentileLabel } from "@/lib/progress/gwth-score"
  13 | import { cn } from "@/lib/utils"

The export DEMO_VERIFY_URL_DISPLAY was not found in module [project]/src/components/marketing/hero/qr-code.tsx [app-client] (ecmascript).
Did you mean to import DEMO_SCORE_URL_DISPLAY?
All exports of the module are statically known (It doesn't have dynamic exports). So it's known statically that the requested export doesn't exist.

Import traces:
  Client Component Browser:
    ./src/components/marketing/hero/hero-device.tsx [Client Component Browser]
    ./src/components/marketing/redesign/palette-explorer.tsx [Client Component Browser]
    ./src/components/marketing/redesign/palette-explorer.tsx [Server Component]
    ./src/app/redesign_v2/page.tsx [Server Component]

  Client Component SSR:
    ./src/components/marketing/hero/hero-device.tsx [Client Component SSR]
    ./src/components/marketing/redesign/palette-explorer.tsx [Client Component SSR]
    ./src/components/marketing/redesign/palette-explorer.tsx [Server Component]
    ./src/app/redesign_v2/page.tsx [Server Component] @ http://localhost:3000/_next/static/chunks/node_modules_next_dist_115brz8._.js:3272
[  352099ms] [ERROR] ./src/components/marketing/hero/hero-device.tsx:6:1
Export DEMO_VERIFY_URL_DISPLAY doesn't exist in target module
   4 | import { ScoreExplainer } from "@/components/marketing/score-explainer/score-explainer"
   5 | import { EXAMPLE_SCORE_HISTORY } from "@/components/marketing/score-vis/example-data"
>  6 | import {
     | ^^^^^^^
>  7 |   QrCode,
     | ^^^^^^^^^
>  8 |   DEMO_VERIFY_URL,
     | ^^^^^^^^^^^^^^^^^^
>  9 |   DEMO_VERIFY_URL_DISPLAY,
     | ^^^^^^^^^^^^^^^^^^^^^^^^^^
> 10 | } from "@/components/marketing/hero/qr-code"
     | ^^^^^^^^^^^^^^^^^^^^^^^^^^^^^^^^^^^^^^^^^^^^
  11 | import { computeScoreTrend, formatDeltaAbs } from "@/lib/score-trend"
  12 | import { getPercentileLabel } from "@/lib/progress/gwth-score"
  13 | import { cn } from "@/lib/utils"

The export DEMO_VERIFY_URL_DISPLAY was not found in module [project]/src/components/marketing/hero/qr-code.tsx [app-ssr] (ecmascript).
Did you mean to import DEMO_SCORE_URL_DISPLAY?
All exports of the module are statically known (It doesn't have dynamic exports). So it's known statically that the requested export doesn't exist.

Import traces:
  Client Component Browser:
    ./src/components/marketing/hero/hero-device.tsx [Client Component Browser]
    ./src/components/marketing/redesign/palette-explorer.tsx [Client Component Browser]
    ./src/components/marketing/redesign/palette-explorer.tsx [Server Component]
    ./src/app/redesign_v2/page.tsx [Server Component]

  Client Component SSR:
    ./src/components/marketing/hero/hero-device.tsx [Client Component SSR]
    ./src/components/marketing/redesign/palette-explorer.tsx [Client Component SSR]
    ./src/components/marketing/redesign/palette-explorer.tsx [Server Component]
    ./src/app/redesign_v2/page.tsx [Server Component] @ http://localhost:3000/_next/static/chunks/node_modules_next_dist_115brz8._.js:3272
[  352238ms] [LOG] %c[Web Vital] INP: 296ms (needs-improvement) color: orange; font-weight: bold @ http://localhost:3000/_next/static/chunks/node_modules_next_dist_115brz8._.js:2431
[  352239ms] [LOG] %c[Web Vital] CLS: 0ms (good) color: green; font-weight: bold @ http://localhost:3000/_next/static/chunks/node_modules_next_dist_115brz8._.js:2431
[  352588ms] [INFO] %cDownload the React DevTools for a better development experience: https://react.dev/link/react-devtools font-weight:bold @ http://localhost:3000/_next/static/chunks/node_modules_next_dist_115brz8._.js:2431
[  353139ms] [LOG] [HMR] connected @ http://localhost:3000/_next/static/chunks/node_modules_next_dist_115brz8._.js:2431
[  353345ms] [ERROR] ./src/components/marketing/hero/hero-device.tsx:6:1
Export DEMO_VERIFY_URL doesn't exist in target module
   4 | import { ScoreExplainer } from "@/components/marketing/score-explainer/score-explainer"
   5 | import { EXAMPLE_SCORE_HISTORY } from "@/components/marketing/score-vis/example-data"
>  6 | import {
     | ^^^^^^^
>  7 |   QrCode,
     | ^^^^^^^^^
>  8 |   DEMO_VERIFY_URL,
     | ^^^^^^^^^^^^^^^^^^
>  9 |   DEMO_VERIFY_URL_DISPLAY,
     | ^^^^^^^^^^^^^^^^^^^^^^^^^^
> 10 | } from "@/components/marketing/hero/qr-code"
     | ^^^^^^^^^^^^^^^^^^^^^^^^^^^^^^^^^^^^^^^^^^^^
  11 | import { computeScoreTrend, formatDeltaAbs } from "@/lib/score-trend"
  12 | import { getPercentileLabel } from "@/lib/progress/gwth-score"
  13 | import { cn } from "@/lib/utils"

The export DEMO_VERIFY_URL was not found in module [project]/src/components/marketing/hero/qr-code.tsx [app-rsc] (ecmascript).
Did you mean to import DEMO_SCORE_URL?
All exports of the module are statically known (It doesn't have dynamic exports). So it's known statically that the requested export doesn't exist.

Import trace:
  Server Component:
    ./src/components/marketing/hero/hero-device.tsx
    ./src/components/marketing/editorial-homepage/editorial-homepage.tsx
    ./src/app/(public)/page.tsx @ http://localhost:3000/_next/static/chunks/node_modules_next_dist_115brz8._.js:3272
[  353346ms] [ERROR] ./src/components/marketing/hero/hero-device.tsx:6:1
Export DEMO_VERIFY_URL_DISPLAY doesn't exist in target module
   4 | import { ScoreExplainer } from "@/components/marketing/score-explainer/score-explainer"
   5 | import { EXAMPLE_SCORE_HISTORY } from "@/components/marketing/score-vis/example-data"
>  6 | import {
     | ^^^^^^^
>  7 |   QrCode,
     | ^^^^^^^^^
>  8 |   DEMO_VERIFY_URL,
     | ^^^^^^^^^^^^^^^^^^
>  9 |   DEMO_VERIFY_URL_DISPLAY,
     | ^^^^^^^^^^^^^^^^^^^^^^^^^^
> 10 | } from "@/components/marketing/hero/qr-code"
     | ^^^^^^^^^^^^^^^^^^^^^^^^^^^^^^^^^^^^^^^^^^^^
  11 | import { computeScoreTrend, formatDeltaAbs } from "@/lib/score-trend"
  12 | import { getPercentileLabel } from "@/lib/progress/gwth-score"
  13 | import { cn } from "@/lib/utils"

The export DEMO_VERIFY_URL_DISPLAY was not found in module [project]/src/components/marketing/hero/qr-code.tsx [app-rsc] (ecmascript).
Did you mean to import DEMO_SCORE_URL_DISPLAY?
All exports of the module are statically known (It doesn't have dynamic exports). So it's known statically that the requested export doesn't exist.

Import trace:
  Server Component:
    ./src/components/marketing/hero/hero-device.tsx
    ./src/components/marketing/editorial-homepage/editorial-homepage.tsx
    ./src/app/(public)/page.tsx @ http://localhost:3000/_next/static/chunks/node_modules_next_dist_115brz8._.js:3272
[  353346ms] [ERROR] ./src/components/marketing/hero/hero-device.tsx:6:1
Export DEMO_VERIFY_URL doesn't exist in target module
   4 | import { ScoreExplainer } from "@/components/marketing/score-explainer/score-explainer"
   5 | import { EXAMPLE_SCORE_HISTORY } from "@/components/marketing/score-vis/example-data"
>  6 | import {
     | ^^^^^^^
>  7 |   QrCode,
     | ^^^^^^^^^
>  8 |   DEMO_VERIFY_URL,
     | ^^^^^^^^^^^^^^^^^^
>  9 |   DEMO_VERIFY_URL_DISPLAY,
     | ^^^^^^^^^^^^^^^^^^^^^^^^^^
> 10 | } from "@/components/marketing/hero/qr-code"
     | ^^^^^^^^^^^^^^^^^^^^^^^^^^^^^^^^^^^^^^^^^^^^
  11 | import { computeScoreTrend, formatDeltaAbs } from "@/lib/score-trend"
  12 | import { getPercentileLabel } from "@/lib/progress/gwth-score"
  13 | import { cn } from "@/lib/utils"

The export DEMO_VERIFY_URL was not found in module [project]/src/components/marketing/hero/qr-code.tsx [app-client] (ecmascript).
Did you mean to import DEMO_SCORE_URL?
All exports of the module are statically known (It doesn't have dynamic exports). So it's known statically that the requested export doesn't exist.

Import traces:
  Client Component Browser:
    ./src/components/marketing/hero/hero-device.tsx [Client Component Browser]
    ./src/components/marketing/redesign/palette-explorer.tsx [Client Component Browser]
    ./src/components/marketing/redesign/palette-explorer.tsx [Server Component]
    ./src/app/redesign_v2/page.tsx [Server Component]

  Client Component SSR:
    ./src/components/marketing/hero/hero-device.tsx [Client Component SSR]
    ./src/components/marketing/redesign/palette-explorer.tsx [Client Component SSR]
    ./src/components/marketing/redesign/palette-explorer.tsx [Server Component]
    ./src/app/redesign_v2/page.tsx [Server Component] @ http://localhost:3000/_next/static/chunks/node_modules_next_dist_115brz8._.js:3272
[  353346ms] [ERROR] ./src/components/marketing/hero/hero-device.tsx:6:1
Export DEMO_VERIFY_URL doesn't exist in target module
   4 | import { ScoreExplainer } from "@/components/marketing/score-explainer/score-explainer"
   5 | import { EXAMPLE_SCORE_HISTORY } from "@/components/marketing/score-vis/example-data"
>  6 | import {
     | ^^^^^^^
>  7 |   QrCode,
     | ^^^^^^^^^
>  8 |   DEMO_VERIFY_URL,
     | ^^^^^^^^^^^^^^^^^^
>  9 |   DEMO_VERIFY_URL_DISPLAY,
     | ^^^^^^^^^^^^^^^^^^^^^^^^^^
> 10 | } from "@/components/marketing/hero/qr-code"
     | ^^^^^^^^^^^^^^^^^^^^^^^^^^^^^^^^^^^^^^^^^^^^
  11 | import { computeScoreTrend, formatDeltaAbs } from "@/lib/score-trend"
  12 | import { getPercentileLabel } from "@/lib/progress/gwth-score"
  13 | import { cn } from "@/lib/utils"

The export DEMO_VERIFY_URL was not found in module [project]/src/components/marketing/hero/qr-code.tsx [app-ssr] (ecmascript).
Did you mean to import DEMO_SCORE_URL?
All exports of the module are statically known (It doesn't have dynamic exports). So it's known statically that the requested export doesn't exist.

Import traces:
  Client Component Browser:
    ./src/components/marketing/hero/hero-device.tsx [Client Component Browser]
    ./src/components/marketing/redesign/palette-explorer.tsx [Client Component Browser]
    ./src/components/marketing/redesign/palette-explorer.tsx [Server Component]
    ./src/app/redesign_v2/page.tsx [Server Component]

  Client Component SSR:
    ./src/components/marketing/hero/hero-device.tsx [Client Component SSR]
    ./src/components/marketing/redesign/palette-explorer.tsx [Client Component SSR]
    ./src/components/marketing/redesign/palette-explorer.tsx [Server Component]
    ./src/app/redesign_v2/page.tsx [Server Component] @ http://localhost:3000/_next/static/chunks/node_modules_next_dist_115brz8._.js:3272
[  353347ms] [ERROR] ./src/components/marketing/hero/hero-device.tsx:6:1
Export DEMO_VERIFY_URL_DISPLAY doesn't exist in target module
   4 | import { ScoreExplainer } from "@/components/marketing/score-explainer/score-explainer"
   5 | import { EXAMPLE_SCORE_HISTORY } from "@/components/marketing/score-vis/example-data"
>  6 | import {
     | ^^^^^^^
>  7 |   QrCode,
     | ^^^^^^^^^
>  8 |   DEMO_VERIFY_URL,
     | ^^^^^^^^^^^^^^^^^^
>  9 |   DEMO_VERIFY_URL_DISPLAY,
     | ^^^^^^^^^^^^^^^^^^^^^^^^^^
> 10 | } from "@/components/marketing/hero/qr-code"
     | ^^^^^^^^^^^^^^^^^^^^^^^^^^^^^^^^^^^^^^^^^^^^
  11 | import { computeScoreTrend, formatDeltaAbs } from "@/lib/score-trend"
  12 | import { getPercentileLabel } from "@/lib/progress/gwth-score"
  13 | import { cn } from "@/lib/utils"

The export DEMO_VERIFY_URL_DISPLAY was not found in module [project]/src/components/marketing/hero/qr-code.tsx [app-client] (ecmascript).
Did you mean to import DEMO_SCORE_URL_DISPLAY?
All exports of the module are statically known (It doesn't have dynamic exports). So it's known statically that the requested export doesn't exist.

Import traces:
  Client Component Browser:
    ./src/components/marketing/hero/hero-device.tsx [Client Component Browser]
    ./src/components/marketing/redesign/palette-explorer.tsx [Client Component Browser]
    ./src/components/marketing/redesign/palette-explorer.tsx [Server Component]
    ./src/app/redesign_v2/page.tsx [Server Component]

  Client Component SSR:
    ./src/components/marketing/hero/hero-device.tsx [Client Component SSR]
    ./src/components/marketing/redesign/palette-explorer.tsx [Client Component SSR]
    ./src/components/marketing/redesign/palette-explorer.tsx [Server Component]
    ./src/app/redesign_v2/page.tsx [Server Component] @ http://localhost:3000/_next/static/chunks/node_modules_next_dist_115brz8._.js:3272
[  353347ms] [ERROR] ./src/components/marketing/hero/hero-device.tsx:6:1
Export DEMO_VERIFY_URL_DISPLAY doesn't exist in target module
   4 | import { ScoreExplainer } from "@/components/marketing/score-explainer/score-explainer"
   5 | import { EXAMPLE_SCORE_HISTORY } from "@/components/marketing/score-vis/example-data"
>  6 | import {
     | ^^^^^^^
>  7 |   QrCode,
     | ^^^^^^^^^
>  8 |   DEMO_VERIFY_URL,
     | ^^^^^^^^^^^^^^^^^^
>  9 |   DEMO_VERIFY_URL_DISPLAY,
     | ^^^^^^^^^^^^^^^^^^^^^^^^^^
> 10 | } from "@/components/marketing/hero/qr-code"
     | ^^^^^^^^^^^^^^^^^^^^^^^^^^^^^^^^^^^^^^^^^^^^
  11 | import { computeScoreTrend, formatDeltaAbs } from "@/lib/score-trend"
  12 | import { getPercentileLabel } from "@/lib/progress/gwth-score"
  13 | import { cn } from "@/lib/utils"

The export DEMO_VERIFY_URL_DISPLAY was not found in module [project]/src/components/marketing/hero/qr-code.tsx [app-ssr] (ecmascript).
Did you mean to import DEMO_SCORE_URL_DISPLAY?
All exports of the module are statically known (It doesn't have dynamic exports). So it's known statically that the requested export doesn't exist.

Import traces:
  Client Component Browser:
    ./src/components/marketing/hero/hero-device.tsx [Client Component Browser]
    ./src/components/marketing/redesign/palette-explorer.tsx [Client Component Browser]
    ./src/components/marketing/redesign/palette-explorer.tsx [Server Component]
    ./src/app/redesign_v2/page.tsx [Server Component]

  Client Component SSR:
    ./src/components/marketing/hero/hero-device.tsx [Client Component SSR]
    ./src/components/marketing/redesign/palette-explorer.tsx [Client Component SSR]
    ./src/components/marketing/redesign/palette-explorer.tsx [Server Component]
    ./src/app/redesign_v2/page.tsx [Server Component] @ http://localhost:3000/_next/static/chunks/node_modules_next_dist_115brz8._.js:3272
[  353383ms] [LOG] [Fast Refresh] rebuilding @ http://localhost:3000/_next/static/chunks/node_modules_next_dist_115brz8._.js:2431
[  354109ms] [ERROR] ./src/components/marketing/hero/hero-device.tsx:6:1
Export DEMO_VERIFY_URL doesn't exist in target module
   4 | import { ScoreExplainer } from "@/components/marketing/score-explainer/score-explainer"
   5 | import { EXAMPLE_SCORE_HISTORY } from "@/components/marketing/score-vis/example-data"
>  6 | import {
     | ^^^^^^^
>  7 |   QrCode,
     | ^^^^^^^^^
>  8 |   DEMO_VERIFY_URL,
     | ^^^^^^^^^^^^^^^^^^
>  9 |   DEMO_VERIFY_URL_DISPLAY,
     | ^^^^^^^^^^^^^^^^^^^^^^^^^^
> 10 | } from "@/components/marketing/hero/qr-code"
     | ^^^^^^^^^^^^^^^^^^^^^^^^^^^^^^^^^^^^^^^^^^^^
  11 | import { computeScoreTrend, formatDeltaAbs } from "@/lib/score-trend"
  12 | import { getPercentileLabel } from "@/lib/progress/gwth-score"
  13 | import { cn } from "@/lib/utils"

The export DEMO_VERIFY_URL was not found in module [project]/src/components/marketing/hero/qr-code.tsx [app-rsc] (ecmascript).
Did you mean to import DEMO_SCORE_URL?
All exports of the module are statically known (It doesn't have dynamic exports). So it's known statically that the requested export doesn't exist.

Import trace:
  Server Component:
    ./src/components/marketing/hero/hero-device.tsx
    ./src/components/marketing/editorial-homepage/editorial-homepage.tsx
    ./src/app/(public)/page.tsx @ http://localhost:3000/_next/static/chunks/node_modules_next_dist_115brz8._.js:3272
[  354109ms] [ERROR] ./src/components/marketing/hero/hero-device.tsx:6:1
Export DEMO_VERIFY_URL_DISPLAY doesn't exist in target module
   4 | import { ScoreExplainer } from "@/components/marketing/score-explainer/score-explainer"
   5 | import { EXAMPLE_SCORE_HISTORY } from "@/components/marketing/score-vis/example-data"
>  6 | import {
     | ^^^^^^^
>  7 |   QrCode,
     | ^^^^^^^^^
>  8 |   DEMO_VERIFY_URL,
     | ^^^^^^^^^^^^^^^^^^
>  9 |   DEMO_VERIFY_URL_DISPLAY,
     | ^^^^^^^^^^^^^^^^^^^^^^^^^^
> 10 | } from "@/components/marketing/hero/qr-code"
     | ^^^^^^^^^^^^^^^^^^^^^^^^^^^^^^^^^^^^^^^^^^^^
  11 | import { computeScoreTrend, formatDeltaAbs } from "@/lib/score-trend"
  12 | import { getPercentileLabel } from "@/lib/progress/gwth-score"
  13 | import { cn } from "@/lib/utils"

The export DEMO_VERIFY_URL_DISPLAY was not found in module [project]/src/components/marketing/hero/qr-code.tsx [app-rsc] (ecmascript).
Did you mean to import DEMO_SCORE_URL_DISPLAY?
All exports of the module are statically known (It doesn't have dynamic exports). So it's known statically that the requested export doesn't exist.

Import trace:
  Server Component:
    ./src/components/marketing/hero/hero-device.tsx
    ./src/components/marketing/editorial-homepage/editorial-homepage.tsx
    ./src/app/(public)/page.tsx @ http://localhost:3000/_next/static/chunks/node_modules_next_dist_115brz8._.js:3272
[  354109ms] [ERROR] ./src/components/marketing/hero/hero-device.tsx:6:1
Export DEMO_VERIFY_URL doesn't exist in target module
   4 | import { ScoreExplainer } from "@/components/marketing/score-explainer/score-explainer"
   5 | import { EXAMPLE_SCORE_HISTORY } from "@/components/marketing/score-vis/example-data"
>  6 | import {
     | ^^^^^^^
>  7 |   QrCode,
     | ^^^^^^^^^
>  8 |   DEMO_VERIFY_URL,
     | ^^^^^^^^^^^^^^^^^^
>  9 |   DEMO_VERIFY_URL_DISPLAY,
     | ^^^^^^^^^^^^^^^^^^^^^^^^^^
> 10 | } from "@/components/marketing/hero/qr-code"
     | ^^^^^^^^^^^^^^^^^^^^^^^^^^^^^^^^^^^^^^^^^^^^
  11 | import { computeScoreTrend, formatDeltaAbs } from "@/lib/score-trend"
  12 | import { getPercentileLabel } from "@/lib/progress/gwth-score"
  13 | import { cn } from "@/lib/utils"

The export DEMO_VERIFY_URL was not found in module [project]/src/components/marketing/hero/qr-code.tsx [app-client] (ecmascript).
Did you mean to import DEMO_SCORE_URL?
All exports of the module are statically known (It doesn't have dynamic exports). So it's known statically that the requested export doesn't exist.

Import traces:
  Client Component Browser:
    ./src/components/marketing/hero/hero-device.tsx [Client Component Browser]
    ./src/components/marketing/redesign/palette-explorer.tsx [Client Component Browser]
    ./src/components/marketing/redesign/palette-explorer.tsx [Server Component]
    ./src/app/redesign_v2/page.tsx [Server Component]

  Client Component SSR:
    ./src/components/marketing/hero/hero-device.tsx [Client Component SSR]
    ./src/components/marketing/redesign/palette-explorer.tsx [Client Component SSR]
    ./src/components/marketing/redesign/palette-explorer.tsx [Server Component]
    ./src/app/redesign_v2/page.tsx [Server Component] @ http://localhost:3000/_next/static/chunks/node_modules_next_dist_115brz8._.js:3272
[  354110ms] [ERROR] ./src/components/marketing/hero/hero-device.tsx:6:1
Export DEMO_VERIFY_URL doesn't exist in target module
   4 | import { ScoreExplainer } from "@/components/marketing/score-explainer/score-explainer"
   5 | import { EXAMPLE_SCORE_HISTORY } from "@/components/marketing/score-vis/example-data"
>  6 | import {
     | ^^^^^^^
>  7 |   QrCode,
     | ^^^^^^^^^
>  8 |   DEMO_VERIFY_URL,
     | ^^^^^^^^^^^^^^^^^^
>  9 |   DEMO_VERIFY_URL_DISPLAY,
     | ^^^^^^^^^^^^^^^^^^^^^^^^^^
> 10 | } from "@/components/marketing/hero/qr-code"
     | ^^^^^^^^^^^^^^^^^^^^^^^^^^^^^^^^^^^^^^^^^^^^
  11 | import { computeScoreTrend, formatDeltaAbs } from "@/lib/score-trend"
  12 | import { getPercentileLabel } from "@/lib/progress/gwth-score"
  13 | import { cn } from "@/lib/utils"

The export DEMO_VERIFY_URL was not found in module [project]/src/components/marketing/hero/qr-code.tsx [app-ssr] (ecmascript).
Did you mean to import DEMO_SCORE_URL?
All exports of the module are statically known (It doesn't have dynamic exports). So it's known statically that the requested export doesn't exist.

Import traces:
  Client Component Browser:
    ./src/components/marketing/hero/hero-device.tsx [Client Component Browser]
    ./src/components/marketing/redesign/palette-explorer.tsx [Client Component Browser]
    ./src/components/marketing/redesign/palette-explorer.tsx [Server Component]
    ./src/app/redesign_v2/page.tsx [Server Component]

  Client Component SSR:
    ./src/components/marketing/hero/hero-device.tsx [Client Component SSR]
    ./src/components/marketing/redesign/palette-explorer.tsx [Client Component SSR]
    ./src/components/marketing/redesign/palette-explorer.tsx [Server Component]
    ./src/app/redesign_v2/page.tsx [Server Component] @ http://localhost:3000/_next/static/chunks/node_modules_next_dist_115brz8._.js:3272
[  354110ms] [ERROR] ./src/components/marketing/hero/hero-device.tsx:6:1
Export DEMO_VERIFY_URL_DISPLAY doesn't exist in target module
   4 | import { ScoreExplainer } from "@/components/marketing/score-explainer/score-explainer"
   5 | import { EXAMPLE_SCORE_HISTORY } from "@/components/marketing/score-vis/example-data"
>  6 | import {
     | ^^^^^^^
>  7 |   QrCode,
     | ^^^^^^^^^
>  8 |   DEMO_VERIFY_URL,
     | ^^^^^^^^^^^^^^^^^^
>  9 |   DEMO_VERIFY_URL_DISPLAY,
     | ^^^^^^^^^^^^^^^^^^^^^^^^^^
> 10 | } from "@/components/marketing/hero/qr-code"
     | ^^^^^^^^^^^^^^^^^^^^^^^^^^^^^^^^^^^^^^^^^^^^
  11 | import { computeScoreTrend, formatDeltaAbs } from "@/lib/score-trend"
  12 | import { getPercentileLabel } from "@/lib/progress/gwth-score"
  13 | import { cn } from "@/lib/utils"

The export DEMO_VERIFY_URL_DISPLAY was not found in module [project]/src/components/marketing/hero/qr-code.tsx [app-client] (ecmascript).
Did you mean to import DEMO_SCORE_URL_DISPLAY?
All exports of the module are statically known (It doesn't have dynamic exports). So it's known statically that the requested export doesn't exist.

Import traces:
  Client Component Browser:
    ./src/components/marketing/hero/hero-device.tsx [Client Component Browser]
    ./src/components/marketing/redesign/palette-explorer.tsx [Client Component Browser]
    ./src/components/marketing/redesign/palette-explorer.tsx [Server Component]
    ./src/app/redesign_v2/page.tsx [Server Component]

  Client Component SSR:
    ./src/components/marketing/hero/hero-device.tsx [Client Component SSR]
    ./src/components/marketing/redesign/palette-explorer.tsx [Client Component SSR]
    ./src/components/marketing/redesign/palette-explorer.tsx [Server Component]
    ./src/app/redesign_v2/page.tsx [Server Component] @ http://localhost:3000/_next/static/chunks/node_modules_next_dist_115brz8._.js:3272
[  354110ms] [ERROR] ./src/components/marketing/hero/hero-device.tsx:6:1
Export DEMO_VERIFY_URL_DISPLAY doesn't exist in target module
   4 | import { ScoreExplainer } from "@/components/marketing/score-explainer/score-explainer"
   5 | import { EXAMPLE_SCORE_HISTORY } from "@/components/marketing/score-vis/example-data"
>  6 | import {
     | ^^^^^^^
>  7 |   QrCode,
     | ^^^^^^^^^
>  8 |   DEMO_VERIFY_URL,
     | ^^^^^^^^^^^^^^^^^^
>  9 |   DEMO_VERIFY_URL_DISPLAY,
     | ^^^^^^^^^^^^^^^^^^^^^^^^^^
> 10 | } from "@/components/marketing/hero/qr-code"
     | ^^^^^^^^^^^^^^^^^^^^^^^^^^^^^^^^^^^^^^^^^^^^
  11 | import { computeScoreTrend, formatDeltaAbs } from "@/lib/score-trend"
  12 | import { getPercentileLabel } from "@/lib/progress/gwth-score"
  13 | import { cn } from "@/lib/utils"

The export DEMO_VERIFY_URL_DISPLAY was not found in module [project]/src/components/marketing/hero/qr-code.tsx [app-ssr] (ecmascript).
Did you mean to import DEMO_SCORE_URL_DISPLAY?
All exports of the module are statically known (It doesn't have dynamic exports). So it's known statically that the requested export doesn't exist.

Import traces:
  Client Component Browser:
    ./src/components/marketing/hero/hero-device.tsx [Client Component Browser]
    ./src/components/marketing/redesign/palette-explorer.tsx [Client Component Browser]
    ./src/components/marketing/redesign/palette-explorer.tsx [Server Component]
    ./src/app/redesign_v2/page.tsx [Server Component]

  Client Component SSR:
    ./src/components/marketing/hero/hero-device.tsx [Client Component SSR]
    ./src/components/marketing/redesign/palette-explorer.tsx [Client Component SSR]
    ./src/components/marketing/redesign/palette-explorer.tsx [Server Component]
    ./src/app/redesign_v2/page.tsx [Server Component] @ http://localhost:3000/_next/static/chunks/node_modules_next_dist_115brz8._.js:3272
[  355247ms] [ERROR] ./src/components/marketing/hero/hero-device.tsx:6:1
Export DEMO_VERIFY_URL doesn't exist in target module
   4 | import { ScoreExplainer } from "@/components/marketing/score-explainer/score-explainer"
   5 | import { EXAMPLE_SCORE_HISTORY } from "@/components/marketing/score-vis/example-data"
>  6 | import {
     | ^^^^^^^
>  7 |   QrCode,
     | ^^^^^^^^^
>  8 |   DEMO_VERIFY_URL,
     | ^^^^^^^^^^^^^^^^^^
>  9 |   DEMO_VERIFY_URL_DISPLAY,
     | ^^^^^^^^^^^^^^^^^^^^^^^^^^
> 10 | } from "@/components/marketing/hero/qr-code"
     | ^^^^^^^^^^^^^^^^^^^^^^^^^^^^^^^^^^^^^^^^^^^^
  11 | import { computeScoreTrend, formatDeltaAbs } from "@/lib/score-trend"
  12 | import { getPercentileLabel } from "@/lib/progress/gwth-score"
  13 | import { cn } from "@/lib/utils"

The export DEMO_VERIFY_URL was not found in module [project]/src/components/marketing/hero/qr-code.tsx [app-rsc] (ecmascript).
Did you mean to import DEMO_SCORE_URL?
All exports of the module are statically known (It doesn't have dynamic exports). So it's known statically that the requested export doesn't exist.

Import trace:
  Server Component:
    ./src/components/marketing/hero/hero-device.tsx
    ./src/components/marketing/editorial-homepage/editorial-homepage.tsx
    ./src/app/(public)/page.tsx @ http://localhost:3000/_next/static/chunks/node_modules_next_dist_115brz8._.js:3272
[  355247ms] [ERROR] ./src/components/marketing/hero/hero-device.tsx:6:1
Export DEMO_VERIFY_URL_DISPLAY doesn't exist in target module
   4 | import { ScoreExplainer } from "@/components/marketing/score-explainer/score-explainer"
   5 | import { EXAMPLE_SCORE_HISTORY } from "@/components/marketing/score-vis/example-data"
>  6 | import {
     | ^^^^^^^
>  7 |   QrCode,
     | ^^^^^^^^^
>  8 |   DEMO_VERIFY_URL,
     | ^^^^^^^^^^^^^^^^^^
>  9 |   DEMO_VERIFY_URL_DISPLAY,
     | ^^^^^^^^^^^^^^^^^^^^^^^^^^
> 10 | } from "@/components/marketing/hero/qr-code"
     | ^^^^^^^^^^^^^^^^^^^^^^^^^^^^^^^^^^^^^^^^^^^^
  11 | import { computeScoreTrend, formatDeltaAbs } from "@/lib/score-trend"
  12 | import { getPercentileLabel } from "@/lib/progress/gwth-score"
  13 | import { cn } from "@/lib/utils"

The export DEMO_VERIFY_URL_DISPLAY was not found in module [project]/src/components/marketing/hero/qr-code.tsx [app-rsc] (ecmascript).
Did you mean to import DEMO_SCORE_URL_DISPLAY?
All exports of the module are statically known (It doesn't have dynamic exports). So it's known statically that the requested export doesn't exist.

Import trace:
  Server Component:
    ./src/components/marketing/hero/hero-device.tsx
    ./src/components/marketing/editorial-homepage/editorial-homepage.tsx
    ./src/app/(public)/page.tsx @ http://localhost:3000/_next/static/chunks/node_modules_next_dist_115brz8._.js:3272
[  355248ms] [ERROR] ./src/components/marketing/hero/hero-device.tsx:6:1
Export DEMO_VERIFY_URL doesn't exist in target module
   4 | import { ScoreExplainer } from "@/components/marketing/score-explainer/score-explainer"
   5 | import { EXAMPLE_SCORE_HISTORY } from "@/components/marketing/score-vis/example-data"
>  6 | import {
     | ^^^^^^^
>  7 |   QrCode,
     | ^^^^^^^^^
>  8 |   DEMO_VERIFY_URL,
     | ^^^^^^^^^^^^^^^^^^
>  9 |   DEMO_VERIFY_URL_DISPLAY,
     | ^^^^^^^^^^^^^^^^^^^^^^^^^^
> 10 | } from "@/components/marketing/hero/qr-code"
     | ^^^^^^^^^^^^^^^^^^^^^^^^^^^^^^^^^^^^^^^^^^^^
  11 | import { computeScoreTrend, formatDeltaAbs } from "@/lib/score-trend"
  12 | import { getPercentileLabel } from "@/lib/progress/gwth-score"
  13 | import { cn } from "@/lib/utils"

The export DEMO_VERIFY_URL was not found in module [project]/src/components/marketing/hero/qr-code.tsx [app-client] (ecmascript).
Did you mean to import DEMO_SCORE_URL?
All exports of the module are statically known (It doesn't have dynamic exports). So it's known statically that the requested export doesn't exist.

Import traces:
  Client Component Browser:
    ./src/components/marketing/hero/hero-device.tsx [Client Component Browser]
    ./src/components/marketing/redesign/palette-explorer.tsx [Client Component Browser]
    ./src/components/marketing/redesign/palette-explorer.tsx [Server Component]
    ./src/app/redesign_v2/page.tsx [Server Component]

  Client Component SSR:
    ./src/components/marketing/hero/hero-device.tsx [Client Component SSR]
    ./src/components/marketing/redesign/palette-explorer.tsx [Client Component SSR]
    ./src/components/marketing/redesign/palette-explorer.tsx [Server Component]
    ./src/app/redesign_v2/page.tsx [Server Component] @ http://localhost:3000/_next/static/chunks/node_modules_next_dist_115brz8._.js:3272
[  355248ms] [ERROR] ./src/components/marketing/hero/hero-device.tsx:6:1
Export DEMO_VERIFY_URL doesn't exist in target module
   4 | import { ScoreExplainer } from "@/components/marketing/score-explainer/score-explainer"
   5 | import { EXAMPLE_SCORE_HISTORY } from "@/components/marketing/score-vis/example-data"
>  6 | import {
     | ^^^^^^^
>  7 |   QrCode,
     | ^^^^^^^^^
>  8 |   DEMO_VERIFY_URL,
     | ^^^^^^^^^^^^^^^^^^
>  9 |   DEMO_VERIFY_URL_DISPLAY,
     | ^^^^^^^^^^^^^^^^^^^^^^^^^^
> 10 | } from "@/components/marketing/hero/qr-code"
     | ^^^^^^^^^^^^^^^^^^^^^^^^^^^^^^^^^^^^^^^^^^^^
  11 | import { computeScoreTrend, formatDeltaAbs } from "@/lib/score-trend"
  12 | import { getPercentileLabel } from "@/lib/progress/gwth-score"
  13 | import { cn } from "@/lib/utils"

The export DEMO_VERIFY_URL was not found in module [project]/src/components/marketing/hero/qr-code.tsx [app-ssr] (ecmascript).
Did you mean to import DEMO_SCORE_URL?
All exports of the module are statically known (It doesn't have dynamic exports). So it's known statically that the requested export doesn't exist.

Import traces:
  Client Component Browser:
    ./src/components/marketing/hero/hero-device.tsx [Client Component Browser]
    ./src/components/marketing/redesign/palette-explorer.tsx [Client Component Browser]
    ./src/components/marketing/redesign/palette-explorer.tsx [Server Component]
    ./src/app/redesign_v2/page.tsx [Server Component]

  Client Component SSR:
    ./src/components/marketing/hero/hero-device.tsx [Client Component SSR]
    ./src/components/marketing/redesign/palette-explorer.tsx [Client Component SSR]
    ./src/components/marketing/redesign/palette-explorer.tsx [Server Component]
    ./src/app/redesign_v2/page.tsx [Server Component] @ http://localhost:3000/_next/static/chunks/node_modules_next_dist_115brz8._.js:3272
[  355249ms] [ERROR] ./src/components/marketing/hero/hero-device.tsx:6:1
Export DEMO_VERIFY_URL_DISPLAY doesn't exist in target module
   4 | import { ScoreExplainer } from "@/components/marketing/score-explainer/score-explainer"
   5 | import { EXAMPLE_SCORE_HISTORY } from "@/components/marketing/score-vis/example-data"
>  6 | import {
     | ^^^^^^^
>  7 |   QrCode,
     | ^^^^^^^^^
>  8 |   DEMO_VERIFY_URL,
     | ^^^^^^^^^^^^^^^^^^
>  9 |   DEMO_VERIFY_URL_DISPLAY,
     | ^^^^^^^^^^^^^^^^^^^^^^^^^^
> 10 | } from "@/components/marketing/hero/qr-code"
     | ^^^^^^^^^^^^^^^^^^^^^^^^^^^^^^^^^^^^^^^^^^^^
  11 | import { computeScoreTrend, formatDeltaAbs } from "@/lib/score-trend"
  12 | import { getPercentileLabel } from "@/lib/progress/gwth-score"
  13 | import { cn } from "@/lib/utils"

The export DEMO_VERIFY_URL_DISPLAY was not found in module [project]/src/components/marketing/hero/qr-code.tsx [app-client] (ecmascript).
Did you mean to import DEMO_SCORE_URL_DISPLAY?
All exports of the module are statically known (It doesn't have dynamic exports). So it's known statically that the requested export doesn't exist.

Import traces:
  Client Component Browser:
    ./src/components/marketing/hero/hero-device.tsx [Client Component Browser]
    ./src/components/marketing/redesign/palette-explorer.tsx [Client Component Browser]
    ./src/components/marketing/redesign/palette-explorer.tsx [Server Component]
    ./src/app/redesign_v2/page.tsx [Server Component]

  Client Component SSR:
    ./src/components/marketing/hero/hero-device.tsx [Client Component SSR]
    ./src/components/marketing/redesign/palette-explorer.tsx [Client Component SSR]
    ./src/components/marketing/redesign/palette-explorer.tsx [Server Component]
    ./src/app/redesign_v2/page.tsx [Server Component] @ http://localhost:3000/_next/static/chunks/node_modules_next_dist_115brz8._.js:3272
[  355249ms] [ERROR] ./src/components/marketing/hero/hero-device.tsx:6:1
Export DEMO_VERIFY_URL_DISPLAY doesn't exist in target module
   4 | import { ScoreExplainer } from "@/components/marketing/score-explainer/score-explainer"
   5 | import { EXAMPLE_SCORE_HISTORY } from "@/components/marketing/score-vis/example-data"
>  6 | import {
     | ^^^^^^^
>  7 |   QrCode,
     | ^^^^^^^^^
>  8 |   DEMO_VERIFY_URL,
     | ^^^^^^^^^^^^^^^^^^
>  9 |   DEMO_VERIFY_URL_DISPLAY,
     | ^^^^^^^^^^^^^^^^^^^^^^^^^^
> 10 | } from "@/components/marketing/hero/qr-code"
     | ^^^^^^^^^^^^^^^^^^^^^^^^^^^^^^^^^^^^^^^^^^^^
  11 | import { computeScoreTrend, formatDeltaAbs } from "@/lib/score-trend"
  12 | import { getPercentileLabel } from "@/lib/progress/gwth-score"
  13 | import { cn } from "@/lib/utils"

The export DEMO_VERIFY_URL_DISPLAY was not found in module [project]/src/components/marketing/hero/qr-code.tsx [app-ssr] (ecmascript).
Did you mean to import DEMO_SCORE_URL_DISPLAY?
All exports of the module are statically known (It doesn't have dynamic exports). So it's known statically that the requested export doesn't exist.

Import traces:
  Client Component Browser:
    ./src/components/marketing/hero/hero-device.tsx [Client Component Browser]
    ./src/components/marketing/redesign/palette-explorer.tsx [Client Component Browser]
    ./src/components/marketing/redesign/palette-explorer.tsx [Server Component]
    ./src/app/redesign_v2/page.tsx [Server Component]

  Client Component SSR:
    ./src/components/marketing/hero/hero-device.tsx [Client Component SSR]
    ./src/components/marketing/redesign/palette-explorer.tsx [Client Component SSR]
    ./src/components/marketing/redesign/palette-explorer.tsx [Server Component]
    ./src/app/redesign_v2/page.tsx [Server Component] @ http://localhost:3000/_next/static/chunks/node_modules_next_dist_115brz8._.js:3272
[  355250ms] [LOG] [Fast Refresh] rebuilding @ http://localhost:3000/_next/static/chunks/node_modules_next_dist_115brz8._.js:2431
[  356047ms] [LOG] [Fast Refresh] rebuilding @ http://localhost:3000/_next/static/chunks/node_modules_next_dist_115brz8._.js:2431
[  356072ms] [ERROR] ./src/components/marketing/hero/hero-device.tsx:6:1
Export DEMO_VERIFY_URL doesn't exist in target module
   4 | import { ScoreExplainer } from "@/components/marketing/score-explainer/score-explainer"
   5 | import { EXAMPLE_SCORE_HISTORY } from "@/components/marketing/score-vis/example-data"
>  6 | import {
     | ^^^^^^^
>  7 |   QrCode,
     | ^^^^^^^^^
>  8 |   DEMO_VERIFY_URL,
     | ^^^^^^^^^^^^^^^^^^
>  9 |   DEMO_VERIFY_URL_DISPLAY,
     | ^^^^^^^^^^^^^^^^^^^^^^^^^^
> 10 | } from "@/components/marketing/hero/qr-code"
     | ^^^^^^^^^^^^^^^^^^^^^^^^^^^^^^^^^^^^^^^^^^^^
  11 | import { computeScoreTrend, formatDeltaAbs } from "@/lib/score-trend"
  12 | import { getPercentileLabel } from "@/lib/progress/gwth-score"
  13 | import { cn } from "@/lib/utils"

The export DEMO_VERIFY_URL was not found in module [project]/src/components/marketing/hero/qr-code.tsx [app-rsc] (ecmascript).
Did you mean to import DEMO_SCORE_URL?
All exports of the module are statically known (It doesn't have dynamic exports). So it's known statically that the requested export doesn't exist.

Import trace:
  Server Component:
    ./src/components/marketing/hero/hero-device.tsx
    ./src/components/marketing/editorial-homepage/editorial-homepage.tsx
    ./src/app/(public)/page.tsx @ http://localhost:3000/_next/static/chunks/node_modules_next_dist_115brz8._.js:3272
[  356074ms] [ERROR] ./src/components/marketing/hero/hero-device.tsx:6:1
Export DEMO_VERIFY_URL_DISPLAY doesn't exist in target module
   4 | import { ScoreExplainer } from "@/components/marketing/score-explainer/score-explainer"
   5 | import { EXAMPLE_SCORE_HISTORY } from "@/components/marketing/score-vis/example-data"
>  6 | import {
     | ^^^^^^^
>  7 |   QrCode,
     | ^^^^^^^^^
>  8 |   DEMO_VERIFY_URL,
     | ^^^^^^^^^^^^^^^^^^
>  9 |   DEMO_VERIFY_URL_DISPLAY,
     | ^^^^^^^^^^^^^^^^^^^^^^^^^^
> 10 | } from "@/components/marketing/hero/qr-code"
     | ^^^^^^^^^^^^^^^^^^^^^^^^^^^^^^^^^^^^^^^^^^^^
  11 | import { computeScoreTrend, formatDeltaAbs } from "@/lib/score-trend"
  12 | import { getPercentileLabel } from "@/lib/progress/gwth-score"
  13 | import { cn } from "@/lib/utils"

The export DEMO_VERIFY_URL_DISPLAY was not found in module [project]/src/components/marketing/hero/qr-code.tsx [app-rsc] (ecmascript).
Did you mean to import DEMO_SCORE_URL_DISPLAY?
All exports of the module are statically known (It doesn't have dynamic exports). So it's known statically that the requested export doesn't exist.

Import trace:
  Server Component:
    ./src/components/marketing/hero/hero-device.tsx
    ./src/components/marketing/editorial-homepage/editorial-homepage.tsx
    ./src/app/(public)/page.tsx @ http://localhost:3000/_next/static/chunks/node_modules_next_dist_115brz8._.js:3272
[  356075ms] [ERROR] ./src/components/marketing/hero/hero-device.tsx:6:1
Export DEMO_VERIFY_URL doesn't exist in target module
   4 | import { ScoreExplainer } from "@/components/marketing/score-explainer/score-explainer"
   5 | import { EXAMPLE_SCORE_HISTORY } from "@/components/marketing/score-vis/example-data"
>  6 | import {
     | ^^^^^^^
>  7 |   QrCode,
     | ^^^^^^^^^
>  8 |   DEMO_VERIFY_URL,
     | ^^^^^^^^^^^^^^^^^^
>  9 |   DEMO_VERIFY_URL_DISPLAY,
     | ^^^^^^^^^^^^^^^^^^^^^^^^^^
> 10 | } from "@/components/marketing/hero/qr-code"
     | ^^^^^^^^^^^^^^^^^^^^^^^^^^^^^^^^^^^^^^^^^^^^
  11 | import { computeScoreTrend, formatDeltaAbs } from "@/lib/score-trend"
  12 | import { getPercentileLabel } from "@/lib/progress/gwth-score"
  13 | import { cn } from "@/lib/utils"

The export DEMO_VERIFY_URL was not found in module [project]/src/components/marketing/hero/qr-code.tsx [app-client] (ecmascript).
Did you mean to import DEMO_SCORE_URL?
All exports of the module are statically known (It doesn't have dynamic exports). So it's known statically that the requested export doesn't exist.

Import traces:
  Client Component Browser:
    ./src/components/marketing/hero/hero-device.tsx [Client Component Browser]
    ./src/components/marketing/redesign/palette-explorer.tsx [Client Component Browser]
    ./src/components/marketing/redesign/palette-explorer.tsx [Server Component]
    ./src/app/redesign_v2/page.tsx [Server Component]

  Client Component SSR:
    ./src/components/marketing/hero/hero-device.tsx [Client Component SSR]
    ./src/components/marketing/redesign/palette-explorer.tsx [Client Component SSR]
    ./src/components/marketing/redesign/palette-explorer.tsx [Server Component]
    ./src/app/redesign_v2/page.tsx [Server Component] @ http://localhost:3000/_next/static/chunks/node_modules_next_dist_115brz8._.js:3272
[  356076ms] [ERROR] ./src/components/marketing/hero/hero-device.tsx:6:1
Export DEMO_VERIFY_URL doesn't exist in target module
   4 | import { ScoreExplainer } from "@/components/marketing/score-explainer/score-explainer"
   5 | import { EXAMPLE_SCORE_HISTORY } from "@/components/marketing/score-vis/example-data"
>  6 | import {
     | ^^^^^^^
>  7 |   QrCode,
     | ^^^^^^^^^
>  8 |   DEMO_VERIFY_URL,
     | ^^^^^^^^^^^^^^^^^^
>  9 |   DEMO_VERIFY_URL_DISPLAY,
     | ^^^^^^^^^^^^^^^^^^^^^^^^^^
> 10 | } from "@/components/marketing/hero/qr-code"
     | ^^^^^^^^^^^^^^^^^^^^^^^^^^^^^^^^^^^^^^^^^^^^
  11 | import { computeScoreTrend, formatDeltaAbs } from "@/lib/score-trend"
  12 | import { getPercentileLabel } from "@/lib/progress/gwth-score"
  13 | import { cn } from "@/lib/utils"

The export DEMO_VERIFY_URL was not found in module [project]/src/components/marketing/hero/qr-code.tsx [app-ssr] (ecmascript).
Did you mean to import DEMO_SCORE_URL?
All exports of the module are statically known (It doesn't have dynamic exports). So it's known statically that the requested export doesn't exist.

Import traces:
  Client Component Browser:
    ./src/components/marketing/hero/hero-device.tsx [Client Component Browser]
    ./src/components/marketing/redesign/palette-explorer.tsx [Client Component Browser]
    ./src/components/marketing/redesign/palette-explorer.tsx [Server Component]
    ./src/app/redesign_v2/page.tsx [Server Component]

  Client Component SSR:
    ./src/components/marketing/hero/hero-device.tsx [Client Component SSR]
    ./src/components/marketing/redesign/palette-explorer.tsx [Client Component SSR]
    ./src/components/marketing/redesign/palette-explorer.tsx [Server Component]
    ./src/app/redesign_v2/page.tsx [Server Component] @ http://localhost:3000/_next/static/chunks/node_modules_next_dist_115brz8._.js:3272
[  356077ms] [ERROR] ./src/components/marketing/hero/hero-device.tsx:6:1
Export DEMO_VERIFY_URL_DISPLAY doesn't exist in target module
   4 | import { ScoreExplainer } from "@/components/marketing/score-explainer/score-explainer"
   5 | import { EXAMPLE_SCORE_HISTORY } from "@/components/marketing/score-vis/example-data"
>  6 | import {
     | ^^^^^^^
>  7 |   QrCode,
     | ^^^^^^^^^
>  8 |   DEMO_VERIFY_URL,
     | ^^^^^^^^^^^^^^^^^^
>  9 |   DEMO_VERIFY_URL_DISPLAY,
     | ^^^^^^^^^^^^^^^^^^^^^^^^^^
> 10 | } from "@/components/marketing/hero/qr-code"
     | ^^^^^^^^^^^^^^^^^^^^^^^^^^^^^^^^^^^^^^^^^^^^
  11 | import { computeScoreTrend, formatDeltaAbs } from "@/lib/score-trend"
  12 | import { getPercentileLabel } from "@/lib/progress/gwth-score"
  13 | import { cn } from "@/lib/utils"

The export DEMO_VERIFY_URL_DISPLAY was not found in module [project]/src/components/marketing/hero/qr-code.tsx [app-client] (ecmascript).
Did you mean to import DEMO_SCORE_URL_DISPLAY?
All exports of the module are statically known (It doesn't have dynamic exports). So it's known statically that the requested export doesn't exist.

Import traces:
  Client Component Browser:
    ./src/components/marketing/hero/hero-device.tsx [Client Component Browser]
    ./src/components/marketing/redesign/palette-explorer.tsx [Client Component Browser]
    ./src/components/marketing/redesign/palette-explorer.tsx [Server Component]
    ./src/app/redesign_v2/page.tsx [Server Component]

  Client Component SSR:
    ./src/components/marketing/hero/hero-device.tsx [Client Component SSR]
    ./src/components/marketing/redesign/palette-explorer.tsx [Client Component SSR]
    ./src/components/marketing/redesign/palette-explorer.tsx [Server Component]
    ./src/app/redesign_v2/page.tsx [Server Component] @ http://localhost:3000/_next/static/chunks/node_modules_next_dist_115brz8._.js:3272
[  356077ms] [ERROR] ./src/components/marketing/hero/hero-device.tsx:6:1
Export DEMO_VERIFY_URL_DISPLAY doesn't exist in target module
   4 | import { ScoreExplainer } from "@/components/marketing/score-explainer/score-explainer"
   5 | import { EXAMPLE_SCORE_HISTORY } from "@/components/marketing/score-vis/example-data"
>  6 | import {
     | ^^^^^^^
>  7 |   QrCode,
     | ^^^^^^^^^
>  8 |   DEMO_VERIFY_URL,
     | ^^^^^^^^^^^^^^^^^^
>  9 |   DEMO_VERIFY_URL_DISPLAY,
     | ^^^^^^^^^^^^^^^^^^^^^^^^^^
> 10 | } from "@/components/marketing/hero/qr-code"
     | ^^^^^^^^^^^^^^^^^^^^^^^^^^^^^^^^^^^^^^^^^^^^
  11 | import { computeScoreTrend, formatDeltaAbs } from "@/lib/score-trend"
  12 | import { getPercentileLabel } from "@/lib/progress/gwth-score"
  13 | import { cn } from "@/lib/utils"

The export DEMO_VERIFY_URL_DISPLAY was not found in module [project]/src/components/marketing/hero/qr-code.tsx [app-ssr] (ecmascript).
Did you mean to import DEMO_SCORE_URL_DISPLAY?
All exports of the module are statically known (It doesn't have dynamic exports). So it's known statically that the requested export doesn't exist.

Import traces:
  Client Component Browser:
    ./src/components/marketing/hero/hero-device.tsx [Client Component Browser]
    ./src/components/marketing/redesign/palette-explorer.tsx [Client Component Browser]
    ./src/components/marketing/redesign/palette-explorer.tsx [Server Component]
    ./src/app/redesign_v2/page.tsx [Server Component]

  Client Component SSR:
    ./src/components/marketing/hero/hero-device.tsx [Client Component SSR]
    ./src/components/marketing/redesign/palette-explorer.tsx [Client Component SSR]
    ./src/components/marketing/redesign/palette-explorer.tsx [Server Component]
    ./src/app/redesign_v2/page.tsx [Server Component] @ http://localhost:3000/_next/static/chunks/node_modules_next_dist_115brz8._.js:3272
[  356150ms] [ERROR] ./src/components/marketing/hero/hero-device.tsx:6:1
Export DEMO_VERIFY_URL doesn't exist in target module
   4 | import { ScoreExplainer } from "@/components/marketing/score-explainer/score-explainer"
   5 | import { EXAMPLE_SCORE_HISTORY } from "@/components/marketing/score-vis/example-data"
>  6 | import {
     | ^^^^^^^
>  7 |   QrCode,
     | ^^^^^^^^^
>  8 |   DEMO_VERIFY_URL,
     | ^^^^^^^^^^^^^^^^^^
>  9 |   DEMO_VERIFY_URL_DISPLAY,
     | ^^^^^^^^^^^^^^^^^^^^^^^^^^
> 10 | } from "@/components/marketing/hero/qr-code"
     | ^^^^^^^^^^^^^^^^^^^^^^^^^^^^^^^^^^^^^^^^^^^^
  11 | import { computeScoreTrend, formatDeltaAbs } from "@/lib/score-trend"
  12 | import { getPercentileLabel } from "@/lib/progress/gwth-score"
  13 | import { cn } from "@/lib/utils"

The export DEMO_VERIFY_URL was not found in module [project]/src/components/marketing/hero/qr-code.tsx [app-rsc] (ecmascript).
Did you mean to import DEMO_SCORE_URL?
All exports of the module are statically known (It doesn't have dynamic exports). So it's known statically that the requested export doesn't exist.

Import trace:
  Server Component:
    ./src/components/marketing/hero/hero-device.tsx
    ./src/components/marketing/editorial-homepage/editorial-homepage.tsx
    ./src/app/(public)/page.tsx @ http://localhost:3000/_next/static/chunks/node_modules_next_dist_115brz8._.js:3272
[  356151ms] [ERROR] ./src/components/marketing/hero/hero-device.tsx:6:1
Export DEMO_VERIFY_URL_DISPLAY doesn't exist in target module
   4 | import { ScoreExplainer } from "@/components/marketing/score-explainer/score-explainer"
   5 | import { EXAMPLE_SCORE_HISTORY } from "@/components/marketing/score-vis/example-data"
>  6 | import {
     | ^^^^^^^
>  7 |   QrCode,
     | ^^^^^^^^^
>  8 |   DEMO_VERIFY_URL,
     | ^^^^^^^^^^^^^^^^^^
>  9 |   DEMO_VERIFY_URL_DISPLAY,
     | ^^^^^^^^^^^^^^^^^^^^^^^^^^
> 10 | } from "@/components/marketing/hero/qr-code"
     | ^^^^^^^^^^^^^^^^^^^^^^^^^^^^^^^^^^^^^^^^^^^^
  11 | import { computeScoreTrend, formatDeltaAbs } from "@/lib/score-trend"
  12 | import { getPercentileLabel } from "@/lib/progress/gwth-score"
  13 | import { cn } from "@/lib/utils"

The export DEMO_VERIFY_URL_DISPLAY was not found in module [project]/src/components/marketing/hero/qr-code.tsx [app-rsc] (ecmascript).
Did you mean to import DEMO_SCORE_URL_DISPLAY?
All exports of the module are statically known (It doesn't have dynamic exports). So it's known statically that the requested export doesn't exist.

Import trace:
  Server Component:
    ./src/components/marketing/hero/hero-device.tsx
    ./src/components/marketing/editorial-homepage/editorial-homepage.tsx
    ./src/app/(public)/page.tsx @ http://localhost:3000/_next/static/chunks/node_modules_next_dist_115brz8._.js:3272
[  356151ms] [ERROR] ./src/components/marketing/hero/hero-device.tsx:6:1
Export DEMO_VERIFY_URL doesn't exist in target module
   4 | import { ScoreExplainer } from "@/components/marketing/score-explainer/score-explainer"
   5 | import { EXAMPLE_SCORE_HISTORY } from "@/components/marketing/score-vis/example-data"
>  6 | import {
     | ^^^^^^^
>  7 |   QrCode,
     | ^^^^^^^^^
>  8 |   DEMO_VERIFY_URL,
     | ^^^^^^^^^^^^^^^^^^
>  9 |   DEMO_VERIFY_URL_DISPLAY,
     | ^^^^^^^^^^^^^^^^^^^^^^^^^^
> 10 | } from "@/components/marketing/hero/qr-code"
     | ^^^^^^^^^^^^^^^^^^^^^^^^^^^^^^^^^^^^^^^^^^^^
  11 | import { computeScoreTrend, formatDeltaAbs } from "@/lib/score-trend"
  12 | import { getPercentileLabel } from "@/lib/progress/gwth-score"
  13 | import { cn } from "@/lib/utils"

The export DEMO_VERIFY_URL was not found in module [project]/src/components/marketing/hero/qr-code.tsx [app-client] (ecmascript).
Did you mean to import DEMO_SCORE_URL?
All exports of the module are statically known (It doesn't have dynamic exports). So it's known statically that the requested export doesn't exist.

Import traces:
  Client Component Browser:
    ./src/components/marketing/hero/hero-device.tsx [Client Component Browser]
    ./src/components/marketing/redesign/palette-explorer.tsx [Client Component Browser]
    ./src/components/marketing/redesign/palette-explorer.tsx [Server Component]
    ./src/app/redesign_v2/page.tsx [Server Component]

  Client Component SSR:
    ./src/components/marketing/hero/hero-device.tsx [Client Component SSR]
    ./src/components/marketing/redesign/palette-explorer.tsx [Client Component SSR]
    ./src/components/marketing/redesign/palette-explorer.tsx [Server Component]
    ./src/app/redesign_v2/page.tsx [Server Component] @ http://localhost:3000/_next/static/chunks/node_modules_next_dist_115brz8._.js:3272
[  356152ms] [ERROR] ./src/components/marketing/hero/hero-device.tsx:6:1
Export DEMO_VERIFY_URL doesn't exist in target module
   4 | import { ScoreExplainer } from "@/components/marketing/score-explainer/score-explainer"
   5 | import { EXAMPLE_SCORE_HISTORY } from "@/components/marketing/score-vis/example-data"
>  6 | import {
     | ^^^^^^^
>  7 |   QrCode,
     | ^^^^^^^^^
>  8 |   DEMO_VERIFY_URL,
     | ^^^^^^^^^^^^^^^^^^
>  9 |   DEMO_VERIFY_URL_DISPLAY,
     | ^^^^^^^^^^^^^^^^^^^^^^^^^^
> 10 | } from "@/components/marketing/hero/qr-code"
     | ^^^^^^^^^^^^^^^^^^^^^^^^^^^^^^^^^^^^^^^^^^^^
  11 | import { computeScoreTrend, formatDeltaAbs } from "@/lib/score-trend"
  12 | import { getPercentileLabel } from "@/lib/progress/gwth-score"
  13 | import { cn } from "@/lib/utils"

The export DEMO_VERIFY_URL was not found in module [project]/src/components/marketing/hero/qr-code.tsx [app-ssr] (ecmascript).
Did you mean to import DEMO_SCORE_URL?
All exports of the module are statically known (It doesn't have dynamic exports). So it's known statically that the requested export doesn't exist.

Import traces:
  Client Component Browser:
    ./src/components/marketing/hero/hero-device.tsx [Client Component Browser]
    ./src/components/marketing/redesign/palette-explorer.tsx [Client Component Browser]
    ./src/components/marketing/redesign/palette-explorer.tsx [Server Component]
    ./src/app/redesign_v2/page.tsx [Server Component]

  Client Component SSR:
    ./src/components/marketing/hero/hero-device.tsx [Client Component SSR]
    ./src/components/marketing/redesign/palette-explorer.tsx [Client Component SSR]
    ./src/components/marketing/redesign/palette-explorer.tsx [Server Component]
    ./src/app/redesign_v2/page.tsx [Server Component] @ http://localhost:3000/_next/static/chunks/node_modules_next_dist_115brz8._.js:3272
[  356153ms] [ERROR] ./src/components/marketing/hero/hero-device.tsx:6:1
Export DEMO_VERIFY_URL_DISPLAY doesn't exist in target module
   4 | import { ScoreExplainer } from "@/components/marketing/score-explainer/score-explainer"
   5 | import { EXAMPLE_SCORE_HISTORY } from "@/components/marketing/score-vis/example-data"
>  6 | import {
     | ^^^^^^^
>  7 |   QrCode,
     | ^^^^^^^^^
>  8 |   DEMO_VERIFY_URL,
     | ^^^^^^^^^^^^^^^^^^
>  9 |   DEMO_VERIFY_URL_DISPLAY,
     | ^^^^^^^^^^^^^^^^^^^^^^^^^^
> 10 | } from "@/components/marketing/hero/qr-code"
     | ^^^^^^^^^^^^^^^^^^^^^^^^^^^^^^^^^^^^^^^^^^^^
  11 | import { computeScoreTrend, formatDeltaAbs } from "@/lib/score-trend"
  12 | import { getPercentileLabel } from "@/lib/progress/gwth-score"
  13 | import { cn } from "@/lib/utils"

The export DEMO_VERIFY_URL_DISPLAY was not found in module [project]/src/components/marketing/hero/qr-code.tsx [app-client] (ecmascript).
Did you mean to import DEMO_SCORE_URL_DISPLAY?
All exports of the module are statically known (It doesn't have dynamic exports). So it's known statically that the requested export doesn't exist.

Import traces:
  Client Component Browser:
    ./src/components/marketing/hero/hero-device.tsx [Client Component Browser]
    ./src/components/marketing/redesign/palette-explorer.tsx [Client Component Browser]
    ./src/components/marketing/redesign/palette-explorer.tsx [Server Component]
    ./src/app/redesign_v2/page.tsx [Server Component]

  Client Component SSR:
    ./src/components/marketing/hero/hero-device.tsx [Client Component SSR]
    ./src/components/marketing/redesign/palette-explorer.tsx [Client Component SSR]
    ./src/components/marketing/redesign/palette-explorer.tsx [Server Component]
    ./src/app/redesign_v2/page.tsx [Server Component] @ http://localhost:3000/_next/static/chunks/node_modules_next_dist_115brz8._.js:3272
[  356154ms] [ERROR] ./src/components/marketing/hero/hero-device.tsx:6:1
Export DEMO_VERIFY_URL_DISPLAY doesn't exist in target module
   4 | import { ScoreExplainer } from "@/components/marketing/score-explainer/score-explainer"
   5 | import { EXAMPLE_SCORE_HISTORY } from "@/components/marketing/score-vis/example-data"
>  6 | import {
     | ^^^^^^^
>  7 |   QrCode,
     | ^^^^^^^^^
>  8 |   DEMO_VERIFY_URL,
     | ^^^^^^^^^^^^^^^^^^
>  9 |   DEMO_VERIFY_URL_DISPLAY,
     | ^^^^^^^^^^^^^^^^^^^^^^^^^^
> 10 | } from "@/components/marketing/hero/qr-code"
     | ^^^^^^^^^^^^^^^^^^^^^^^^^^^^^^^^^^^^^^^^^^^^
  11 | import { computeScoreTrend, formatDeltaAbs } from "@/lib/score-trend"
  12 | import { getPercentileLabel } from "@/lib/progress/gwth-score"
  13 | import { cn } from "@/lib/utils"

The export DEMO_VERIFY_URL_DISPLAY was not found in module [project]/src/components/marketing/hero/qr-code.tsx [app-ssr] (ecmascript).
Did you mean to import DEMO_SCORE_URL_DISPLAY?
All exports of the module are statically known (It doesn't have dynamic exports). So it's known statically that the requested export doesn't exist.

Import traces:
  Client Component Browser:
    ./src/components/marketing/hero/hero-device.tsx [Client Component Browser]
    ./src/components/marketing/redesign/palette-explorer.tsx [Client Component Browser]
    ./src/components/marketing/redesign/palette-explorer.tsx [Server Component]
    ./src/app/redesign_v2/page.tsx [Server Component]

  Client Component SSR:
    ./src/components/marketing/hero/hero-device.tsx [Client Component SSR]
    ./src/components/marketing/redesign/palette-explorer.tsx [Client Component SSR]
    ./src/components/marketing/redesign/palette-explorer.tsx [Server Component]
    ./src/app/redesign_v2/page.tsx [Server Component] @ http://localhost:3000/_next/static/chunks/node_modules_next_dist_115brz8._.js:3272
[  356245ms] [LOG] [Fast Refresh] rebuilding @ http://localhost:3000/_next/static/chunks/node_modules_next_dist_115brz8._.js:2431
[  356606ms] [LOG] [Fast Refresh] rebuilding @ http://localhost:3000/_next/static/chunks/node_modules_next_dist_115brz8._.js:2431
[  356670ms] [ERROR] ./src/components/marketing/hero/hero-device.tsx:6:1
Export DEMO_VERIFY_URL doesn't exist in target module
   4 | import { ScoreExplainer } from "@/components/marketing/score-explainer/score-explainer"
   5 | import { EXAMPLE_SCORE_HISTORY } from "@/components/marketing/score-vis/example-data"
>  6 | import {
     | ^^^^^^^
>  7 |   QrCode,
     | ^^^^^^^^^
>  8 |   DEMO_VERIFY_URL,
     | ^^^^^^^^^^^^^^^^^^
>  9 |   DEMO_VERIFY_URL_DISPLAY,
     | ^^^^^^^^^^^^^^^^^^^^^^^^^^
> 10 | } from "@/components/marketing/hero/qr-code"
     | ^^^^^^^^^^^^^^^^^^^^^^^^^^^^^^^^^^^^^^^^^^^^
  11 | import { computeScoreTrend, formatDeltaAbs } from "@/lib/score-trend"
  12 | import { getPercentileLabel } from "@/lib/progress/gwth-score"
  13 | import { cn } from "@/lib/utils"

The export DEMO_VERIFY_URL was not found in module [project]/src/components/marketing/hero/qr-code.tsx [app-rsc] (ecmascript).
Did you mean to import DEMO_SCORE_URL?
All exports of the module are statically known (It doesn't have dynamic exports). So it's known statically that the requested export doesn't exist.

Import trace:
  Server Component:
    ./src/components/marketing/hero/hero-device.tsx
    ./src/components/marketing/editorial-homepage/editorial-homepage.tsx
    ./src/app/(public)/page.tsx @ http://localhost:3000/_next/static/chunks/node_modules_next_dist_115brz8._.js:3272
[  356671ms] [ERROR] ./src/components/marketing/hero/hero-device.tsx:6:1
Export DEMO_VERIFY_URL_DISPLAY doesn't exist in target module
   4 | import { ScoreExplainer } from "@/components/marketing/score-explainer/score-explainer"
   5 | import { EXAMPLE_SCORE_HISTORY } from "@/components/marketing/score-vis/example-data"
>  6 | import {
     | ^^^^^^^
>  7 |   QrCode,
     | ^^^^^^^^^
>  8 |   DEMO_VERIFY_URL,
     | ^^^^^^^^^^^^^^^^^^
>  9 |   DEMO_VERIFY_URL_DISPLAY,
     | ^^^^^^^^^^^^^^^^^^^^^^^^^^
> 10 | } from "@/components/marketing/hero/qr-code"
     | ^^^^^^^^^^^^^^^^^^^^^^^^^^^^^^^^^^^^^^^^^^^^
  11 | import { computeScoreTrend, formatDeltaAbs } from "@/lib/score-trend"
  12 | import { getPercentileLabel } from "@/lib/progress/gwth-score"
  13 | import { cn } from "@/lib/utils"

The export DEMO_VERIFY_URL_DISPLAY was not found in module [project]/src/components/marketing/hero/qr-code.tsx [app-rsc] (ecmascript).
Did you mean to import DEMO_SCORE_URL_DISPLAY?
All exports of the module are statically known (It doesn't have dynamic exports). So it's known statically that the requested export doesn't exist.

Import trace:
  Server Component:
    ./src/components/marketing/hero/hero-device.tsx
    ./src/components/marketing/editorial-homepage/editorial-homepage.tsx
    ./src/app/(public)/page.tsx @ http://localhost:3000/_next/static/chunks/node_modules_next_dist_115brz8._.js:3272
[  356671ms] [ERROR] ./src/components/marketing/hero/hero-device.tsx:6:1
Export DEMO_VERIFY_URL doesn't exist in target module
   4 | import { ScoreExplainer } from "@/components/marketing/score-explainer/score-explainer"
   5 | import { EXAMPLE_SCORE_HISTORY } from "@/components/marketing/score-vis/example-data"
>  6 | import {
     | ^^^^^^^
>  7 |   QrCode,
     | ^^^^^^^^^
>  8 |   DEMO_VERIFY_URL,
     | ^^^^^^^^^^^^^^^^^^
>  9 |   DEMO_VERIFY_URL_DISPLAY,
     | ^^^^^^^^^^^^^^^^^^^^^^^^^^
> 10 | } from "@/components/marketing/hero/qr-code"
     | ^^^^^^^^^^^^^^^^^^^^^^^^^^^^^^^^^^^^^^^^^^^^
  11 | import { computeScoreTrend, formatDeltaAbs } from "@/lib/score-trend"
  12 | import { getPercentileLabel } from "@/lib/progress/gwth-score"
  13 | import { cn } from "@/lib/utils"

The export DEMO_VERIFY_URL was not found in module [project]/src/components/marketing/hero/qr-code.tsx [app-client] (ecmascript).
Did you mean to import DEMO_SCORE_URL?
All exports of the module are statically known (It doesn't have dynamic exports). So it's known statically that the requested export doesn't exist.

Import traces:
  Client Component Browser:
    ./src/components/marketing/hero/hero-device.tsx [Client Component Browser]
    ./src/components/marketing/redesign/palette-explorer.tsx [Client Component Browser]
    ./src/components/marketing/redesign/palette-explorer.tsx [Server Component]
    ./src/app/redesign_v2/page.tsx [Server Component]

  Client Component SSR:
    ./src/components/marketing/hero/hero-device.tsx [Client Component SSR]
    ./src/components/marketing/redesign/palette-explorer.tsx [Client Component SSR]
    ./src/components/marketing/redesign/palette-explorer.tsx [Server Component]
    ./src/app/redesign_v2/page.tsx [Server Component] @ http://localhost:3000/_next/static/chunks/node_modules_next_dist_115brz8._.js:3272
[  356672ms] [ERROR] ./src/components/marketing/hero/hero-device.tsx:6:1
Export DEMO_VERIFY_URL doesn't exist in target module
   4 | import { ScoreExplainer } from "@/components/marketing/score-explainer/score-explainer"
   5 | import { EXAMPLE_SCORE_HISTORY } from "@/components/marketing/score-vis/example-data"
>  6 | import {
     | ^^^^^^^
>  7 |   QrCode,
     | ^^^^^^^^^
>  8 |   DEMO_VERIFY_URL,
     | ^^^^^^^^^^^^^^^^^^
>  9 |   DEMO_VERIFY_URL_DISPLAY,
     | ^^^^^^^^^^^^^^^^^^^^^^^^^^
> 10 | } from "@/components/marketing/hero/qr-code"
     | ^^^^^^^^^^^^^^^^^^^^^^^^^^^^^^^^^^^^^^^^^^^^
  11 | import { computeScoreTrend, formatDeltaAbs } from "@/lib/score-trend"
  12 | import { getPercentileLabel } from "@/lib/progress/gwth-score"
  13 | import { cn } from "@/lib/utils"

The export DEMO_VERIFY_URL was not found in module [project]/src/components/marketing/hero/qr-code.tsx [app-ssr] (ecmascript).
Did you mean to import DEMO_SCORE_URL?
All exports of the module are statically known (It doesn't have dynamic exports). So it's known statically that the requested export doesn't exist.

Import traces:
  Client Component Browser:
    ./src/components/marketing/hero/hero-device.tsx [Client Component Browser]
    ./src/components/marketing/redesign/palette-explorer.tsx [Client Component Browser]
    ./src/components/marketing/redesign/palette-explorer.tsx [Server Component]
    ./src/app/redesign_v2/page.tsx [Server Component]

  Client Component SSR:
    ./src/components/marketing/hero/hero-device.tsx [Client Component SSR]
    ./src/components/marketing/redesign/palette-explorer.tsx [Client Component SSR]
    ./src/components/marketing/redesign/palette-explorer.tsx [Server Component]
    ./src/app/redesign_v2/page.tsx [Server Component] @ http://localhost:3000/_next/static/chunks/node_modules_next_dist_115brz8._.js:3272
[  356672ms] [ERROR] ./src/components/marketing/hero/hero-device.tsx:6:1
Export DEMO_VERIFY_URL_DISPLAY doesn't exist in target module
   4 | import { ScoreExplainer } from "@/components/marketing/score-explainer/score-explainer"
   5 | import { EXAMPLE_SCORE_HISTORY } from "@/components/marketing/score-vis/example-data"
>  6 | import {
     | ^^^^^^^
>  7 |   QrCode,
     | ^^^^^^^^^
>  8 |   DEMO_VERIFY_URL,
     | ^^^^^^^^^^^^^^^^^^
>  9 |   DEMO_VERIFY_URL_DISPLAY,
     | ^^^^^^^^^^^^^^^^^^^^^^^^^^
> 10 | } from "@/components/marketing/hero/qr-code"
     | ^^^^^^^^^^^^^^^^^^^^^^^^^^^^^^^^^^^^^^^^^^^^
  11 | import { computeScoreTrend, formatDeltaAbs } from "@/lib/score-trend"
  12 | import { getPercentileLabel } from "@/lib/progress/gwth-score"
  13 | import { cn } from "@/lib/utils"

The export DEMO_VERIFY_URL_DISPLAY was not found in module [project]/src/components/marketing/hero/qr-code.tsx [app-client] (ecmascript).
Did you mean to import DEMO_SCORE_URL_DISPLAY?
All exports of the module are statically known (It doesn't have dynamic exports). So it's known statically that the requested export doesn't exist.

Import traces:
  Client Component Browser:
    ./src/components/marketing/hero/hero-device.tsx [Client Component Browser]
    ./src/components/marketing/redesign/palette-explorer.tsx [Client Component Browser]
    ./src/components/marketing/redesign/palette-explorer.tsx [Server Component]
    ./src/app/redesign_v2/page.tsx [Server Component]

  Client Component SSR:
    ./src/components/marketing/hero/hero-device.tsx [Client Component SSR]
    ./src/components/marketing/redesign/palette-explorer.tsx [Client Component SSR]
    ./src/components/marketing/redesign/palette-explorer.tsx [Server Component]
    ./src/app/redesign_v2/page.tsx [Server Component] @ http://localhost:3000/_next/static/chunks/node_modules_next_dist_115brz8._.js:3272
[  356673ms] [ERROR] ./src/components/marketing/hero/hero-device.tsx:6:1
Export DEMO_VERIFY_URL_DISPLAY doesn't exist in target module
   4 | import { ScoreExplainer } from "@/components/marketing/score-explainer/score-explainer"
   5 | import { EXAMPLE_SCORE_HISTORY } from "@/components/marketing/score-vis/example-data"
>  6 | import {
     | ^^^^^^^
>  7 |   QrCode,
     | ^^^^^^^^^
>  8 |   DEMO_VERIFY_URL,
     | ^^^^^^^^^^^^^^^^^^
>  9 |   DEMO_VERIFY_URL_DISPLAY,
     | ^^^^^^^^^^^^^^^^^^^^^^^^^^
> 10 | } from "@/components/marketing/hero/qr-code"
     | ^^^^^^^^^^^^^^^^^^^^^^^^^^^^^^^^^^^^^^^^^^^^
  11 | import { computeScoreTrend, formatDeltaAbs } from "@/lib/score-trend"
  12 | import { getPercentileLabel } from "@/lib/progress/gwth-score"
  13 | import { cn } from "@/lib/utils"

The export DEMO_VERIFY_URL_DISPLAY was not found in module [project]/src/components/marketing/hero/qr-code.tsx [app-ssr] (ecmascript).
Did you mean to import DEMO_SCORE_URL_DISPLAY?
All exports of the module are statically known (It doesn't have dynamic exports). So it's known statically that the requested export doesn't exist.

Import traces:
  Client Component Browser:
    ./src/components/marketing/hero/hero-device.tsx [Client Component Browser]
    ./src/components/marketing/redesign/palette-explorer.tsx [Client Component Browser]
    ./src/components/marketing/redesign/palette-explorer.tsx [Server Component]
    ./src/app/redesign_v2/page.tsx [Server Component]

  Client Component SSR:
    ./src/components/marketing/hero/hero-device.tsx [Client Component SSR]
    ./src/components/marketing/redesign/palette-explorer.tsx [Client Component SSR]
    ./src/components/marketing/redesign/palette-explorer.tsx [Server Component]
    ./src/app/redesign_v2/page.tsx [Server Component] @ http://localhost:3000/_next/static/chunks/node_modules_next_dist_115brz8._.js:3272
[  357599ms] [LOG] [Fast Refresh] rebuilding @ http://localhost:3000/_next/static/chunks/node_modules_next_dist_115brz8._.js:2431
[  357705ms] [ERROR] ./src/components/marketing/hero/hero-device.tsx:6:1
Export DEMO_VERIFY_URL doesn't exist in target module
   4 | import { ScoreExplainer } from "@/components/marketing/score-explainer/score-explainer"
   5 | import { EXAMPLE_SCORE_HISTORY } from "@/components/marketing/score-vis/example-data"
>  6 | import {
     | ^^^^^^^
>  7 |   QrCode,
     | ^^^^^^^^^
>  8 |   DEMO_VERIFY_URL,
     | ^^^^^^^^^^^^^^^^^^
>  9 |   DEMO_VERIFY_URL_DISPLAY,
     | ^^^^^^^^^^^^^^^^^^^^^^^^^^
> 10 | } from "@/components/marketing/hero/qr-code"
     | ^^^^^^^^^^^^^^^^^^^^^^^^^^^^^^^^^^^^^^^^^^^^
  11 | import { computeScoreTrend, formatDeltaAbs } from "@/lib/score-trend"
  12 | import { getPercentileLabel } from "@/lib/progress/gwth-score"
  13 | import { cn } from "@/lib/utils"

The export DEMO_VERIFY_URL was not found in module [project]/src/components/marketing/hero/qr-code.tsx [app-rsc] (ecmascript).
Did you mean to import DEMO_SCORE_URL?
All exports of the module are statically known (It doesn't have dynamic exports). So it's known statically that the requested export doesn't exist.

Import trace:
  Server Component:
    ./src/components/marketing/hero/hero-device.tsx
    ./src/components/marketing/editorial-homepage/editorial-homepage.tsx
    ./src/app/(public)/page.tsx @ http://localhost:3000/_next/static/chunks/node_modules_next_dist_115brz8._.js:3272
[  357706ms] [ERROR] ./src/components/marketing/hero/hero-device.tsx:6:1
Export DEMO_VERIFY_URL_DISPLAY doesn't exist in target module
   4 | import { ScoreExplainer } from "@/components/marketing/score-explainer/score-explainer"
   5 | import { EXAMPLE_SCORE_HISTORY } from "@/components/marketing/score-vis/example-data"
>  6 | import {
     | ^^^^^^^
>  7 |   QrCode,
     | ^^^^^^^^^
>  8 |   DEMO_VERIFY_URL,
     | ^^^^^^^^^^^^^^^^^^
>  9 |   DEMO_VERIFY_URL_DISPLAY,
     | ^^^^^^^^^^^^^^^^^^^^^^^^^^
> 10 | } from "@/components/marketing/hero/qr-code"
     | ^^^^^^^^^^^^^^^^^^^^^^^^^^^^^^^^^^^^^^^^^^^^
  11 | import { computeScoreTrend, formatDeltaAbs } from "@/lib/score-trend"
  12 | import { getPercentileLabel } from "@/lib/progress/gwth-score"
  13 | import { cn } from "@/lib/utils"

The export DEMO_VERIFY_URL_DISPLAY was not found in module [project]/src/components/marketing/hero/qr-code.tsx [app-rsc] (ecmascript).
Did you mean to import DEMO_SCORE_URL_DISPLAY?
All exports of the module are statically known (It doesn't have dynamic exports). So it's known statically that the requested export doesn't exist.

Import trace:
  Server Component:
    ./src/components/marketing/hero/hero-device.tsx
    ./src/components/marketing/editorial-homepage/editorial-homepage.tsx
    ./src/app/(public)/page.tsx @ http://localhost:3000/_next/static/chunks/node_modules_next_dist_115brz8._.js:3272
[  357706ms] [ERROR] ./src/components/marketing/hero/hero-device.tsx:6:1
Export DEMO_VERIFY_URL doesn't exist in target module
   4 | import { ScoreExplainer } from "@/components/marketing/score-explainer/score-explainer"
   5 | import { EXAMPLE_SCORE_HISTORY } from "@/components/marketing/score-vis/example-data"
>  6 | import {
     | ^^^^^^^
>  7 |   QrCode,
     | ^^^^^^^^^
>  8 |   DEMO_VERIFY_URL,
     | ^^^^^^^^^^^^^^^^^^
>  9 |   DEMO_VERIFY_URL_DISPLAY,
     | ^^^^^^^^^^^^^^^^^^^^^^^^^^
> 10 | } from "@/components/marketing/hero/qr-code"
     | ^^^^^^^^^^^^^^^^^^^^^^^^^^^^^^^^^^^^^^^^^^^^
  11 | import { computeScoreTrend, formatDeltaAbs } from "@/lib/score-trend"
  12 | import { getPercentileLabel } from "@/lib/progress/gwth-score"
  13 | import { cn } from "@/lib/utils"

The export DEMO_VERIFY_URL was not found in module [project]/src/components/marketing/hero/qr-code.tsx [app-client] (ecmascript).
Did you mean to import DEMO_SCORE_URL?
All exports of the module are statically known (It doesn't have dynamic exports). So it's known statically that the requested export doesn't exist.

Import traces:
  Client Component Browser:
    ./src/components/marketing/hero/hero-device.tsx [Client Component Browser]
    ./src/components/marketing/redesign/palette-explorer.tsx [Client Component Browser]
    ./src/components/marketing/redesign/palette-explorer.tsx [Server Component]
    ./src/app/redesign_v2/page.tsx [Server Component]

  Client Component SSR:
    ./src/components/marketing/hero/hero-device.tsx [Client Component SSR]
    ./src/components/marketing/redesign/palette-explorer.tsx [Client Component SSR]
    ./src/components/marketing/redesign/palette-explorer.tsx [Server Component]
    ./src/app/redesign_v2/page.tsx [Server Component] @ http://localhost:3000/_next/static/chunks/node_modules_next_dist_115brz8._.js:3272
[  357706ms] [ERROR] ./src/components/marketing/hero/hero-device.tsx:6:1
Export DEMO_VERIFY_URL doesn't exist in target module
   4 | import { ScoreExplainer } from "@/components/marketing/score-explainer/score-explainer"
   5 | import { EXAMPLE_SCORE_HISTORY } from "@/components/marketing/score-vis/example-data"
>  6 | import {
     | ^^^^^^^
>  7 |   QrCode,
     | ^^^^^^^^^
>  8 |   DEMO_VERIFY_URL,
     | ^^^^^^^^^^^^^^^^^^
>  9 |   DEMO_VERIFY_URL_DISPLAY,
     | ^^^^^^^^^^^^^^^^^^^^^^^^^^
> 10 | } from "@/components/marketing/hero/qr-code"
     | ^^^^^^^^^^^^^^^^^^^^^^^^^^^^^^^^^^^^^^^^^^^^
  11 | import { computeScoreTrend, formatDeltaAbs } from "@/lib/score-trend"
  12 | import { getPercentileLabel } from "@/lib/progress/gwth-score"
  13 | import { cn } from "@/lib/utils"

The export DEMO_VERIFY_URL was not found in module [project]/src/components/marketing/hero/qr-code.tsx [app-ssr] (ecmascript).
Did you mean to import DEMO_SCORE_URL?
All exports of the module are statically known (It doesn't have dynamic exports). So it's known statically that the requested export doesn't exist.

Import traces:
  Client Component Browser:
    ./src/components/marketing/hero/hero-device.tsx [Client Component Browser]
    ./src/components/marketing/redesign/palette-explorer.tsx [Client Component Browser]
    ./src/components/marketing/redesign/palette-explorer.tsx [Server Component]
    ./src/app/redesign_v2/page.tsx [Server Component]

  Client Component SSR:
    ./src/components/marketing/hero/hero-device.tsx [Client Component SSR]
    ./src/components/marketing/redesign/palette-explorer.tsx [Client Component SSR]
    ./src/components/marketing/redesign/palette-explorer.tsx [Server Component]
    ./src/app/redesign_v2/page.tsx [Server Component] @ http://localhost:3000/_next/static/chunks/node_modules_next_dist_115brz8._.js:3272
[  357707ms] [ERROR] ./src/components/marketing/hero/hero-device.tsx:6:1
Export DEMO_VERIFY_URL_DISPLAY doesn't exist in target module
   4 | import { ScoreExplainer } from "@/components/marketing/score-explainer/score-explainer"
   5 | import { EXAMPLE_SCORE_HISTORY } from "@/components/marketing/score-vis/example-data"
>  6 | import {
     | ^^^^^^^
>  7 |   QrCode,
     | ^^^^^^^^^
>  8 |   DEMO_VERIFY_URL,
     | ^^^^^^^^^^^^^^^^^^
>  9 |   DEMO_VERIFY_URL_DISPLAY,
     | ^^^^^^^^^^^^^^^^^^^^^^^^^^
> 10 | } from "@/components/marketing/hero/qr-code"
     | ^^^^^^^^^^^^^^^^^^^^^^^^^^^^^^^^^^^^^^^^^^^^
  11 | import { computeScoreTrend, formatDeltaAbs } from "@/lib/score-trend"
  12 | import { getPercentileLabel } from "@/lib/progress/gwth-score"
  13 | import { cn } from "@/lib/utils"

The export DEMO_VERIFY_URL_DISPLAY was not found in module [project]/src/components/marketing/hero/qr-code.tsx [app-client] (ecmascript).
Did you mean to import DEMO_SCORE_URL_DISPLAY?
All exports of the module are statically known (It doesn't have dynamic exports). So it's known statically that the requested export doesn't exist.

Import traces:
  Client Component Browser:
    ./src/components/marketing/hero/hero-device.tsx [Client Component Browser]
    ./src/components/marketing/redesign/palette-explorer.tsx [Client Component Browser]
    ./src/components/marketing/redesign/palette-explorer.tsx [Server Component]
    ./src/app/redesign_v2/page.tsx [Server Component]

  Client Component SSR:
    ./src/components/marketing/hero/hero-device.tsx [Client Component SSR]
    ./src/components/marketing/redesign/palette-explorer.tsx [Client Component SSR]
    ./src/components/marketing/redesign/palette-explorer.tsx [Server Component]
    ./src/app/redesign_v2/page.tsx [Server Component] @ http://localhost:3000/_next/static/chunks/node_modules_next_dist_115brz8._.js:3272
[  357707ms] [ERROR] ./src/components/marketing/hero/hero-device.tsx:6:1
Export DEMO_VERIFY_URL_DISPLAY doesn't exist in target module
   4 | import { ScoreExplainer } from "@/components/marketing/score-explainer/score-explainer"
   5 | import { EXAMPLE_SCORE_HISTORY } from "@/components/marketing/score-vis/example-data"
>  6 | import {
     | ^^^^^^^
>  7 |   QrCode,
     | ^^^^^^^^^
>  8 |   DEMO_VERIFY_URL,
     | ^^^^^^^^^^^^^^^^^^
>  9 |   DEMO_VERIFY_URL_DISPLAY,
     | ^^^^^^^^^^^^^^^^^^^^^^^^^^
> 10 | } from "@/components/marketing/hero/qr-code"
     | ^^^^^^^^^^^^^^^^^^^^^^^^^^^^^^^^^^^^^^^^^^^^
  11 | import { computeScoreTrend, formatDeltaAbs } from "@/lib/score-trend"
  12 | import { getPercentileLabel } from "@/lib/progress/gwth-score"
  13 | import { cn } from "@/lib/utils"

The export DEMO_VERIFY_URL_DISPLAY was not found in module [project]/src/components/marketing/hero/qr-code.tsx [app-ssr] (ecmascript).
Did you mean to import DEMO_SCORE_URL_DISPLAY?
All exports of the module are statically known (It doesn't have dynamic exports). So it's known statically that the requested export doesn't exist.

Import traces:
  Client Component Browser:
    ./src/components/marketing/hero/hero-device.tsx [Client Component Browser]
    ./src/components/marketing/redesign/palette-explorer.tsx [Client Component Browser]
    ./src/components/marketing/redesign/palette-explorer.tsx [Server Component]
    ./src/app/redesign_v2/page.tsx [Server Component]

  Client Component SSR:
    ./src/components/marketing/hero/hero-device.tsx [Client Component SSR]
    ./src/components/marketing/redesign/palette-explorer.tsx [Client Component SSR]
    ./src/components/marketing/redesign/palette-explorer.tsx [Server Component]
    ./src/app/redesign_v2/page.tsx [Server Component] @ http://localhost:3000/_next/static/chunks/node_modules_next_dist_115brz8._.js:3272
[  357748ms] [ERROR] Failed to load resource: the server responded with a status of 500 (Internal Server Error) @ http://localhost:3000/:0
[  358280ms] [INFO] %cDownload the React DevTools for a better development experience: https://react.dev/link/react-devtools font-weight:bold @ http://localhost:3000/_next/static/chunks/node_modules_react-dom_0bruynb._.js:15305
[  358507ms] Error: ./src/components/marketing/hero/hero-device.tsx:6:1
Export DEMO_VERIFY_URL doesn't exist in target module
   4 | import { ScoreExplainer } from "@/components/marketing/score-explainer/score-explainer"
   5 | import { EXAMPLE_SCORE_HISTORY } from "@/components/marketing/score-vis/example-data"
>  6 | import {
     | ^^^^^^^
>  7 |   QrCode,
     | ^^^^^^^^^
>  8 |   DEMO_VERIFY_URL,
     | ^^^^^^^^^^^^^^^^^^
>  9 |   DEMO_VERIFY_URL_DISPLAY,
     | ^^^^^^^^^^^^^^^^^^^^^^^^^^
> 10 | } from "@/components/marketing/hero/qr-code"
     | ^^^^^^^^^^^^^^^^^^^^^^^^^^^^^^^^^^^^^^^^^^^^
  11 | import { computeScoreTrend, formatDeltaAbs } from "@/lib/score-trend"
  12 | import { getPercentileLabel } from "@/lib/progress/gwth-score"
  13 | import { cn } from "@/lib/utils"

The export DEMO_VERIFY_URL was not found in module [project]/src/components/marketing/hero/qr-code.tsx [app-rsc] (ecmascript).
Did you mean to import DEMO_SCORE_URL?
All exports of the module are statically known (It doesn't have dynamic exports). So it's known statically that the requested export doesn't exist.

Import trace:
  Server Component:
    ./src/components/marketing/hero/hero-device.tsx
    ./src/components/marketing/editorial-homepage/editorial-homepage.tsx
    ./src/app/(public)/page.tsx


    at <unknown> (Error: ./src/components/marketing/hero/hero-device.tsx:6:1)
    at Object.getCompilationErrors (file://C:\Projects\GWTH_V2\node_modules\next\dist\server\dev\hot-reloader-turbopack.js:1186:59)
    at DevBundlerService.getCompilationError (file://C:\Projects\GWTH_V2\node_modules\next\dist\server\lib\dev-bundler-service.js:44:55)
    at DevServer.getCompilationError (file://C:\Projects\GWTH_V2\node_modules\next\dist\server\dev\next-dev-server.js:719:42)
    at DevServer.findPageComponents (file://C:\Projects\GWTH_V2\node_modules\next\dist\server\dev\next-dev-server.js:689:43)
    at async DevServer.renderErrorToResponseImpl (file://C:\Projects\GWTH_V2\node_modules\next\dist\server\base-server.js:1745:26)
[  358505ms] [LOG] [HMR] connected @ http://localhost:3000/_next/static/chunks/node_modules_next_dist_0u_w_5s._.js:1226
[  358520ms] [ERROR] ./src/components/marketing/hero/hero-device.tsx:6:1
Export DEMO_VERIFY_URL doesn't exist in target module
   4 | import { ScoreExplainer } from "@/components/marketing/score-explainer/score-explainer"
   5 | import { EXAMPLE_SCORE_HISTORY } from "@/components/marketing/score-vis/example-data"
>  6 | import {
     | ^^^^^^^
>  7 |   QrCode,
     | ^^^^^^^^^
>  8 |   DEMO_VERIFY_URL,
     | ^^^^^^^^^^^^^^^^^^
>  9 |   DEMO_VERIFY_URL_DISPLAY,
     | ^^^^^^^^^^^^^^^^^^^^^^^^^^
> 10 | } from "@/components/marketing/hero/qr-code"
     | ^^^^^^^^^^^^^^^^^^^^^^^^^^^^^^^^^^^^^^^^^^^^
  11 | import { computeScoreTrend, formatDeltaAbs } from "@/lib/score-trend"
  12 | import { getPercentileLabel } from "@/lib/progress/gwth-score"
  13 | import { cn } from "@/lib/utils"

The export DEMO_VERIFY_URL was not found in module [project]/src/components/marketing/hero/qr-code.tsx [app-rsc] (ecmascript).
Did you mean to import DEMO_SCORE_URL?
All exports of the module are statically known (It doesn't have dynamic exports). So it's known statically that the requested export doesn't exist.

Import trace:
  Server Component:
    ./src/components/marketing/hero/hero-device.tsx
    ./src/components/marketing/editorial-homepage/editorial-homepage.tsx
    ./src/app/(public)/page.tsx @ http://localhost:3000/_next/static/chunks/node_modules_next_dist_0u_w_5s._.js:1945
[  358521ms] [ERROR] ./src/components/marketing/hero/hero-device.tsx:6:1
Export DEMO_VERIFY_URL_DISPLAY doesn't exist in target module
   4 | import { ScoreExplainer } from "@/components/marketing/score-explainer/score-explainer"
   5 | import { EXAMPLE_SCORE_HISTORY } from "@/components/marketing/score-vis/example-data"
>  6 | import {
     | ^^^^^^^
>  7 |   QrCode,
     | ^^^^^^^^^
>  8 |   DEMO_VERIFY_URL,
     | ^^^^^^^^^^^^^^^^^^
>  9 |   DEMO_VERIFY_URL_DISPLAY,
     | ^^^^^^^^^^^^^^^^^^^^^^^^^^
> 10 | } from "@/components/marketing/hero/qr-code"
     | ^^^^^^^^^^^^^^^^^^^^^^^^^^^^^^^^^^^^^^^^^^^^
  11 | import { computeScoreTrend, formatDeltaAbs } from "@/lib/score-trend"
  12 | import { getPercentileLabel } from "@/lib/progress/gwth-score"
  13 | import { cn } from "@/lib/utils"

The export DEMO_VERIFY_URL_DISPLAY was not found in module [project]/src/components/marketing/hero/qr-code.tsx [app-rsc] (ecmascript).
Did you mean to import DEMO_SCORE_URL_DISPLAY?
All exports of the module are statically known (It doesn't have dynamic exports). So it's known statically that the requested export doesn't exist.

Import trace:
  Server Component:
    ./src/components/marketing/hero/hero-device.tsx
    ./src/components/marketing/editorial-homepage/editorial-homepage.tsx
    ./src/app/(public)/page.tsx @ http://localhost:3000/_next/static/chunks/node_modules_next_dist_0u_w_5s._.js:1945
[  358521ms] [ERROR] ./src/components/marketing/hero/hero-device.tsx:6:1
Export DEMO_VERIFY_URL doesn't exist in target module
   4 | import { ScoreExplainer } from "@/components/marketing/score-explainer/score-explainer"
   5 | import { EXAMPLE_SCORE_HISTORY } from "@/components/marketing/score-vis/example-data"
>  6 | import {
     | ^^^^^^^
>  7 |   QrCode,
     | ^^^^^^^^^
>  8 |   DEMO_VERIFY_URL,
     | ^^^^^^^^^^^^^^^^^^
>  9 |   DEMO_VERIFY_URL_DISPLAY,
     | ^^^^^^^^^^^^^^^^^^^^^^^^^^
> 10 | } from "@/components/marketing/hero/qr-code"
     | ^^^^^^^^^^^^^^^^^^^^^^^^^^^^^^^^^^^^^^^^^^^^
  11 | import { computeScoreTrend, formatDeltaAbs } from "@/lib/score-trend"
  12 | import { getPercentileLabel } from "@/lib/progress/gwth-score"
  13 | import { cn } from "@/lib/utils"

The export DEMO_VERIFY_URL was not found in module [project]/src/components/marketing/hero/qr-code.tsx [app-client] (ecmascript).
Did you mean to import DEMO_SCORE_URL?
All exports of the module are statically known (It doesn't have dynamic exports). So it's known statically that the requested export doesn't exist.

Import traces:
  Client Component Browser:
    ./src/components/marketing/hero/hero-device.tsx [Client Component Browser]
    ./src/components/marketing/redesign/palette-explorer.tsx [Client Component Browser]
    ./src/components/marketing/redesign/palette-explorer.tsx [Server Component]
    ./src/app/redesign_v2/page.tsx [Server Component]

  Client Component SSR:
    ./src/components/marketing/hero/hero-device.tsx [Client Component SSR]
    ./src/components/marketing/redesign/palette-explorer.tsx [Client Component SSR]
    ./src/components/marketing/redesign/palette-explorer.tsx [Server Component]
    ./src/app/redesign_v2/page.tsx [Server Component] @ http://localhost:3000/_next/static/chunks/node_modules_next_dist_0u_w_5s._.js:1945
[  358522ms] [ERROR] ./src/components/marketing/hero/hero-device.tsx:6:1
Export DEMO_VERIFY_URL doesn't exist in target module
   4 | import { ScoreExplainer } from "@/components/marketing/score-explainer/score-explainer"
   5 | import { EXAMPLE_SCORE_HISTORY } from "@/components/marketing/score-vis/example-data"
>  6 | import {
     | ^^^^^^^
>  7 |   QrCode,
     | ^^^^^^^^^
>  8 |   DEMO_VERIFY_URL,
     | ^^^^^^^^^^^^^^^^^^
>  9 |   DEMO_VERIFY_URL_DISPLAY,
     | ^^^^^^^^^^^^^^^^^^^^^^^^^^
> 10 | } from "@/components/marketing/hero/qr-code"
     | ^^^^^^^^^^^^^^^^^^^^^^^^^^^^^^^^^^^^^^^^^^^^
  11 | import { computeScoreTrend, formatDeltaAbs } from "@/lib/score-trend"
  12 | import { getPercentileLabel } from "@/lib/progress/gwth-score"
  13 | import { cn } from "@/lib/utils"

The export DEMO_VERIFY_URL was not found in module [project]/src/components/marketing/hero/qr-code.tsx [app-ssr] (ecmascript).
Did you mean to import DEMO_SCORE_URL?
All exports of the module are statically known (It doesn't have dynamic exports). So it's known statically that the requested export doesn't exist.

Import traces:
  Client Component Browser:
    ./src/components/marketing/hero/hero-device.tsx [Client Component Browser]
    ./src/components/marketing/redesign/palette-explorer.tsx [Client Component Browser]
    ./src/components/marketing/redesign/palette-explorer.tsx [Server Component]
    ./src/app/redesign_v2/page.tsx [Server Component]

  Client Component SSR:
    ./src/components/marketing/hero/hero-device.tsx [Client Component SSR]
    ./src/components/marketing/redesign/palette-explorer.tsx [Client Component SSR]
    ./src/components/marketing/redesign/palette-explorer.tsx [Server Component]
    ./src/app/redesign_v2/page.tsx [Server Component] @ http://localhost:3000/_next/static/chunks/node_modules_next_dist_0u_w_5s._.js:1945
[  358522ms] [ERROR] ./src/components/marketing/hero/hero-device.tsx:6:1
Export DEMO_VERIFY_URL_DISPLAY doesn't exist in target module
   4 | import { ScoreExplainer } from "@/components/marketing/score-explainer/score-explainer"
   5 | import { EXAMPLE_SCORE_HISTORY } from "@/components/marketing/score-vis/example-data"
>  6 | import {
     | ^^^^^^^
>  7 |   QrCode,
     | ^^^^^^^^^
>  8 |   DEMO_VERIFY_URL,
     | ^^^^^^^^^^^^^^^^^^
>  9 |   DEMO_VERIFY_URL_DISPLAY,
     | ^^^^^^^^^^^^^^^^^^^^^^^^^^
> 10 | } from "@/components/marketing/hero/qr-code"
     | ^^^^^^^^^^^^^^^^^^^^^^^^^^^^^^^^^^^^^^^^^^^^
  11 | import { computeScoreTrend, formatDeltaAbs } from "@/lib/score-trend"
  12 | import { getPercentileLabel } from "@/lib/progress/gwth-score"
  13 | import { cn } from "@/lib/utils"

The export DEMO_VERIFY_URL_DISPLAY was not found in module [project]/src/components/marketing/hero/qr-code.tsx [app-client] (ecmascript).
Did you mean to import DEMO_SCORE_URL_DISPLAY?
All exports of the module are statically known (It doesn't have dynamic exports). So it's known statically that the requested export doesn't exist.

Import traces:
  Client Component Browser:
    ./src/components/marketing/hero/hero-device.tsx [Client Component Browser]
    ./src/components/marketing/redesign/palette-explorer.tsx [Client Component Browser]
    ./src/components/marketing/redesign/palette-explorer.tsx [Server Component]
    ./src/app/redesign_v2/page.tsx [Server Component]

  Client Component SSR:
    ./src/components/marketing/hero/hero-device.tsx [Client Component SSR]
    ./src/components/marketing/redesign/palette-explorer.tsx [Client Component SSR]
    ./src/components/marketing/redesign/palette-explorer.tsx [Server Component]
    ./src/app/redesign_v2/page.tsx [Server Component] @ http://localhost:3000/_next/static/chunks/node_modules_next_dist_0u_w_5s._.js:1945
[  358522ms] [ERROR] ./src/components/marketing/hero/hero-device.tsx:6:1
Export DEMO_VERIFY_URL_DISPLAY doesn't exist in target module
   4 | import { ScoreExplainer } from "@/components/marketing/score-explainer/score-explainer"
   5 | import { EXAMPLE_SCORE_HISTORY } from "@/components/marketing/score-vis/example-data"
>  6 | import {
     | ^^^^^^^
>  7 |   QrCode,
     | ^^^^^^^^^
>  8 |   DEMO_VERIFY_URL,
     | ^^^^^^^^^^^^^^^^^^
>  9 |   DEMO_VERIFY_URL_DISPLAY,
     | ^^^^^^^^^^^^^^^^^^^^^^^^^^
> 10 | } from "@/components/marketing/hero/qr-code"
     | ^^^^^^^^^^^^^^^^^^^^^^^^^^^^^^^^^^^^^^^^^^^^
  11 | import { computeScoreTrend, formatDeltaAbs } from "@/lib/score-trend"
  12 | import { getPercentileLabel } from "@/lib/progress/gwth-score"
  13 | import { cn } from "@/lib/utils"

The export DEMO_VERIFY_URL_DISPLAY was not found in module [project]/src/components/marketing/hero/qr-code.tsx [app-ssr] (ecmascript).
Did you mean to import DEMO_SCORE_URL_DISPLAY?
All exports of the module are statically known (It doesn't have dynamic exports). So it's known statically that the requested export doesn't exist.

Import traces:
  Client Component Browser:
    ./src/components/marketing/hero/hero-device.tsx [Client Component Browser]
    ./src/components/marketing/redesign/palette-explorer.tsx [Client Component Browser]
    ./src/components/marketing/redesign/palette-explorer.tsx [Server Component]
    ./src/app/redesign_v2/page.tsx [Server Component]

  Client Component SSR:
    ./src/components/marketing/hero/hero-device.tsx [Client Component SSR]
    ./src/components/marketing/redesign/palette-explorer.tsx [Client Component SSR]
    ./src/components/marketing/redesign/palette-explorer.tsx [Server Component]
    ./src/app/redesign_v2/page.tsx [Server Component] @ http://localhost:3000/_next/static/chunks/node_modules_next_dist_0u_w_5s._.js:1945
[  358551ms] [ERROR] ./src/components/marketing/hero/hero-device.tsx:6:1
Export DEMO_VERIFY_URL doesn't exist in target module
   4 | import { ScoreExplainer } from "@/components/marketing/score-explainer/score-explainer"
   5 | import { EXAMPLE_SCORE_HISTORY } from "@/components/marketing/score-vis/example-data"
>  6 | import {
     | ^^^^^^^
>  7 |   QrCode,
     | ^^^^^^^^^
>  8 |   DEMO_VERIFY_URL,
     | ^^^^^^^^^^^^^^^^^^
>  9 |   DEMO_VERIFY_URL_DISPLAY,
     | ^^^^^^^^^^^^^^^^^^^^^^^^^^
> 10 | } from "@/components/marketing/hero/qr-code"
     | ^^^^^^^^^^^^^^^^^^^^^^^^^^^^^^^^^^^^^^^^^^^^
  11 | import { computeScoreTrend, formatDeltaAbs } from "@/lib/score-trend"
  12 | import { getPercentileLabel } from "@/lib/progress/gwth-score"
  13 | import { cn } from "@/lib/utils"

The export DEMO_VERIFY_URL was not found in module [project]/src/components/marketing/hero/qr-code.tsx [app-rsc] (ecmascript).
Did you mean to import DEMO_SCORE_URL?
All exports of the module are statically known (It doesn't have dynamic exports). So it's known statically that the requested export doesn't exist.

Import trace:
  Server Component:
    ./src/components/marketing/hero/hero-device.tsx
    ./src/components/marketing/editorial-homepage/editorial-homepage.tsx
    ./src/app/(public)/page.tsx @ http://localhost:3000/_next/static/chunks/node_modules_next_dist_0u_w_5s._.js:1945
[  358551ms] [ERROR] ./src/components/marketing/hero/hero-device.tsx:6:1
Export DEMO_VERIFY_URL_DISPLAY doesn't exist in target module
   4 | import { ScoreExplainer } from "@/components/marketing/score-explainer/score-explainer"
   5 | import { EXAMPLE_SCORE_HISTORY } from "@/components/marketing/score-vis/example-data"
>  6 | import {
     | ^^^^^^^
>  7 |   QrCode,
     | ^^^^^^^^^
>  8 |   DEMO_VERIFY_URL,
     | ^^^^^^^^^^^^^^^^^^
>  9 |   DEMO_VERIFY_URL_DISPLAY,
     | ^^^^^^^^^^^^^^^^^^^^^^^^^^
> 10 | } from "@/components/marketing/hero/qr-code"
     | ^^^^^^^^^^^^^^^^^^^^^^^^^^^^^^^^^^^^^^^^^^^^
  11 | import { computeScoreTrend, formatDeltaAbs } from "@/lib/score-trend"
  12 | import { getPercentileLabel } from "@/lib/progress/gwth-score"
  13 | import { cn } from "@/lib/utils"

The export DEMO_VERIFY_URL_DISPLAY was not found in module [project]/src/components/marketing/hero/qr-code.tsx [app-rsc] (ecmascript).
Did you mean to import DEMO_SCORE_URL_DISPLAY?
All exports of the module are statically known (It doesn't have dynamic exports). So it's known statically that the requested export doesn't exist.

Import trace:
  Server Component:
    ./src/components/marketing/hero/hero-device.tsx
    ./src/components/marketing/editorial-homepage/editorial-homepage.tsx
    ./src/app/(public)/page.tsx @ http://localhost:3000/_next/static/chunks/node_modules_next_dist_0u_w_5s._.js:1945
[  358553ms] [ERROR] ./src/components/marketing/hero/hero-device.tsx:6:1
Export DEMO_VERIFY_URL doesn't exist in target module
   4 | import { ScoreExplainer } from "@/components/marketing/score-explainer/score-explainer"
   5 | import { EXAMPLE_SCORE_HISTORY } from "@/components/marketing/score-vis/example-data"
>  6 | import {
     | ^^^^^^^
>  7 |   QrCode,
     | ^^^^^^^^^
>  8 |   DEMO_VERIFY_URL,
     | ^^^^^^^^^^^^^^^^^^
>  9 |   DEMO_VERIFY_URL_DISPLAY,
     | ^^^^^^^^^^^^^^^^^^^^^^^^^^
> 10 | } from "@/components/marketing/hero/qr-code"
     | ^^^^^^^^^^^^^^^^^^^^^^^^^^^^^^^^^^^^^^^^^^^^
  11 | import { computeScoreTrend, formatDeltaAbs } from "@/lib/score-trend"
  12 | import { getPercentileLabel } from "@/lib/progress/gwth-score"
  13 | import { cn } from "@/lib/utils"

The export DEMO_VERIFY_URL was not found in module [project]/src/components/marketing/hero/qr-code.tsx [app-client] (ecmascript).
Did you mean to import DEMO_SCORE_URL?
All exports of the module are statically known (It doesn't have dynamic exports). So it's known statically that the requested export doesn't exist.

Import traces:
  Client Component Browser:
    ./src/components/marketing/hero/hero-device.tsx [Client Component Browser]
    ./src/components/marketing/redesign/palette-explorer.tsx [Client Component Browser]
    ./src/components/marketing/redesign/palette-explorer.tsx [Server Component]
    ./src/app/redesign_v2/page.tsx [Server Component]

  Client Component SSR:
    ./src/components/marketing/hero/hero-device.tsx [Client Component SSR]
    ./src/components/marketing/redesign/palette-explorer.tsx [Client Component SSR]
    ./src/components/marketing/redesign/palette-explorer.tsx [Server Component]
    ./src/app/redesign_v2/page.tsx [Server Component] @ http://localhost:3000/_next/static/chunks/node_modules_next_dist_0u_w_5s._.js:1945
[  358554ms] [ERROR] ./src/components/marketing/hero/hero-device.tsx:6:1
Export DEMO_VERIFY_URL doesn't exist in target module
   4 | import { ScoreExplainer } from "@/components/marketing/score-explainer/score-explainer"
   5 | import { EXAMPLE_SCORE_HISTORY } from "@/components/marketing/score-vis/example-data"
>  6 | import {
     | ^^^^^^^
>  7 |   QrCode,
     | ^^^^^^^^^
>  8 |   DEMO_VERIFY_URL,
     | ^^^^^^^^^^^^^^^^^^
>  9 |   DEMO_VERIFY_URL_DISPLAY,
     | ^^^^^^^^^^^^^^^^^^^^^^^^^^
> 10 | } from "@/components/marketing/hero/qr-code"
     | ^^^^^^^^^^^^^^^^^^^^^^^^^^^^^^^^^^^^^^^^^^^^
  11 | import { computeScoreTrend, formatDeltaAbs } from "@/lib/score-trend"
  12 | import { getPercentileLabel } from "@/lib/progress/gwth-score"
  13 | import { cn } from "@/lib/utils"

The export DEMO_VERIFY_URL was not found in module [project]/src/components/marketing/hero/qr-code.tsx [app-ssr] (ecmascript).
Did you mean to import DEMO_SCORE_URL?
All exports of the module are statically known (It doesn't have dynamic exports). So it's known statically that the requested export doesn't exist.

Import traces:
  Client Component Browser:
    ./src/components/marketing/hero/hero-device.tsx [Client Component Browser]
    ./src/components/marketing/redesign/palette-explorer.tsx [Client Component Browser]
    ./src/components/marketing/redesign/palette-explorer.tsx [Server Component]
    ./src/app/redesign_v2/page.tsx [Server Component]

  Client Component SSR:
    ./src/components/marketing/hero/hero-device.tsx [Client Component SSR]
    ./src/components/marketing/redesign/palette-explorer.tsx [Client Component SSR]
    ./src/components/marketing/redesign/palette-explorer.tsx [Server Component]
    ./src/app/redesign_v2/page.tsx [Server Component] @ http://localhost:3000/_next/static/chunks/node_modules_next_dist_0u_w_5s._.js:1945
[  358554ms] [ERROR] ./src/components/marketing/hero/hero-device.tsx:6:1
Export DEMO_VERIFY_URL_DISPLAY doesn't exist in target module
   4 | import { ScoreExplainer } from "@/components/marketing/score-explainer/score-explainer"
   5 | import { EXAMPLE_SCORE_HISTORY } from "@/components/marketing/score-vis/example-data"
>  6 | import {
     | ^^^^^^^
>  7 |   QrCode,
     | ^^^^^^^^^
>  8 |   DEMO_VERIFY_URL,
     | ^^^^^^^^^^^^^^^^^^
>  9 |   DEMO_VERIFY_URL_DISPLAY,
     | ^^^^^^^^^^^^^^^^^^^^^^^^^^
> 10 | } from "@/components/marketing/hero/qr-code"
     | ^^^^^^^^^^^^^^^^^^^^^^^^^^^^^^^^^^^^^^^^^^^^
  11 | import { computeScoreTrend, formatDeltaAbs } from "@/lib/score-trend"
  12 | import { getPercentileLabel } from "@/lib/progress/gwth-score"
  13 | import { cn } from "@/lib/utils"

The export DEMO_VERIFY_URL_DISPLAY was not found in module [project]/src/components/marketing/hero/qr-code.tsx [app-client] (ecmascript).
Did you mean to import DEMO_SCORE_URL_DISPLAY?
All exports of the module are statically known (It doesn't have dynamic exports). So it's known statically that the requested export doesn't exist.

Import traces:
  Client Component Browser:
    ./src/components/marketing/hero/hero-device.tsx [Client Component Browser]
    ./src/components/marketing/redesign/palette-explorer.tsx [Client Component Browser]
    ./src/components/marketing/redesign/palette-explorer.tsx [Server Component]
    ./src/app/redesign_v2/page.tsx [Server Component]

  Client Component SSR:
    ./src/components/marketing/hero/hero-device.tsx [Client Component SSR]
    ./src/components/marketing/redesign/palette-explorer.tsx [Client Component SSR]
    ./src/components/marketing/redesign/palette-explorer.tsx [Server Component]
    ./src/app/redesign_v2/page.tsx [Server Component] @ http://localhost:3000/_next/static/chunks/node_modules_next_dist_0u_w_5s._.js:1945
[  358555ms] [ERROR] ./src/components/marketing/hero/hero-device.tsx:6:1
Export DEMO_VERIFY_URL_DISPLAY doesn't exist in target module
   4 | import { ScoreExplainer } from "@/components/marketing/score-explainer/score-explainer"
   5 | import { EXAMPLE_SCORE_HISTORY } from "@/components/marketing/score-vis/example-data"
>  6 | import {
     | ^^^^^^^
>  7 |   QrCode,
     | ^^^^^^^^^
>  8 |   DEMO_VERIFY_URL,
     | ^^^^^^^^^^^^^^^^^^
>  9 |   DEMO_VERIFY_URL_DISPLAY,
     | ^^^^^^^^^^^^^^^^^^^^^^^^^^
> 10 | } from "@/components/marketing/hero/qr-code"
     | ^^^^^^^^^^^^^^^^^^^^^^^^^^^^^^^^^^^^^^^^^^^^
  11 | import { computeScoreTrend, formatDeltaAbs } from "@/lib/score-trend"
  12 | import { getPercentileLabel } from "@/lib/progress/gwth-score"
  13 | import { cn } from "@/lib/utils"

The export DEMO_VERIFY_URL_DISPLAY was not found in module [project]/src/components/marketing/hero/qr-code.tsx [app-ssr] (ecmascript).
Did you mean to import DEMO_SCORE_URL_DISPLAY?
All exports of the module are statically known (It doesn't have dynamic exports). So it's known statically that the requested export doesn't exist.

Import traces:
  Client Component Browser:
    ./src/components/marketing/hero/hero-device.tsx [Client Component Browser]
    ./src/components/marketing/redesign/palette-explorer.tsx [Client Component Browser]
    ./src/components/marketing/redesign/palette-explorer.tsx [Server Component]
    ./src/app/redesign_v2/page.tsx [Server Component]

  Client Component SSR:
    ./src/components/marketing/hero/hero-device.tsx [Client Component SSR]
    ./src/components/marketing/redesign/palette-explorer.tsx [Client Component SSR]
    ./src/components/marketing/redesign/palette-explorer.tsx [Server Component]
    ./src/app/redesign_v2/page.tsx [Server Component] @ http://localhost:3000/_next/static/chunks/node_modules_next_dist_0u_w_5s._.js:1945
[  358673ms] [LOG] [Fast Refresh] rebuilding @ http://localhost:3000/_next/static/chunks/node_modules_next_dist_0u_w_5s._.js:1226
[  358767ms] [ERROR] ./src/components/marketing/hero/hero-device.tsx:6:1
Export DEMO_VERIFY_URL doesn't exist in target module
   4 | import { ScoreExplainer } from "@/components/marketing/score-explainer/score-explainer"
   5 | import { EXAMPLE_SCORE_HISTORY } from "@/components/marketing/score-vis/example-data"
>  6 | import {
     | ^^^^^^^
>  7 |   QrCode,
     | ^^^^^^^^^
>  8 |   DEMO_VERIFY_URL,
     | ^^^^^^^^^^^^^^^^^^
>  9 |   DEMO_VERIFY_URL_DISPLAY,
     | ^^^^^^^^^^^^^^^^^^^^^^^^^^
> 10 | } from "@/components/marketing/hero/qr-code"
     | ^^^^^^^^^^^^^^^^^^^^^^^^^^^^^^^^^^^^^^^^^^^^
  11 | import { computeScoreTrend, formatDeltaAbs } from "@/lib/score-trend"
  12 | import { getPercentileLabel } from "@/lib/progress/gwth-score"
  13 | import { cn } from "@/lib/utils"

The export DEMO_VERIFY_URL was not found in module [project]/src/components/marketing/hero/qr-code.tsx [app-rsc] (ecmascript).
Did you mean to import DEMO_SCORE_URL?
All exports of the module are statically known (It doesn't have dynamic exports). So it's known statically that the requested export doesn't exist.

Import trace:
  Server Component:
    ./src/components/marketing/hero/hero-device.tsx
    ./src/components/marketing/editorial-homepage/editorial-homepage.tsx
    ./src/app/(public)/page.tsx @ http://localhost:3000/_next/static/chunks/node_modules_next_dist_0u_w_5s._.js:1945
[  358768ms] [ERROR] ./src/components/marketing/hero/hero-device.tsx:6:1
Export DEMO_VERIFY_URL_DISPLAY doesn't exist in target module
   4 | import { ScoreExplainer } from "@/components/marketing/score-explainer/score-explainer"
   5 | import { EXAMPLE_SCORE_HISTORY } from "@/components/marketing/score-vis/example-data"
>  6 | import {
     | ^^^^^^^
>  7 |   QrCode,
     | ^^^^^^^^^
>  8 |   DEMO_VERIFY_URL,
     | ^^^^^^^^^^^^^^^^^^
>  9 |   DEMO_VERIFY_URL_DISPLAY,
     | ^^^^^^^^^^^^^^^^^^^^^^^^^^
> 10 | } from "@/components/marketing/hero/qr-code"
     | ^^^^^^^^^^^^^^^^^^^^^^^^^^^^^^^^^^^^^^^^^^^^
  11 | import { computeScoreTrend, formatDeltaAbs } from "@/lib/score-trend"
  12 | import { getPercentileLabel } from "@/lib/progress/gwth-score"
  13 | import { cn } from "@/lib/utils"

The export DEMO_VERIFY_URL_DISPLAY was not found in module [project]/src/components/marketing/hero/qr-code.tsx [app-rsc] (ecmascript).
Did you mean to import DEMO_SCORE_URL_DISPLAY?
All exports of the module are statically known (It doesn't have dynamic exports). So it's known statically that the requested export doesn't exist.

Import trace:
  Server Component:
    ./src/components/marketing/hero/hero-device.tsx
    ./src/components/marketing/editorial-homepage/editorial-homepage.tsx
    ./src/app/(public)/page.tsx @ http://localhost:3000/_next/static/chunks/node_modules_next_dist_0u_w_5s._.js:1945
[  358768ms] [ERROR] ./src/components/marketing/hero/hero-device.tsx:6:1
Export DEMO_VERIFY_URL doesn't exist in target module
   4 | import { ScoreExplainer } from "@/components/marketing/score-explainer/score-explainer"
   5 | import { EXAMPLE_SCORE_HISTORY } from "@/components/marketing/score-vis/example-data"
>  6 | import {
     | ^^^^^^^
>  7 |   QrCode,
     | ^^^^^^^^^
>  8 |   DEMO_VERIFY_URL,
     | ^^^^^^^^^^^^^^^^^^
>  9 |   DEMO_VERIFY_URL_DISPLAY,
     | ^^^^^^^^^^^^^^^^^^^^^^^^^^
> 10 | } from "@/components/marketing/hero/qr-code"
     | ^^^^^^^^^^^^^^^^^^^^^^^^^^^^^^^^^^^^^^^^^^^^
  11 | import { computeScoreTrend, formatDeltaAbs } from "@/lib/score-trend"
  12 | import { getPercentileLabel } from "@/lib/progress/gwth-score"
  13 | import { cn } from "@/lib/utils"

The export DEMO_VERIFY_URL was not found in module [project]/src/components/marketing/hero/qr-code.tsx [app-client] (ecmascript).
Did you mean to import DEMO_SCORE_URL?
All exports of the module are statically known (It doesn't have dynamic exports). So it's known statically that the requested export doesn't exist.

Import traces:
  Client Component Browser:
    ./src/components/marketing/hero/hero-device.tsx [Client Component Browser]
    ./src/components/marketing/redesign/palette-explorer.tsx [Client Component Browser]
    ./src/components/marketing/redesign/palette-explorer.tsx [Server Component]
    ./src/app/redesign_v2/page.tsx [Server Component]

  Client Component SSR:
    ./src/components/marketing/hero/hero-device.tsx [Client Component SSR]
    ./src/components/marketing/redesign/palette-explorer.tsx [Client Component SSR]
    ./src/components/marketing/redesign/palette-explorer.tsx [Server Component]
    ./src/app/redesign_v2/page.tsx [Server Component] @ http://localhost:3000/_next/static/chunks/node_modules_next_dist_0u_w_5s._.js:1945
[  358773ms] [ERROR] ./src/components/marketing/hero/hero-device.tsx:6:1
Export DEMO_VERIFY_URL doesn't exist in target module
   4 | import { ScoreExplainer } from "@/components/marketing/score-explainer/score-explainer"
   5 | import { EXAMPLE_SCORE_HISTORY } from "@/components/marketing/score-vis/example-data"
>  6 | import {
     | ^^^^^^^
>  7 |   QrCode,
     | ^^^^^^^^^
>  8 |   DEMO_VERIFY_URL,
     | ^^^^^^^^^^^^^^^^^^
>  9 |   DEMO_VERIFY_URL_DISPLAY,
     | ^^^^^^^^^^^^^^^^^^^^^^^^^^
> 10 | } from "@/components/marketing/hero/qr-code"
     | ^^^^^^^^^^^^^^^^^^^^^^^^^^^^^^^^^^^^^^^^^^^^
  11 | import { computeScoreTrend, formatDeltaAbs } from "@/lib/score-trend"
  12 | import { getPercentileLabel } from "@/lib/progress/gwth-score"
  13 | import { cn } from "@/lib/utils"

The export DEMO_VERIFY_URL was not found in module [project]/src/components/marketing/hero/qr-code.tsx [app-ssr] (ecmascript).
Did you mean to import DEMO_SCORE_URL?
All exports of the module are statically known (It doesn't have dynamic exports). So it's known statically that the requested export doesn't exist.

Import traces:
  Client Component Browser:
    ./src/components/marketing/hero/hero-device.tsx [Client Component Browser]
    ./src/components/marketing/redesign/palette-explorer.tsx [Client Component Browser]
    ./src/components/marketing/redesign/palette-explorer.tsx [Server Component]
    ./src/app/redesign_v2/page.tsx [Server Component]

  Client Component SSR:
    ./src/components/marketing/hero/hero-device.tsx [Client Component SSR]
    ./src/components/marketing/redesign/palette-explorer.tsx [Client Component SSR]
    ./src/components/marketing/redesign/palette-explorer.tsx [Server Component]
    ./src/app/redesign_v2/page.tsx [Server Component] @ http://localhost:3000/_next/static/chunks/node_modules_next_dist_0u_w_5s._.js:1945
[  358774ms] [ERROR] ./src/components/marketing/hero/hero-device.tsx:6:1
Export DEMO_VERIFY_URL_DISPLAY doesn't exist in target module
   4 | import { ScoreExplainer } from "@/components/marketing/score-explainer/score-explainer"
   5 | import { EXAMPLE_SCORE_HISTORY } from "@/components/marketing/score-vis/example-data"
>  6 | import {
     | ^^^^^^^
>  7 |   QrCode,
     | ^^^^^^^^^
>  8 |   DEMO_VERIFY_URL,
     | ^^^^^^^^^^^^^^^^^^
>  9 |   DEMO_VERIFY_URL_DISPLAY,
     | ^^^^^^^^^^^^^^^^^^^^^^^^^^
> 10 | } from "@/components/marketing/hero/qr-code"
     | ^^^^^^^^^^^^^^^^^^^^^^^^^^^^^^^^^^^^^^^^^^^^
  11 | import { computeScoreTrend, formatDeltaAbs } from "@/lib/score-trend"
  12 | import { getPercentileLabel } from "@/lib/progress/gwth-score"
  13 | import { cn } from "@/lib/utils"

The export DEMO_VERIFY_URL_DISPLAY was not found in module [project]/src/components/marketing/hero/qr-code.tsx [app-client] (ecmascript).
Did you mean to import DEMO_SCORE_URL_DISPLAY?
All exports of the module are statically known (It doesn't have dynamic exports). So it's known statically that the requested export doesn't exist.

Import traces:
  Client Component Browser:
    ./src/components/marketing/hero/hero-device.tsx [Client Component Browser]
    ./src/components/marketing/redesign/palette-explorer.tsx [Client Component Browser]
    ./src/components/marketing/redesign/palette-explorer.tsx [Server Component]
    ./src/app/redesign_v2/page.tsx [Server Component]

  Client Component SSR:
    ./src/components/marketing/hero/hero-device.tsx [Client Component SSR]
    ./src/components/marketing/redesign/palette-explorer.tsx [Client Component SSR]
    ./src/components/marketing/redesign/palette-explorer.tsx [Server Component]
    ./src/app/redesign_v2/page.tsx [Server Component] @ http://localhost:3000/_next/static/chunks/node_modules_next_dist_0u_w_5s._.js:1945
[  358776ms] [ERROR] ./src/components/marketing/hero/hero-device.tsx:6:1
Export DEMO_VERIFY_URL_DISPLAY doesn't exist in target module
   4 | import { ScoreExplainer } from "@/components/marketing/score-explainer/score-explainer"
   5 | import { EXAMPLE_SCORE_HISTORY } from "@/components/marketing/score-vis/example-data"
>  6 | import {
     | ^^^^^^^
>  7 |   QrCode,
     | ^^^^^^^^^
>  8 |   DEMO_VERIFY_URL,
     | ^^^^^^^^^^^^^^^^^^
>  9 |   DEMO_VERIFY_URL_DISPLAY,
     | ^^^^^^^^^^^^^^^^^^^^^^^^^^
> 10 | } from "@/components/marketing/hero/qr-code"
     | ^^^^^^^^^^^^^^^^^^^^^^^^^^^^^^^^^^^^^^^^^^^^
  11 | import { computeScoreTrend, formatDeltaAbs } from "@/lib/score-trend"
  12 | import { getPercentileLabel } from "@/lib/progress/gwth-score"
  13 | import { cn } from "@/lib/utils"

The export DEMO_VERIFY_URL_DISPLAY was not found in module [project]/src/components/marketing/hero/qr-code.tsx [app-ssr] (ecmascript).
Did you mean to import DEMO_SCORE_URL_DISPLAY?
All exports of the module are statically known (It doesn't have dynamic exports). So it's known statically that the requested export doesn't exist.

Import traces:
  Client Component Browser:
    ./src/components/marketing/hero/hero-device.tsx [Client Component Browser]
    ./src/components/marketing/redesign/palette-explorer.tsx [Client Component Browser]
    ./src/components/marketing/redesign/palette-explorer.tsx [Server Component]
    ./src/app/redesign_v2/page.tsx [Server Component]

  Client Component SSR:
    ./src/components/marketing/hero/hero-device.tsx [Client Component SSR]
    ./src/components/marketing/redesign/palette-explorer.tsx [Client Component SSR]
    ./src/components/marketing/redesign/palette-explorer.tsx [Server Component]
    ./src/app/redesign_v2/page.tsx [Server Component] @ http://localhost:3000/_next/static/chunks/node_modules_next_dist_0u_w_5s._.js:1945
[  362779ms] [ERROR] ./src/components/marketing/hero/hero-device.tsx:6:1
Export DEMO_VERIFY_URL doesn't exist in target module
   4 | import { ScoreExplainer } from "@/components/marketing/score-explainer/score-explainer"
   5 | import { EXAMPLE_SCORE_HISTORY } from "@/components/marketing/score-vis/example-data"
>  6 | import {
     | ^^^^^^^
>  7 |   QrCode,
     | ^^^^^^^^^
>  8 |   DEMO_VERIFY_URL,
     | ^^^^^^^^^^^^^^^^^^
>  9 |   DEMO_VERIFY_URL_DISPLAY,
     | ^^^^^^^^^^^^^^^^^^^^^^^^^^
> 10 | } from "@/components/marketing/hero/qr-code"
     | ^^^^^^^^^^^^^^^^^^^^^^^^^^^^^^^^^^^^^^^^^^^^
  11 | import { computeScoreTrend, formatDeltaAbs } from "@/lib/score-trend"
  12 | import { getPercentileLabel } from "@/lib/progress/gwth-score"
  13 | import { cn } from "@/lib/utils"

The export DEMO_VERIFY_URL was not found in module [project]/src/components/marketing/hero/qr-code.tsx [app-rsc] (ecmascript).
Did you mean to import DEMO_SCORE_URL?
All exports of the module are statically known (It doesn't have dynamic exports). So it's known statically that the requested export doesn't exist.

Import trace:
  Server Component:
    ./src/components/marketing/hero/hero-device.tsx
    ./src/components/marketing/editorial-homepage/editorial-homepage.tsx
    ./src/app/(public)/page.tsx @ http://localhost:3000/_next/static/chunks/node_modules_next_dist_0u_w_5s._.js:1945
[  362779ms] [ERROR] ./src/components/marketing/hero/hero-device.tsx:6:1
Export DEMO_VERIFY_URL_DISPLAY doesn't exist in target module
   4 | import { ScoreExplainer } from "@/components/marketing/score-explainer/score-explainer"
   5 | import { EXAMPLE_SCORE_HISTORY } from "@/components/marketing/score-vis/example-data"
>  6 | import {
     | ^^^^^^^
>  7 |   QrCode,
     | ^^^^^^^^^
>  8 |   DEMO_VERIFY_URL,
     | ^^^^^^^^^^^^^^^^^^
>  9 |   DEMO_VERIFY_URL_DISPLAY,
     | ^^^^^^^^^^^^^^^^^^^^^^^^^^
> 10 | } from "@/components/marketing/hero/qr-code"
     | ^^^^^^^^^^^^^^^^^^^^^^^^^^^^^^^^^^^^^^^^^^^^
  11 | import { computeScoreTrend, formatDeltaAbs } from "@/lib/score-trend"
  12 | import { getPercentileLabel } from "@/lib/progress/gwth-score"
  13 | import { cn } from "@/lib/utils"

The export DEMO_VERIFY_URL_DISPLAY was not found in module [project]/src/components/marketing/hero/qr-code.tsx [app-rsc] (ecmascript).
Did you mean to import DEMO_SCORE_URL_DISPLAY?
All exports of the module are statically known (It doesn't have dynamic exports). So it's known statically that the requested export doesn't exist.

Import trace:
  Server Component:
    ./src/components/marketing/hero/hero-device.tsx
    ./src/components/marketing/editorial-homepage/editorial-homepage.tsx
    ./src/app/(public)/page.tsx @ http://localhost:3000/_next/static/chunks/node_modules_next_dist_0u_w_5s._.js:1945
[  362780ms] [ERROR] ./src/components/marketing/hero/hero-device.tsx:6:1
Export DEMO_VERIFY_URL doesn't exist in target module
   4 | import { ScoreExplainer } from "@/components/marketing/score-explainer/score-explainer"
   5 | import { EXAMPLE_SCORE_HISTORY } from "@/components/marketing/score-vis/example-data"
>  6 | import {
     | ^^^^^^^
>  7 |   QrCode,
     | ^^^^^^^^^
>  8 |   DEMO_VERIFY_URL,
     | ^^^^^^^^^^^^^^^^^^
>  9 |   DEMO_VERIFY_URL_DISPLAY,
     | ^^^^^^^^^^^^^^^^^^^^^^^^^^
> 10 | } from "@/components/marketing/hero/qr-code"
     | ^^^^^^^^^^^^^^^^^^^^^^^^^^^^^^^^^^^^^^^^^^^^
  11 | import { computeScoreTrend, formatDeltaAbs } from "@/lib/score-trend"
  12 | import { getPercentileLabel } from "@/lib/progress/gwth-score"
  13 | import { cn } from "@/lib/utils"

The export DEMO_VERIFY_URL was not found in module [project]/src/components/marketing/hero/qr-code.tsx [app-client] (ecmascript).
Did you mean to import DEMO_SCORE_URL?
All exports of the module are statically known (It doesn't have dynamic exports). So it's known statically that the requested export doesn't exist.

Import traces:
  Client Component Browser:
    ./src/components/marketing/hero/hero-device.tsx [Client Component Browser]
    ./src/components/marketing/redesign/palette-explorer.tsx [Client Component Browser]
    ./src/components/marketing/redesign/palette-explorer.tsx [Server Component]
    ./src/app/redesign_v2/page.tsx [Server Component]

  Client Component SSR:
    ./src/components/marketing/hero/hero-device.tsx [Client Component SSR]
    ./src/components/marketing/redesign/palette-explorer.tsx [Client Component SSR]
    ./src/components/marketing/redesign/palette-explorer.tsx [Server Component]
    ./src/app/redesign_v2/page.tsx [Server Component] @ http://localhost:3000/_next/static/chunks/node_modules_next_dist_0u_w_5s._.js:1945
[  362780ms] [ERROR] ./src/components/marketing/hero/hero-device.tsx:6:1
Export DEMO_VERIFY_URL doesn't exist in target module
   4 | import { ScoreExplainer } from "@/components/marketing/score-explainer/score-explainer"
   5 | import { EXAMPLE_SCORE_HISTORY } from "@/components/marketing/score-vis/example-data"
>  6 | import {
     | ^^^^^^^
>  7 |   QrCode,
     | ^^^^^^^^^
>  8 |   DEMO_VERIFY_URL,
     | ^^^^^^^^^^^^^^^^^^
>  9 |   DEMO_VERIFY_URL_DISPLAY,
     | ^^^^^^^^^^^^^^^^^^^^^^^^^^
> 10 | } from "@/components/marketing/hero/qr-code"
     | ^^^^^^^^^^^^^^^^^^^^^^^^^^^^^^^^^^^^^^^^^^^^
  11 | import { computeScoreTrend, formatDeltaAbs } from "@/lib/score-trend"
  12 | import { getPercentileLabel } from "@/lib/progress/gwth-score"
  13 | import { cn } from "@/lib/utils"

The export DEMO_VERIFY_URL was not found in module [project]/src/components/marketing/hero/qr-code.tsx [app-ssr] (ecmascript).
Did you mean to import DEMO_SCORE_URL?
All exports of the module are statically known (It doesn't have dynamic exports). So it's known statically that the requested export doesn't exist.

Import traces:
  Client Component Browser:
    ./src/components/marketing/hero/hero-device.tsx [Client Component Browser]
    ./src/components/marketing/redesign/palette-explorer.tsx [Client Component Browser]
    ./src/components/marketing/redesign/palette-explorer.tsx [Server Component]
    ./src/app/redesign_v2/page.tsx [Server Component]

  Client Component SSR:
    ./src/components/marketing/hero/hero-device.tsx [Client Component SSR]
    ./src/components/marketing/redesign/palette-explorer.tsx [Client Component SSR]
    ./src/components/marketing/redesign/palette-explorer.tsx [Server Component]
    ./src/app/redesign_v2/page.tsx [Server Component] @ http://localhost:3000/_next/static/chunks/node_modules_next_dist_0u_w_5s._.js:1945
[  362780ms] [ERROR] ./src/components/marketing/hero/hero-device.tsx:6:1
Export DEMO_VERIFY_URL_DISPLAY doesn't exist in target module
   4 | import { ScoreExplainer } from "@/components/marketing/score-explainer/score-explainer"
   5 | import { EXAMPLE_SCORE_HISTORY } from "@/components/marketing/score-vis/example-data"
>  6 | import {
     | ^^^^^^^
>  7 |   QrCode,
     | ^^^^^^^^^
>  8 |   DEMO_VERIFY_URL,
     | ^^^^^^^^^^^^^^^^^^
>  9 |   DEMO_VERIFY_URL_DISPLAY,
     | ^^^^^^^^^^^^^^^^^^^^^^^^^^
> 10 | } from "@/components/marketing/hero/qr-code"
     | ^^^^^^^^^^^^^^^^^^^^^^^^^^^^^^^^^^^^^^^^^^^^
  11 | import { computeScoreTrend, formatDeltaAbs } from "@/lib/score-trend"
  12 | import { getPercentileLabel } from "@/lib/progress/gwth-score"
  13 | import { cn } from "@/lib/utils"

The export DEMO_VERIFY_URL_DISPLAY was not found in module [project]/src/components/marketing/hero/qr-code.tsx [app-client] (ecmascript).
Did you mean to import DEMO_SCORE_URL_DISPLAY?
All exports of the module are statically known (It doesn't have dynamic exports). So it's known statically that the requested export doesn't exist.

Import traces:
  Client Component Browser:
    ./src/components/marketing/hero/hero-device.tsx [Client Component Browser]
    ./src/components/marketing/redesign/palette-explorer.tsx [Client Component Browser]
    ./src/components/marketing/redesign/palette-explorer.tsx [Server Component]
    ./src/app/redesign_v2/page.tsx [Server Component]

  Client Component SSR:
    ./src/components/marketing/hero/hero-device.tsx [Client Component SSR]
    ./src/components/marketing/redesign/palette-explorer.tsx [Client Component SSR]
    ./src/components/marketing/redesign/palette-explorer.tsx [Server Component]
    ./src/app/redesign_v2/page.tsx [Server Component] @ http://localhost:3000/_next/static/chunks/node_modules_next_dist_0u_w_5s._.js:1945
[  362780ms] [ERROR] ./src/components/marketing/hero/hero-device.tsx:6:1
Export DEMO_VERIFY_URL_DISPLAY doesn't exist in target module
   4 | import { ScoreExplainer } from "@/components/marketing/score-explainer/score-explainer"
   5 | import { EXAMPLE_SCORE_HISTORY } from "@/components/marketing/score-vis/example-data"
>  6 | import {
     | ^^^^^^^
>  7 |   QrCode,
     | ^^^^^^^^^
>  8 |   DEMO_VERIFY_URL,
     | ^^^^^^^^^^^^^^^^^^
>  9 |   DEMO_VERIFY_URL_DISPLAY,
     | ^^^^^^^^^^^^^^^^^^^^^^^^^^
> 10 | } from "@/components/marketing/hero/qr-code"
     | ^^^^^^^^^^^^^^^^^^^^^^^^^^^^^^^^^^^^^^^^^^^^
  11 | import { computeScoreTrend, formatDeltaAbs } from "@/lib/score-trend"
  12 | import { getPercentileLabel } from "@/lib/progress/gwth-score"
  13 | import { cn } from "@/lib/utils"

The export DEMO_VERIFY_URL_DISPLAY was not found in module [project]/src/components/marketing/hero/qr-code.tsx [app-ssr] (ecmascript).
Did you mean to import DEMO_SCORE_URL_DISPLAY?
All exports of the module are statically known (It doesn't have dynamic exports). So it's known statically that the requested export doesn't exist.

Import traces:
  Client Component Browser:
    ./src/components/marketing/hero/hero-device.tsx [Client Component Browser]
    ./src/components/marketing/redesign/palette-explorer.tsx [Client Component Browser]
    ./src/components/marketing/redesign/palette-explorer.tsx [Server Component]
    ./src/app/redesign_v2/page.tsx [Server Component]

  Client Component SSR:
    ./src/components/marketing/hero/hero-device.tsx [Client Component SSR]
    ./src/components/marketing/redesign/palette-explorer.tsx [Client Component SSR]
    ./src/components/marketing/redesign/palette-explorer.tsx [Server Component]
    ./src/app/redesign_v2/page.tsx [Server Component] @ http://localhost:3000/_next/static/chunks/node_modules_next_dist_0u_w_5s._.js:1945
[  362831ms] [LOG] [Fast Refresh] rebuilding @ http://localhost:3000/_next/static/chunks/node_modules_next_dist_0u_w_5s._.js:1226
[  362857ms] [ERROR] ./src/components/marketing/hero/hero-device.tsx:6:1
Export DEMO_VERIFY_URL doesn't exist in target module
   4 | import { ScoreExplainer } from "@/components/marketing/score-explainer/score-explainer"
   5 | import { EXAMPLE_SCORE_HISTORY } from "@/components/marketing/score-vis/example-data"
>  6 | import {
     | ^^^^^^^
>  7 |   QrCode,
     | ^^^^^^^^^
>  8 |   DEMO_VERIFY_URL,
     | ^^^^^^^^^^^^^^^^^^
>  9 |   DEMO_VERIFY_URL_DISPLAY,
     | ^^^^^^^^^^^^^^^^^^^^^^^^^^
> 10 | } from "@/components/marketing/hero/qr-code"
     | ^^^^^^^^^^^^^^^^^^^^^^^^^^^^^^^^^^^^^^^^^^^^
  11 | import { computeScoreTrend, formatDeltaAbs } from "@/lib/score-trend"
  12 | import { getPercentileLabel } from "@/lib/progress/gwth-score"
  13 | import { cn } from "@/lib/utils"

The export DEMO_VERIFY_URL was not found in module [project]/src/components/marketing/hero/qr-code.tsx [app-rsc] (ecmascript).
Did you mean to import DEMO_SCORE_URL?
All exports of the module are statically known (It doesn't have dynamic exports). So it's known statically that the requested export doesn't exist.

Import trace:
  Server Component:
    ./src/components/marketing/hero/hero-device.tsx
    ./src/components/marketing/editorial-homepage/editorial-homepage.tsx
    ./src/app/(public)/page.tsx @ http://localhost:3000/_next/static/chunks/node_modules_next_dist_0u_w_5s._.js:1945
[  362857ms] [ERROR] ./src/components/marketing/hero/hero-device.tsx:6:1
Export DEMO_VERIFY_URL_DISPLAY doesn't exist in target module
   4 | import { ScoreExplainer } from "@/components/marketing/score-explainer/score-explainer"
   5 | import { EXAMPLE_SCORE_HISTORY } from "@/components/marketing/score-vis/example-data"
>  6 | import {
     | ^^^^^^^
>  7 |   QrCode,
     | ^^^^^^^^^
>  8 |   DEMO_VERIFY_URL,
     | ^^^^^^^^^^^^^^^^^^
>  9 |   DEMO_VERIFY_URL_DISPLAY,
     | ^^^^^^^^^^^^^^^^^^^^^^^^^^
> 10 | } from "@/components/marketing/hero/qr-code"
     | ^^^^^^^^^^^^^^^^^^^^^^^^^^^^^^^^^^^^^^^^^^^^
  11 | import { computeScoreTrend, formatDeltaAbs } from "@/lib/score-trend"
  12 | import { getPercentileLabel } from "@/lib/progress/gwth-score"
  13 | import { cn } from "@/lib/utils"

The export DEMO_VERIFY_URL_DISPLAY was not found in module [project]/src/components/marketing/hero/qr-code.tsx [app-rsc] (ecmascript).
Did you mean to import DEMO_SCORE_URL_DISPLAY?
All exports of the module are statically known (It doesn't have dynamic exports). So it's known statically that the requested export doesn't exist.

Import trace:
  Server Component:
    ./src/components/marketing/hero/hero-device.tsx
    ./src/components/marketing/editorial-homepage/editorial-homepage.tsx
    ./src/app/(public)/page.tsx @ http://localhost:3000/_next/static/chunks/node_modules_next_dist_0u_w_5s._.js:1945
[  362858ms] [ERROR] ./src/components/marketing/hero/hero-device.tsx:6:1
Export DEMO_VERIFY_URL doesn't exist in target module
   4 | import { ScoreExplainer } from "@/components/marketing/score-explainer/score-explainer"
   5 | import { EXAMPLE_SCORE_HISTORY } from "@/components/marketing/score-vis/example-data"
>  6 | import {
     | ^^^^^^^
>  7 |   QrCode,
     | ^^^^^^^^^
>  8 |   DEMO_VERIFY_URL,
     | ^^^^^^^^^^^^^^^^^^
>  9 |   DEMO_VERIFY_URL_DISPLAY,
     | ^^^^^^^^^^^^^^^^^^^^^^^^^^
> 10 | } from "@/components/marketing/hero/qr-code"
     | ^^^^^^^^^^^^^^^^^^^^^^^^^^^^^^^^^^^^^^^^^^^^
  11 | import { computeScoreTrend, formatDeltaAbs } from "@/lib/score-trend"
  12 | import { getPercentileLabel } from "@/lib/progress/gwth-score"
  13 | import { cn } from "@/lib/utils"

The export DEMO_VERIFY_URL was not found in module [project]/src/components/marketing/hero/qr-code.tsx [app-client] (ecmascript).
Did you mean to import DEMO_SCORE_URL?
All exports of the module are statically known (It doesn't have dynamic exports). So it's known statically that the requested export doesn't exist.

Import traces:
  Client Component Browser:
    ./src/components/marketing/hero/hero-device.tsx [Client Component Browser]
    ./src/components/marketing/redesign/palette-explorer.tsx [Client Component Browser]
    ./src/components/marketing/redesign/palette-explorer.tsx [Server Component]
    ./src/app/redesign_v2/page.tsx [Server Component]

  Client Component SSR:
    ./src/components/marketing/hero/hero-device.tsx [Client Component SSR]
    ./src/components/marketing/redesign/palette-explorer.tsx [Client Component SSR]
    ./src/components/marketing/redesign/palette-explorer.tsx [Server Component]
    ./src/app/redesign_v2/page.tsx [Server Component] @ http://localhost:3000/_next/static/chunks/node_modules_next_dist_0u_w_5s._.js:1945
[  362858ms] [ERROR] ./src/components/marketing/hero/hero-device.tsx:6:1
Export DEMO_VERIFY_URL doesn't exist in target module
   4 | import { ScoreExplainer } from "@/components/marketing/score-explainer/score-explainer"
   5 | import { EXAMPLE_SCORE_HISTORY } from "@/components/marketing/score-vis/example-data"
>  6 | import {
     | ^^^^^^^
>  7 |   QrCode,
     | ^^^^^^^^^
>  8 |   DEMO_VERIFY_URL,
     | ^^^^^^^^^^^^^^^^^^
>  9 |   DEMO_VERIFY_URL_DISPLAY,
     | ^^^^^^^^^^^^^^^^^^^^^^^^^^
> 10 | } from "@/components/marketing/hero/qr-code"
     | ^^^^^^^^^^^^^^^^^^^^^^^^^^^^^^^^^^^^^^^^^^^^
  11 | import { computeScoreTrend, formatDeltaAbs } from "@/lib/score-trend"
  12 | import { getPercentileLabel } from "@/lib/progress/gwth-score"
  13 | import { cn } from "@/lib/utils"

The export DEMO_VERIFY_URL was not found in module [project]/src/components/marketing/hero/qr-code.tsx [app-ssr] (ecmascript).
Did you mean to import DEMO_SCORE_URL?
All exports of the module are statically known (It doesn't have dynamic exports). So it's known statically that the requested export doesn't exist.

Import traces:
  Client Component Browser:
    ./src/components/marketing/hero/hero-device.tsx [Client Component Browser]
    ./src/components/marketing/redesign/palette-explorer.tsx [Client Component Browser]
    ./src/components/marketing/redesign/palette-explorer.tsx [Server Component]
    ./src/app/redesign_v2/page.tsx [Server Component]

  Client Component SSR:
    ./src/components/marketing/hero/hero-device.tsx [Client Component SSR]
    ./src/components/marketing/redesign/palette-explorer.tsx [Client Component SSR]
    ./src/components/marketing/redesign/palette-explorer.tsx [Server Component]
    ./src/app/redesign_v2/page.tsx [Server Component] @ http://localhost:3000/_next/static/chunks/node_modules_next_dist_0u_w_5s._.js:1945
[  362858ms] [ERROR] ./src/components/marketing/hero/hero-device.tsx:6:1
Export DEMO_VERIFY_URL_DISPLAY doesn't exist in target module
   4 | import { ScoreExplainer } from "@/components/marketing/score-explainer/score-explainer"
   5 | import { EXAMPLE_SCORE_HISTORY } from "@/components/marketing/score-vis/example-data"
>  6 | import {
     | ^^^^^^^
>  7 |   QrCode,
     | ^^^^^^^^^
>  8 |   DEMO_VERIFY_URL,
     | ^^^^^^^^^^^^^^^^^^
>  9 |   DEMO_VERIFY_URL_DISPLAY,
     | ^^^^^^^^^^^^^^^^^^^^^^^^^^
> 10 | } from "@/components/marketing/hero/qr-code"
     | ^^^^^^^^^^^^^^^^^^^^^^^^^^^^^^^^^^^^^^^^^^^^
  11 | import { computeScoreTrend, formatDeltaAbs } from "@/lib/score-trend"
  12 | import { getPercentileLabel } from "@/lib/progress/gwth-score"
  13 | import { cn } from "@/lib/utils"

The export DEMO_VERIFY_URL_DISPLAY was not found in module [project]/src/components/marketing/hero/qr-code.tsx [app-client] (ecmascript).
Did you mean to import DEMO_SCORE_URL_DISPLAY?
All exports of the module are statically known (It doesn't have dynamic exports). So it's known statically that the requested export doesn't exist.

Import traces:
  Client Component Browser:
    ./src/components/marketing/hero/hero-device.tsx [Client Component Browser]
    ./src/components/marketing/redesign/palette-explorer.tsx [Client Component Browser]
    ./src/components/marketing/redesign/palette-explorer.tsx [Server Component]
    ./src/app/redesign_v2/page.tsx [Server Component]

  Client Component SSR:
    ./src/components/marketing/hero/hero-device.tsx [Client Component SSR]
    ./src/components/marketing/redesign/palette-explorer.tsx [Client Component SSR]
    ./src/components/marketing/redesign/palette-explorer.tsx [Server Component]
    ./src/app/redesign_v2/page.tsx [Server Component] @ http://localhost:3000/_next/static/chunks/node_modules_next_dist_0u_w_5s._.js:1945
[  362858ms] [ERROR] ./src/components/marketing/hero/hero-device.tsx:6:1
Export DEMO_VERIFY_URL_DISPLAY doesn't exist in target module
   4 | import { ScoreExplainer } from "@/components/marketing/score-explainer/score-explainer"
   5 | import { EXAMPLE_SCORE_HISTORY } from "@/components/marketing/score-vis/example-data"
>  6 | import {
     | ^^^^^^^
>  7 |   QrCode,
     | ^^^^^^^^^
>  8 |   DEMO_VERIFY_URL,
     | ^^^^^^^^^^^^^^^^^^
>  9 |   DEMO_VERIFY_URL_DISPLAY,
     | ^^^^^^^^^^^^^^^^^^^^^^^^^^
> 10 | } from "@/components/marketing/hero/qr-code"
     | ^^^^^^^^^^^^^^^^^^^^^^^^^^^^^^^^^^^^^^^^^^^^
  11 | import { computeScoreTrend, formatDeltaAbs } from "@/lib/score-trend"
  12 | import { getPercentileLabel } from "@/lib/progress/gwth-score"
  13 | import { cn } from "@/lib/utils"

The export DEMO_VERIFY_URL_DISPLAY was not found in module [project]/src/components/marketing/hero/qr-code.tsx [app-ssr] (ecmascript).
Did you mean to import DEMO_SCORE_URL_DISPLAY?
All exports of the module are statically known (It doesn't have dynamic exports). So it's known statically that the requested export doesn't exist.

Import traces:
  Client Component Browser:
    ./src/components/marketing/hero/hero-device.tsx [Client Component Browser]
    ./src/components/marketing/redesign/palette-explorer.tsx [Client Component Browser]
    ./src/components/marketing/redesign/palette-explorer.tsx [Server Component]
    ./src/app/redesign_v2/page.tsx [Server Component]

  Client Component SSR:
    ./src/components/marketing/hero/hero-device.tsx [Client Component SSR]
    ./src/components/marketing/redesign/palette-explorer.tsx [Client Component SSR]
    ./src/components/marketing/redesign/palette-explorer.tsx [Server Component]
    ./src/app/redesign_v2/page.tsx [Server Component] @ http://localhost:3000/_next/static/chunks/node_modules_next_dist_0u_w_5s._.js:1945
[  362954ms] [LOG] [Fast Refresh] rebuilding @ http://localhost:3000/_next/static/chunks/node_modules_next_dist_0u_w_5s._.js:1226
[  367846ms] [ERROR] ./src/components/marketing/hero/hero-device.tsx:6:1
Export DEMO_VERIFY_URL doesn't exist in target module
   4 | import { ScoreExplainer } from "@/components/marketing/score-explainer/score-explainer"
   5 | import { EXAMPLE_SCORE_HISTORY } from "@/components/marketing/score-vis/example-data"
>  6 | import {
     | ^^^^^^^
>  7 |   QrCode,
     | ^^^^^^^^^
>  8 |   DEMO_VERIFY_URL,
     | ^^^^^^^^^^^^^^^^^^
>  9 |   DEMO_VERIFY_URL_DISPLAY,
     | ^^^^^^^^^^^^^^^^^^^^^^^^^^
> 10 | } from "@/components/marketing/hero/qr-code"
     | ^^^^^^^^^^^^^^^^^^^^^^^^^^^^^^^^^^^^^^^^^^^^
  11 | import { computeScoreTrend, formatDeltaAbs } from "@/lib/score-trend"
  12 | import { getPercentileLabel } from "@/lib/progress/gwth-score"
  13 | import { cn } from "@/lib/utils"

The export DEMO_VERIFY_URL was not found in module [project]/src/components/marketing/hero/qr-code.tsx [app-rsc] (ecmascript).
Did you mean to import DEMO_SCORE_URL?
All exports of the module are statically known (It doesn't have dynamic exports). So it's known statically that the requested export doesn't exist.

Import trace:
  Server Component:
    ./src/components/marketing/hero/hero-device.tsx
    ./src/components/marketing/editorial-homepage/editorial-homepage.tsx
    ./src/app/(public)/page.tsx @ http://localhost:3000/_next/static/chunks/node_modules_next_dist_0u_w_5s._.js:1945
[  367847ms] [ERROR] ./src/components/marketing/hero/hero-device.tsx:6:1
Export DEMO_VERIFY_URL_DISPLAY doesn't exist in target module
   4 | import { ScoreExplainer } from "@/components/marketing/score-explainer/score-explainer"
   5 | import { EXAMPLE_SCORE_HISTORY } from "@/components/marketing/score-vis/example-data"
>  6 | import {
     | ^^^^^^^
>  7 |   QrCode,
     | ^^^^^^^^^
>  8 |   DEMO_VERIFY_URL,
     | ^^^^^^^^^^^^^^^^^^
>  9 |   DEMO_VERIFY_URL_DISPLAY,
     | ^^^^^^^^^^^^^^^^^^^^^^^^^^
> 10 | } from "@/components/marketing/hero/qr-code"
     | ^^^^^^^^^^^^^^^^^^^^^^^^^^^^^^^^^^^^^^^^^^^^
  11 | import { computeScoreTrend, formatDeltaAbs } from "@/lib/score-trend"
  12 | import { getPercentileLabel } from "@/lib/progress/gwth-score"
  13 | import { cn } from "@/lib/utils"

The export DEMO_VERIFY_URL_DISPLAY was not found in module [project]/src/components/marketing/hero/qr-code.tsx [app-rsc] (ecmascript).
Did you mean to import DEMO_SCORE_URL_DISPLAY?
All exports of the module are statically known (It doesn't have dynamic exports). So it's known statically that the requested export doesn't exist.

Import trace:
  Server Component:
    ./src/components/marketing/hero/hero-device.tsx
    ./src/components/marketing/editorial-homepage/editorial-homepage.tsx
    ./src/app/(public)/page.tsx @ http://localhost:3000/_next/static/chunks/node_modules_next_dist_0u_w_5s._.js:1945
[  367847ms] [ERROR] ./src/components/marketing/hero/hero-device.tsx:6:1
Export DEMO_VERIFY_URL doesn't exist in target module
   4 | import { ScoreExplainer } from "@/components/marketing/score-explainer/score-explainer"
   5 | import { EXAMPLE_SCORE_HISTORY } from "@/components/marketing/score-vis/example-data"
>  6 | import {
     | ^^^^^^^
>  7 |   QrCode,
     | ^^^^^^^^^
>  8 |   DEMO_VERIFY_URL,
     | ^^^^^^^^^^^^^^^^^^
>  9 |   DEMO_VERIFY_URL_DISPLAY,
     | ^^^^^^^^^^^^^^^^^^^^^^^^^^
> 10 | } from "@/components/marketing/hero/qr-code"
     | ^^^^^^^^^^^^^^^^^^^^^^^^^^^^^^^^^^^^^^^^^^^^
  11 | import { computeScoreTrend, formatDeltaAbs } from "@/lib/score-trend"
  12 | import { getPercentileLabel } from "@/lib/progress/gwth-score"
  13 | import { cn } from "@/lib/utils"

The export DEMO_VERIFY_URL was not found in module [project]/src/components/marketing/hero/qr-code.tsx [app-client] (ecmascript).
Did you mean to import DEMO_SCORE_URL?
All exports of the module are statically known (It doesn't have dynamic exports). So it's known statically that the requested export doesn't exist.

Import traces:
  Client Component Browser:
    ./src/components/marketing/hero/hero-device.tsx [Client Component Browser]
    ./src/components/marketing/redesign/palette-explorer.tsx [Client Component Browser]
    ./src/components/marketing/redesign/palette-explorer.tsx [Server Component]
    ./src/app/redesign_v2/page.tsx [Server Component]

  Client Component SSR:
    ./src/components/marketing/hero/hero-device.tsx [Client Component SSR]
    ./src/components/marketing/redesign/palette-explorer.tsx [Client Component SSR]
    ./src/components/marketing/redesign/palette-explorer.tsx [Server Component]
    ./src/app/redesign_v2/page.tsx [Server Component] @ http://localhost:3000/_next/static/chunks/node_modules_next_dist_0u_w_5s._.js:1945
[  367847ms] [ERROR] ./src/components/marketing/hero/hero-device.tsx:6:1
Export DEMO_VERIFY_URL doesn't exist in target module
   4 | import { ScoreExplainer } from "@/components/marketing/score-explainer/score-explainer"
   5 | import { EXAMPLE_SCORE_HISTORY } from "@/components/marketing/score-vis/example-data"
>  6 | import {
     | ^^^^^^^
>  7 |   QrCode,
     | ^^^^^^^^^
>  8 |   DEMO_VERIFY_URL,
     | ^^^^^^^^^^^^^^^^^^
>  9 |   DEMO_VERIFY_URL_DISPLAY,
     | ^^^^^^^^^^^^^^^^^^^^^^^^^^
> 10 | } from "@/components/marketing/hero/qr-code"
     | ^^^^^^^^^^^^^^^^^^^^^^^^^^^^^^^^^^^^^^^^^^^^
  11 | import { computeScoreTrend, formatDeltaAbs } from "@/lib/score-trend"
  12 | import { getPercentileLabel } from "@/lib/progress/gwth-score"
  13 | import { cn } from "@/lib/utils"

The export DEMO_VERIFY_URL was not found in module [project]/src/components/marketing/hero/qr-code.tsx [app-ssr] (ecmascript).
Did you mean to import DEMO_SCORE_URL?
All exports of the module are statically known (It doesn't have dynamic exports). So it's known statically that the requested export doesn't exist.

Import traces:
  Client Component Browser:
    ./src/components/marketing/hero/hero-device.tsx [Client Component Browser]
    ./src/components/marketing/redesign/palette-explorer.tsx [Client Component Browser]
    ./src/components/marketing/redesign/palette-explorer.tsx [Server Component]
    ./src/app/redesign_v2/page.tsx [Server Component]

  Client Component SSR:
    ./src/components/marketing/hero/hero-device.tsx [Client Component SSR]
    ./src/components/marketing/redesign/palette-explorer.tsx [Client Component SSR]
    ./src/components/marketing/redesign/palette-explorer.tsx [Server Component]
    ./src/app/redesign_v2/page.tsx [Server Component] @ http://localhost:3000/_next/static/chunks/node_modules_next_dist_0u_w_5s._.js:1945
[  367847ms] [ERROR] ./src/components/marketing/hero/hero-device.tsx:6:1
Export DEMO_VERIFY_URL_DISPLAY doesn't exist in target module
   4 | import { ScoreExplainer } from "@/components/marketing/score-explainer/score-explainer"
   5 | import { EXAMPLE_SCORE_HISTORY } from "@/components/marketing/score-vis/example-data"
>  6 | import {
     | ^^^^^^^
>  7 |   QrCode,
     | ^^^^^^^^^
>  8 |   DEMO_VERIFY_URL,
     | ^^^^^^^^^^^^^^^^^^
>  9 |   DEMO_VERIFY_URL_DISPLAY,
     | ^^^^^^^^^^^^^^^^^^^^^^^^^^
> 10 | } from "@/components/marketing/hero/qr-code"
     | ^^^^^^^^^^^^^^^^^^^^^^^^^^^^^^^^^^^^^^^^^^^^
  11 | import { computeScoreTrend, formatDeltaAbs } from "@/lib/score-trend"
  12 | import { getPercentileLabel } from "@/lib/progress/gwth-score"
  13 | import { cn } from "@/lib/utils"

The export DEMO_VERIFY_URL_DISPLAY was not found in module [project]/src/components/marketing/hero/qr-code.tsx [app-client] (ecmascript).
Did you mean to import DEMO_SCORE_URL_DISPLAY?
All exports of the module are statically known (It doesn't have dynamic exports). So it's known statically that the requested export doesn't exist.

Import traces:
  Client Component Browser:
    ./src/components/marketing/hero/hero-device.tsx [Client Component Browser]
    ./src/components/marketing/redesign/palette-explorer.tsx [Client Component Browser]
    ./src/components/marketing/redesign/palette-explorer.tsx [Server Component]
    ./src/app/redesign_v2/page.tsx [Server Component]

  Client Component SSR:
    ./src/components/marketing/hero/hero-device.tsx [Client Component SSR]
    ./src/components/marketing/redesign/palette-explorer.tsx [Client Component SSR]
    ./src/components/marketing/redesign/palette-explorer.tsx [Server Component]
    ./src/app/redesign_v2/page.tsx [Server Component] @ http://localhost:3000/_next/static/chunks/node_modules_next_dist_0u_w_5s._.js:1945
[  367847ms] [ERROR] ./src/components/marketing/hero/hero-device.tsx:6:1
Export DEMO_VERIFY_URL_DISPLAY doesn't exist in target module
   4 | import { ScoreExplainer } from "@/components/marketing/score-explainer/score-explainer"
   5 | import { EXAMPLE_SCORE_HISTORY } from "@/components/marketing/score-vis/example-data"
>  6 | import {
     | ^^^^^^^
>  7 |   QrCode,
     | ^^^^^^^^^
>  8 |   DEMO_VERIFY_URL,
     | ^^^^^^^^^^^^^^^^^^
>  9 |   DEMO_VERIFY_URL_DISPLAY,
     | ^^^^^^^^^^^^^^^^^^^^^^^^^^
> 10 | } from "@/components/marketing/hero/qr-code"
     | ^^^^^^^^^^^^^^^^^^^^^^^^^^^^^^^^^^^^^^^^^^^^
  11 | import { computeScoreTrend, formatDeltaAbs } from "@/lib/score-trend"
  12 | import { getPercentileLabel } from "@/lib/progress/gwth-score"
  13 | import { cn } from "@/lib/utils"

The export DEMO_VERIFY_URL_DISPLAY was not found in module [project]/src/components/marketing/hero/qr-code.tsx [app-ssr] (ecmascript).
Did you mean to import DEMO_SCORE_URL_DISPLAY?
All exports of the module are statically known (It doesn't have dynamic exports). So it's known statically that the requested export doesn't exist.

Import traces:
  Client Component Browser:
    ./src/components/marketing/hero/hero-device.tsx [Client Component Browser]
    ./src/components/marketing/redesign/palette-explorer.tsx [Client Component Browser]
    ./src/components/marketing/redesign/palette-explorer.tsx [Server Component]
    ./src/app/redesign_v2/page.tsx [Server Component]

  Client Component SSR:
    ./src/components/marketing/hero/hero-device.tsx [Client Component SSR]
    ./src/components/marketing/redesign/palette-explorer.tsx [Client Component SSR]
    ./src/components/marketing/redesign/palette-explorer.tsx [Server Component]
    ./src/app/redesign_v2/page.tsx [Server Component] @ http://localhost:3000/_next/static/chunks/node_modules_next_dist_0u_w_5s._.js:1945
[  367896ms] [LOG] [Fast Refresh] rebuilding @ http://localhost:3000/_next/static/chunks/node_modules_next_dist_0u_w_5s._.js:1226
[  368797ms] [ERROR] ./src/components/marketing/hero/hero-device.tsx:6:1
Export DEMO_VERIFY_URL doesn't exist in target module
   4 | import { ScoreExplainer } from "@/components/marketing/score-explainer/score-explainer"
   5 | import { EXAMPLE_SCORE_HISTORY } from "@/components/marketing/score-vis/example-data"
>  6 | import {
     | ^^^^^^^
>  7 |   QrCode,
     | ^^^^^^^^^
>  8 |   DEMO_VERIFY_URL,
     | ^^^^^^^^^^^^^^^^^^
>  9 |   DEMO_VERIFY_URL_DISPLAY,
     | ^^^^^^^^^^^^^^^^^^^^^^^^^^
> 10 | } from "@/components/marketing/hero/qr-code"
     | ^^^^^^^^^^^^^^^^^^^^^^^^^^^^^^^^^^^^^^^^^^^^
  11 | import { computeScoreTrend, formatDeltaAbs } from "@/lib/score-trend"
  12 | import { getPercentileLabel } from "@/lib/progress/gwth-score"
  13 | import { cn } from "@/lib/utils"

The export DEMO_VERIFY_URL was not found in module [project]/src/components/marketing/hero/qr-code.tsx [app-rsc] (ecmascript).
Did you mean to import DEMO_SCORE_URL?
All exports of the module are statically known (It doesn't have dynamic exports). So it's known statically that the requested export doesn't exist.

Import trace:
  Server Component:
    ./src/components/marketing/hero/hero-device.tsx
    ./src/components/marketing/editorial-homepage/editorial-homepage.tsx
    ./src/app/(public)/page.tsx @ http://localhost:3000/_next/static/chunks/node_modules_next_dist_0u_w_5s._.js:1945
[  368797ms] [ERROR] ./src/components/marketing/hero/hero-device.tsx:6:1
Export DEMO_VERIFY_URL_DISPLAY doesn't exist in target module
   4 | import { ScoreExplainer } from "@/components/marketing/score-explainer/score-explainer"
   5 | import { EXAMPLE_SCORE_HISTORY } from "@/components/marketing/score-vis/example-data"
>  6 | import {
     | ^^^^^^^
>  7 |   QrCode,
     | ^^^^^^^^^
>  8 |   DEMO_VERIFY_URL,
     | ^^^^^^^^^^^^^^^^^^
>  9 |   DEMO_VERIFY_URL_DISPLAY,
     | ^^^^^^^^^^^^^^^^^^^^^^^^^^
> 10 | } from "@/components/marketing/hero/qr-code"
     | ^^^^^^^^^^^^^^^^^^^^^^^^^^^^^^^^^^^^^^^^^^^^
  11 | import { computeScoreTrend, formatDeltaAbs } from "@/lib/score-trend"
  12 | import { getPercentileLabel } from "@/lib/progress/gwth-score"
  13 | import { cn } from "@/lib/utils"

The export DEMO_VERIFY_URL_DISPLAY was not found in module [project]/src/components/marketing/hero/qr-code.tsx [app-rsc] (ecmascript).
Did you mean to import DEMO_SCORE_URL_DISPLAY?
All exports of the module are statically known (It doesn't have dynamic exports). So it's known statically that the requested export doesn't exist.

Import trace:
  Server Component:
    ./src/components/marketing/hero/hero-device.tsx
    ./src/components/marketing/editorial-homepage/editorial-homepage.tsx
    ./src/app/(public)/page.tsx @ http://localhost:3000/_next/static/chunks/node_modules_next_dist_0u_w_5s._.js:1945
[  368798ms] [ERROR] ./src/components/marketing/hero/hero-device.tsx:6:1
Export DEMO_VERIFY_URL doesn't exist in target module
   4 | import { ScoreExplainer } from "@/components/marketing/score-explainer/score-explainer"
   5 | import { EXAMPLE_SCORE_HISTORY } from "@/components/marketing/score-vis/example-data"
>  6 | import {
     | ^^^^^^^
>  7 |   QrCode,
     | ^^^^^^^^^
>  8 |   DEMO_VERIFY_URL,
     | ^^^^^^^^^^^^^^^^^^
>  9 |   DEMO_VERIFY_URL_DISPLAY,
     | ^^^^^^^^^^^^^^^^^^^^^^^^^^
> 10 | } from "@/components/marketing/hero/qr-code"
     | ^^^^^^^^^^^^^^^^^^^^^^^^^^^^^^^^^^^^^^^^^^^^
  11 | import { computeScoreTrend, formatDeltaAbs } from "@/lib/score-trend"
  12 | import { getPercentileLabel } from "@/lib/progress/gwth-score"
  13 | import { cn } from "@/lib/utils"

The export DEMO_VERIFY_URL was not found in module [project]/src/components/marketing/hero/qr-code.tsx [app-client] (ecmascript).
Did you mean to import DEMO_SCORE_URL?
All exports of the module are statically known (It doesn't have dynamic exports). So it's known statically that the requested export doesn't exist.

Import traces:
  Client Component Browser:
    ./src/components/marketing/hero/hero-device.tsx [Client Component Browser]
    ./src/components/marketing/redesign/palette-explorer.tsx [Client Component Browser]
    ./src/components/marketing/redesign/palette-explorer.tsx [Server Component]
    ./src/app/redesign_v2/page.tsx [Server Component]

  Client Component SSR:
    ./src/components/marketing/hero/hero-device.tsx [Client Component SSR]
    ./src/components/marketing/redesign/palette-explorer.tsx [Client Component SSR]
    ./src/components/marketing/redesign/palette-explorer.tsx [Server Component]
    ./src/app/redesign_v2/page.tsx [Server Component] @ http://localhost:3000/_next/static/chunks/node_modules_next_dist_0u_w_5s._.js:1945
[  368798ms] [ERROR] ./src/components/marketing/hero/hero-device.tsx:6:1
Export DEMO_VERIFY_URL doesn't exist in target module
   4 | import { ScoreExplainer } from "@/components/marketing/score-explainer/score-explainer"
   5 | import { EXAMPLE_SCORE_HISTORY } from "@/components/marketing/score-vis/example-data"
>  6 | import {
     | ^^^^^^^
>  7 |   QrCode,
     | ^^^^^^^^^
>  8 |   DEMO_VERIFY_URL,
     | ^^^^^^^^^^^^^^^^^^
>  9 |   DEMO_VERIFY_URL_DISPLAY,
     | ^^^^^^^^^^^^^^^^^^^^^^^^^^
> 10 | } from "@/components/marketing/hero/qr-code"
     | ^^^^^^^^^^^^^^^^^^^^^^^^^^^^^^^^^^^^^^^^^^^^
  11 | import { computeScoreTrend, formatDeltaAbs } from "@/lib/score-trend"
  12 | import { getPercentileLabel } from "@/lib/progress/gwth-score"
  13 | import { cn } from "@/lib/utils"

The export DEMO_VERIFY_URL was not found in module [project]/src/components/marketing/hero/qr-code.tsx [app-ssr] (ecmascript).
Did you mean to import DEMO_SCORE_URL?
All exports of the module are statically known (It doesn't have dynamic exports). So it's known statically that the requested export doesn't exist.

Import traces:
  Client Component Browser:
    ./src/components/marketing/hero/hero-device.tsx [Client Component Browser]
    ./src/components/marketing/redesign/palette-explorer.tsx [Client Component Browser]
    ./src/components/marketing/redesign/palette-explorer.tsx [Server Component]
    ./src/app/redesign_v2/page.tsx [Server Component]

  Client Component SSR:
    ./src/components/marketing/hero/hero-device.tsx [Client Component SSR]
    ./src/components/marketing/redesign/palette-explorer.tsx [Client Component SSR]
    ./src/components/marketing/redesign/palette-explorer.tsx [Server Component]
    ./src/app/redesign_v2/page.tsx [Server Component] @ http://localhost:3000/_next/static/chunks/node_modules_next_dist_0u_w_5s._.js:1945
[  368798ms] [ERROR] ./src/components/marketing/hero/hero-device.tsx:6:1
Export DEMO_VERIFY_URL_DISPLAY doesn't exist in target module
   4 | import { ScoreExplainer } from "@/components/marketing/score-explainer/score-explainer"
   5 | import { EXAMPLE_SCORE_HISTORY } from "@/components/marketing/score-vis/example-data"
>  6 | import {
     | ^^^^^^^
>  7 |   QrCode,
     | ^^^^^^^^^
>  8 |   DEMO_VERIFY_URL,
     | ^^^^^^^^^^^^^^^^^^
>  9 |   DEMO_VERIFY_URL_DISPLAY,
     | ^^^^^^^^^^^^^^^^^^^^^^^^^^
> 10 | } from "@/components/marketing/hero/qr-code"
     | ^^^^^^^^^^^^^^^^^^^^^^^^^^^^^^^^^^^^^^^^^^^^
  11 | import { computeScoreTrend, formatDeltaAbs } from "@/lib/score-trend"
  12 | import { getPercentileLabel } from "@/lib/progress/gwth-score"
  13 | import { cn } from "@/lib/utils"

The export DEMO_VERIFY_URL_DISPLAY was not found in module [project]/src/components/marketing/hero/qr-code.tsx [app-client] (ecmascript).
Did you mean to import DEMO_SCORE_URL_DISPLAY?
All exports of the module are statically known (It doesn't have dynamic exports). So it's known statically that the requested export doesn't exist.

Import traces:
  Client Component Browser:
    ./src/components/marketing/hero/hero-device.tsx [Client Component Browser]
    ./src/components/marketing/redesign/palette-explorer.tsx [Client Component Browser]
    ./src/components/marketing/redesign/palette-explorer.tsx [Server Component]
    ./src/app/redesign_v2/page.tsx [Server Component]

  Client Component SSR:
    ./src/components/marketing/hero/hero-device.tsx [Client Component SSR]
    ./src/components/marketing/redesign/palette-explorer.tsx [Client Component SSR]
    ./src/components/marketing/redesign/palette-explorer.tsx [Server Component]
    ./src/app/redesign_v2/page.tsx [Server Component] @ http://localhost:3000/_next/static/chunks/node_modules_next_dist_0u_w_5s._.js:1945
[  368798ms] [ERROR] ./src/components/marketing/hero/hero-device.tsx:6:1
Export DEMO_VERIFY_URL_DISPLAY doesn't exist in target module
   4 | import { ScoreExplainer } from "@/components/marketing/score-explainer/score-explainer"
   5 | import { EXAMPLE_SCORE_HISTORY } from "@/components/marketing/score-vis/example-data"
>  6 | import {
     | ^^^^^^^
>  7 |   QrCode,
     | ^^^^^^^^^
>  8 |   DEMO_VERIFY_URL,
     | ^^^^^^^^^^^^^^^^^^
>  9 |   DEMO_VERIFY_URL_DISPLAY,
     | ^^^^^^^^^^^^^^^^^^^^^^^^^^
> 10 | } from "@/components/marketing/hero/qr-code"
     | ^^^^^^^^^^^^^^^^^^^^^^^^^^^^^^^^^^^^^^^^^^^^
  11 | import { computeScoreTrend, formatDeltaAbs } from "@/lib/score-trend"
  12 | import { getPercentileLabel } from "@/lib/progress/gwth-score"
  13 | import { cn } from "@/lib/utils"

The export DEMO_VERIFY_URL_DISPLAY was not found in module [project]/src/components/marketing/hero/qr-code.tsx [app-ssr] (ecmascript).
Did you mean to import DEMO_SCORE_URL_DISPLAY?
All exports of the module are statically known (It doesn't have dynamic exports). So it's known statically that the requested export doesn't exist.

Import traces:
  Client Component Browser:
    ./src/components/marketing/hero/hero-device.tsx [Client Component Browser]
    ./src/components/marketing/redesign/palette-explorer.tsx [Client Component Browser]
    ./src/components/marketing/redesign/palette-explorer.tsx [Server Component]
    ./src/app/redesign_v2/page.tsx [Server Component]

  Client Component SSR:
    ./src/components/marketing/hero/hero-device.tsx [Client Component SSR]
    ./src/components/marketing/redesign/palette-explorer.tsx [Client Component SSR]
    ./src/components/marketing/redesign/palette-explorer.tsx [Server Component]
    ./src/app/redesign_v2/page.tsx [Server Component] @ http://localhost:3000/_next/static/chunks/node_modules_next_dist_0u_w_5s._.js:1945
[  368811ms] [LOG] [Fast Refresh] rebuilding @ http://localhost:3000/_next/static/chunks/node_modules_next_dist_0u_w_5s._.js:1226
[  368984ms] [ERROR] ./src/components/marketing/hero/hero-device.tsx:6:1
Export DEMO_VERIFY_URL doesn't exist in target module
   4 | import { ScoreExplainer } from "@/components/marketing/score-explainer/score-explainer"
   5 | import { EXAMPLE_SCORE_HISTORY } from "@/components/marketing/score-vis/example-data"
>  6 | import {
     | ^^^^^^^
>  7 |   QrCode,
     | ^^^^^^^^^
>  8 |   DEMO_VERIFY_URL,
     | ^^^^^^^^^^^^^^^^^^
>  9 |   DEMO_VERIFY_URL_DISPLAY,
     | ^^^^^^^^^^^^^^^^^^^^^^^^^^
> 10 | } from "@/components/marketing/hero/qr-code"
     | ^^^^^^^^^^^^^^^^^^^^^^^^^^^^^^^^^^^^^^^^^^^^
  11 | import { computeScoreTrend, formatDeltaAbs } from "@/lib/score-trend"
  12 | import { getPercentileLabel } from "@/lib/progress/gwth-score"
  13 | import { cn } from "@/lib/utils"

The export DEMO_VERIFY_URL was not found in module [project]/src/components/marketing/hero/qr-code.tsx [app-rsc] (ecmascript).
Did you mean to import DEMO_SCORE_URL?
All exports of the module are statically known (It doesn't have dynamic exports). So it's known statically that the requested export doesn't exist.

Import trace:
  Server Component:
    ./src/components/marketing/hero/hero-device.tsx
    ./src/components/marketing/editorial-homepage/editorial-homepage.tsx
    ./src/app/(public)/page.tsx @ http://localhost:3000/_next/static/chunks/node_modules_next_dist_0u_w_5s._.js:1945
[  368984ms] [ERROR] ./src/components/marketing/hero/hero-device.tsx:6:1
Export DEMO_VERIFY_URL_DISPLAY doesn't exist in target module
   4 | import { ScoreExplainer } from "@/components/marketing/score-explainer/score-explainer"
   5 | import { EXAMPLE_SCORE_HISTORY } from "@/components/marketing/score-vis/example-data"
>  6 | import {
     | ^^^^^^^
>  7 |   QrCode,
     | ^^^^^^^^^
>  8 |   DEMO_VERIFY_URL,
     | ^^^^^^^^^^^^^^^^^^
>  9 |   DEMO_VERIFY_URL_DISPLAY,
     | ^^^^^^^^^^^^^^^^^^^^^^^^^^
> 10 | } from "@/components/marketing/hero/qr-code"
     | ^^^^^^^^^^^^^^^^^^^^^^^^^^^^^^^^^^^^^^^^^^^^
  11 | import { computeScoreTrend, formatDeltaAbs } from "@/lib/score-trend"
  12 | import { getPercentileLabel } from "@/lib/progress/gwth-score"
  13 | import { cn } from "@/lib/utils"

The export DEMO_VERIFY_URL_DISPLAY was not found in module [project]/src/components/marketing/hero/qr-code.tsx [app-rsc] (ecmascript).
Did you mean to import DEMO_SCORE_URL_DISPLAY?
All exports of the module are statically known (It doesn't have dynamic exports). So it's known statically that the requested export doesn't exist.

Import trace:
  Server Component:
    ./src/components/marketing/hero/hero-device.tsx
    ./src/components/marketing/editorial-homepage/editorial-homepage.tsx
    ./src/app/(public)/page.tsx @ http://localhost:3000/_next/static/chunks/node_modules_next_dist_0u_w_5s._.js:1945
[  368984ms] [ERROR] ./src/components/marketing/hero/hero-device.tsx:6:1
Export DEMO_VERIFY_URL doesn't exist in target module
   4 | import { ScoreExplainer } from "@/components/marketing/score-explainer/score-explainer"
   5 | import { EXAMPLE_SCORE_HISTORY } from "@/components/marketing/score-vis/example-data"
>  6 | import {
     | ^^^^^^^
>  7 |   QrCode,
     | ^^^^^^^^^
>  8 |   DEMO_VERIFY_URL,
     | ^^^^^^^^^^^^^^^^^^
>  9 |   DEMO_VERIFY_URL_DISPLAY,
     | ^^^^^^^^^^^^^^^^^^^^^^^^^^
> 10 | } from "@/components/marketing/hero/qr-code"
     | ^^^^^^^^^^^^^^^^^^^^^^^^^^^^^^^^^^^^^^^^^^^^
  11 | import { computeScoreTrend, formatDeltaAbs } from "@/lib/score-trend"
  12 | import { getPercentileLabel } from "@/lib/progress/gwth-score"
  13 | import { cn } from "@/lib/utils"

The export DEMO_VERIFY_URL was not found in module [project]/src/components/marketing/hero/qr-code.tsx [app-client] (ecmascript).
Did you mean to import DEMO_SCORE_URL?
All exports of the module are statically known (It doesn't have dynamic exports). So it's known statically that the requested export doesn't exist.

Import traces:
  Client Component Browser:
    ./src/components/marketing/hero/hero-device.tsx [Client Component Browser]
    ./src/components/marketing/redesign/palette-explorer.tsx [Client Component Browser]
    ./src/components/marketing/redesign/palette-explorer.tsx [Server Component]
    ./src/app/redesign_v2/page.tsx [Server Component]

  Client Component SSR:
    ./src/components/marketing/hero/hero-device.tsx [Client Component SSR]
    ./src/components/marketing/redesign/palette-explorer.tsx [Client Component SSR]
    ./src/components/marketing/redesign/palette-explorer.tsx [Server Component]
    ./src/app/redesign_v2/page.tsx [Server Component] @ http://localhost:3000/_next/static/chunks/node_modules_next_dist_0u_w_5s._.js:1945
[  368984ms] [ERROR] ./src/components/marketing/hero/hero-device.tsx:6:1
Export DEMO_VERIFY_URL doesn't exist in target module
   4 | import { ScoreExplainer } from "@/components/marketing/score-explainer/score-explainer"
   5 | import { EXAMPLE_SCORE_HISTORY } from "@/components/marketing/score-vis/example-data"
>  6 | import {
     | ^^^^^^^
>  7 |   QrCode,
     | ^^^^^^^^^
>  8 |   DEMO_VERIFY_URL,
     | ^^^^^^^^^^^^^^^^^^
>  9 |   DEMO_VERIFY_URL_DISPLAY,
     | ^^^^^^^^^^^^^^^^^^^^^^^^^^
> 10 | } from "@/components/marketing/hero/qr-code"
     | ^^^^^^^^^^^^^^^^^^^^^^^^^^^^^^^^^^^^^^^^^^^^
  11 | import { computeScoreTrend, formatDeltaAbs } from "@/lib/score-trend"
  12 | import { getPercentileLabel } from "@/lib/progress/gwth-score"
  13 | import { cn } from "@/lib/utils"

The export DEMO_VERIFY_URL was not found in module [project]/src/components/marketing/hero/qr-code.tsx [app-ssr] (ecmascript).
Did you mean to import DEMO_SCORE_URL?
All exports of the module are statically known (It doesn't have dynamic exports). So it's known statically that the requested export doesn't exist.

Import traces:
  Client Component Browser:
    ./src/components/marketing/hero/hero-device.tsx [Client Component Browser]
    ./src/components/marketing/redesign/palette-explorer.tsx [Client Component Browser]
    ./src/components/marketing/redesign/palette-explorer.tsx [Server Component]
    ./src/app/redesign_v2/page.tsx [Server Component]

  Client Component SSR:
    ./src/components/marketing/hero/hero-device.tsx [Client Component SSR]
    ./src/components/marketing/redesign/palette-explorer.tsx [Client Component SSR]
    ./src/components/marketing/redesign/palette-explorer.tsx [Server Component]
    ./src/app/redesign_v2/page.tsx [Server Component] @ http://localhost:3000/_next/static/chunks/node_modules_next_dist_0u_w_5s._.js:1945
[  368984ms] [ERROR] ./src/components/marketing/hero/hero-device.tsx:6:1
Export DEMO_VERIFY_URL_DISPLAY doesn't exist in target module
   4 | import { ScoreExplainer } from "@/components/marketing/score-explainer/score-explainer"
   5 | import { EXAMPLE_SCORE_HISTORY } from "@/components/marketing/score-vis/example-data"
>  6 | import {
     | ^^^^^^^
>  7 |   QrCode,
     | ^^^^^^^^^
>  8 |   DEMO_VERIFY_URL,
     | ^^^^^^^^^^^^^^^^^^
>  9 |   DEMO_VERIFY_URL_DISPLAY,
     | ^^^^^^^^^^^^^^^^^^^^^^^^^^
> 10 | } from "@/components/marketing/hero/qr-code"
     | ^^^^^^^^^^^^^^^^^^^^^^^^^^^^^^^^^^^^^^^^^^^^
  11 | import { computeScoreTrend, formatDeltaAbs } from "@/lib/score-trend"
  12 | import { getPercentileLabel } from "@/lib/progress/gwth-score"
  13 | import { cn } from "@/lib/utils"

The export DEMO_VERIFY_URL_DISPLAY was not found in module [project]/src/components/marketing/hero/qr-code.tsx [app-client] (ecmascript).
Did you mean to import DEMO_SCORE_URL_DISPLAY?
All exports of the module are statically known (It doesn't have dynamic exports). So it's known statically that the requested export doesn't exist.

Import traces:
  Client Component Browser:
    ./src/components/marketing/hero/hero-device.tsx [Client Component Browser]
    ./src/components/marketing/redesign/palette-explorer.tsx [Client Component Browser]
    ./src/components/marketing/redesign/palette-explorer.tsx [Server Component]
    ./src/app/redesign_v2/page.tsx [Server Component]

  Client Component SSR:
    ./src/components/marketing/hero/hero-device.tsx [Client Component SSR]
    ./src/components/marketing/redesign/palette-explorer.tsx [Client Component SSR]
    ./src/components/marketing/redesign/palette-explorer.tsx [Server Component]
    ./src/app/redesign_v2/page.tsx [Server Component] @ http://localhost:3000/_next/static/chunks/node_modules_next_dist_0u_w_5s._.js:1945
[  368985ms] [ERROR] ./src/components/marketing/hero/hero-device.tsx:6:1
Export DEMO_VERIFY_URL_DISPLAY doesn't exist in target module
   4 | import { ScoreExplainer } from "@/components/marketing/score-explainer/score-explainer"
   5 | import { EXAMPLE_SCORE_HISTORY } from "@/components/marketing/score-vis/example-data"
>  6 | import {
     | ^^^^^^^
>  7 |   QrCode,
     | ^^^^^^^^^
>  8 |   DEMO_VERIFY_URL,
     | ^^^^^^^^^^^^^^^^^^
>  9 |   DEMO_VERIFY_URL_DISPLAY,
     | ^^^^^^^^^^^^^^^^^^^^^^^^^^
> 10 | } from "@/components/marketing/hero/qr-code"
     | ^^^^^^^^^^^^^^^^^^^^^^^^^^^^^^^^^^^^^^^^^^^^
  11 | import { computeScoreTrend, formatDeltaAbs } from "@/lib/score-trend"
  12 | import { getPercentileLabel } from "@/lib/progress/gwth-score"
  13 | import { cn } from "@/lib/utils"

The export DEMO_VERIFY_URL_DISPLAY was not found in module [project]/src/components/marketing/hero/qr-code.tsx [app-ssr] (ecmascript).
Did you mean to import DEMO_SCORE_URL_DISPLAY?
All exports of the module are statically known (It doesn't have dynamic exports). So it's known statically that the requested export doesn't exist.

Import traces:
  Client Component Browser:
    ./src/components/marketing/hero/hero-device.tsx [Client Component Browser]
    ./src/components/marketing/redesign/palette-explorer.tsx [Client Component Browser]
    ./src/components/marketing/redesign/palette-explorer.tsx [Server Component]
    ./src/app/redesign_v2/page.tsx [Server Component]

  Client Component SSR:
    ./src/components/marketing/hero/hero-device.tsx [Client Component SSR]
    ./src/components/marketing/redesign/palette-explorer.tsx [Client Component SSR]
    ./src/components/marketing/redesign/palette-explorer.tsx [Server Component]
    ./src/app/redesign_v2/page.tsx [Server Component] @ http://localhost:3000/_next/static/chunks/node_modules_next_dist_0u_w_5s._.js:1945
[  369035ms] [LOG] [Fast Refresh] rebuilding @ http://localhost:3000/_next/static/chunks/node_modules_next_dist_0u_w_5s._.js:1226
[  369494ms] [ERROR] ./src/components/marketing/hero/hero-device.tsx:6:1
Export DEMO_VERIFY_URL doesn't exist in target module
   4 | import { ScoreExplainer } from "@/components/marketing/score-explainer/score-explainer"
   5 | import { EXAMPLE_SCORE_HISTORY } from "@/components/marketing/score-vis/example-data"
>  6 | import {
     | ^^^^^^^
>  7 |   QrCode,
     | ^^^^^^^^^
>  8 |   DEMO_VERIFY_URL,
     | ^^^^^^^^^^^^^^^^^^
>  9 |   DEMO_VERIFY_URL_DISPLAY,
     | ^^^^^^^^^^^^^^^^^^^^^^^^^^
> 10 | } from "@/components/marketing/hero/qr-code"
     | ^^^^^^^^^^^^^^^^^^^^^^^^^^^^^^^^^^^^^^^^^^^^
  11 | import { computeScoreTrend, formatDeltaAbs } from "@/lib/score-trend"
  12 | import { getPercentileLabel } from "@/lib/progress/gwth-score"
  13 | import { cn } from "@/lib/utils"

The export DEMO_VERIFY_URL was not found in module [project]/src/components/marketing/hero/qr-code.tsx [app-rsc] (ecmascript).
Did you mean to import DEMO_SCORE_URL?
All exports of the module are statically known (It doesn't have dynamic exports). So it's known statically that the requested export doesn't exist.

Import trace:
  Server Component:
    ./src/components/marketing/hero/hero-device.tsx
    ./src/components/marketing/editorial-homepage/editorial-homepage.tsx
    ./src/app/(public)/page.tsx @ http://localhost:3000/_next/static/chunks/node_modules_next_dist_0u_w_5s._.js:1945
[  369495ms] [ERROR] ./src/components/marketing/hero/hero-device.tsx:6:1
Export DEMO_VERIFY_URL_DISPLAY doesn't exist in target module
   4 | import { ScoreExplainer } from "@/components/marketing/score-explainer/score-explainer"
   5 | import { EXAMPLE_SCORE_HISTORY } from "@/components/marketing/score-vis/example-data"
>  6 | import {
     | ^^^^^^^
>  7 |   QrCode,
     | ^^^^^^^^^
>  8 |   DEMO_VERIFY_URL,
     | ^^^^^^^^^^^^^^^^^^
>  9 |   DEMO_VERIFY_URL_DISPLAY,
     | ^^^^^^^^^^^^^^^^^^^^^^^^^^
> 10 | } from "@/components/marketing/hero/qr-code"
     | ^^^^^^^^^^^^^^^^^^^^^^^^^^^^^^^^^^^^^^^^^^^^
  11 | import { computeScoreTrend, formatDeltaAbs } from "@/lib/score-trend"
  12 | import { getPercentileLabel } from "@/lib/progress/gwth-score"
  13 | import { cn } from "@/lib/utils"

The export DEMO_VERIFY_URL_DISPLAY was not found in module [project]/src/components/marketing/hero/qr-code.tsx [app-rsc] (ecmascript).
Did you mean to import DEMO_SCORE_URL_DISPLAY?
All exports of the module are statically known (It doesn't have dynamic exports). So it's known statically that the requested export doesn't exist.

Import trace:
  Server Component:
    ./src/components/marketing/hero/hero-device.tsx
    ./src/components/marketing/editorial-homepage/editorial-homepage.tsx
    ./src/app/(public)/page.tsx @ http://localhost:3000/_next/static/chunks/node_modules_next_dist_0u_w_5s._.js:1945
[  369495ms] [ERROR] ./src/components/marketing/hero/hero-device.tsx:6:1
Export DEMO_VERIFY_URL doesn't exist in target module
   4 | import { ScoreExplainer } from "@/components/marketing/score-explainer/score-explainer"
   5 | import { EXAMPLE_SCORE_HISTORY } from "@/components/marketing/score-vis/example-data"
>  6 | import {
     | ^^^^^^^
>  7 |   QrCode,
     | ^^^^^^^^^
>  8 |   DEMO_VERIFY_URL,
     | ^^^^^^^^^^^^^^^^^^
>  9 |   DEMO_VERIFY_URL_DISPLAY,
     | ^^^^^^^^^^^^^^^^^^^^^^^^^^
> 10 | } from "@/components/marketing/hero/qr-code"
     | ^^^^^^^^^^^^^^^^^^^^^^^^^^^^^^^^^^^^^^^^^^^^
  11 | import { computeScoreTrend, formatDeltaAbs } from "@/lib/score-trend"
  12 | import { getPercentileLabel } from "@/lib/progress/gwth-score"
  13 | import { cn } from "@/lib/utils"

The export DEMO_VERIFY_URL was not found in module [project]/src/components/marketing/hero/qr-code.tsx [app-client] (ecmascript).
Did you mean to import DEMO_SCORE_URL?
All exports of the module are statically known (It doesn't have dynamic exports). So it's known statically that the requested export doesn't exist.

Import traces:
  Client Component Browser:
    ./src/components/marketing/hero/hero-device.tsx [Client Component Browser]
    ./src/components/marketing/redesign/palette-explorer.tsx [Client Component Browser]
    ./src/components/marketing/redesign/palette-explorer.tsx [Server Component]
    ./src/app/redesign_v2/page.tsx [Server Component]

  Client Component SSR:
    ./src/components/marketing/hero/hero-device.tsx [Client Component SSR]
    ./src/components/marketing/redesign/palette-explorer.tsx [Client Component SSR]
    ./src/components/marketing/redesign/palette-explorer.tsx [Server Component]
    ./src/app/redesign_v2/page.tsx [Server Component] @ http://localhost:3000/_next/static/chunks/node_modules_next_dist_0u_w_5s._.js:1945
[  369496ms] [ERROR] ./src/components/marketing/hero/hero-device.tsx:6:1
Export DEMO_VERIFY_URL doesn't exist in target module
   4 | import { ScoreExplainer } from "@/components/marketing/score-explainer/score-explainer"
   5 | import { EXAMPLE_SCORE_HISTORY } from "@/components/marketing/score-vis/example-data"
>  6 | import {
     | ^^^^^^^
>  7 |   QrCode,
     | ^^^^^^^^^
>  8 |   DEMO_VERIFY_URL,
     | ^^^^^^^^^^^^^^^^^^
>  9 |   DEMO_VERIFY_URL_DISPLAY,
     | ^^^^^^^^^^^^^^^^^^^^^^^^^^
> 10 | } from "@/components/marketing/hero/qr-code"
     | ^^^^^^^^^^^^^^^^^^^^^^^^^^^^^^^^^^^^^^^^^^^^
  11 | import { computeScoreTrend, formatDeltaAbs } from "@/lib/score-trend"
  12 | import { getPercentileLabel } from "@/lib/progress/gwth-score"
  13 | import { cn } from "@/lib/utils"

The export DEMO_VERIFY_URL was not found in module [project]/src/components/marketing/hero/qr-code.tsx [app-ssr] (ecmascript).
Did you mean to import DEMO_SCORE_URL?
All exports of the module are statically known (It doesn't have dynamic exports). So it's known statically that the requested export doesn't exist.

Import traces:
  Client Component Browser:
    ./src/components/marketing/hero/hero-device.tsx [Client Component Browser]
    ./src/components/marketing/redesign/palette-explorer.tsx [Client Component Browser]
    ./src/components/marketing/redesign/palette-explorer.tsx [Server Component]
    ./src/app/redesign_v2/page.tsx [Server Component]

  Client Component SSR:
    ./src/components/marketing/hero/hero-device.tsx [Client Component SSR]
    ./src/components/marketing/redesign/palette-explorer.tsx [Client Component SSR]
    ./src/components/marketing/redesign/palette-explorer.tsx [Server Component]
    ./src/app/redesign_v2/page.tsx [Server Component] @ http://localhost:3000/_next/static/chunks/node_modules_next_dist_0u_w_5s._.js:1945
[  369496ms] [ERROR] ./src/components/marketing/hero/hero-device.tsx:6:1
Export DEMO_VERIFY_URL_DISPLAY doesn't exist in target module
   4 | import { ScoreExplainer } from "@/components/marketing/score-explainer/score-explainer"
   5 | import { EXAMPLE_SCORE_HISTORY } from "@/components/marketing/score-vis/example-data"
>  6 | import {
     | ^^^^^^^
>  7 |   QrCode,
     | ^^^^^^^^^
>  8 |   DEMO_VERIFY_URL,
     | ^^^^^^^^^^^^^^^^^^
>  9 |   DEMO_VERIFY_URL_DISPLAY,
     | ^^^^^^^^^^^^^^^^^^^^^^^^^^
> 10 | } from "@/components/marketing/hero/qr-code"
     | ^^^^^^^^^^^^^^^^^^^^^^^^^^^^^^^^^^^^^^^^^^^^
  11 | import { computeScoreTrend, formatDeltaAbs } from "@/lib/score-trend"
  12 | import { getPercentileLabel } from "@/lib/progress/gwth-score"
  13 | import { cn } from "@/lib/utils"

The export DEMO_VERIFY_URL_DISPLAY was not found in module [project]/src/components/marketing/hero/qr-code.tsx [app-client] (ecmascript).
Did you mean to import DEMO_SCORE_URL_DISPLAY?
All exports of the module are statically known (It doesn't have dynamic exports). So it's known statically that the requested export doesn't exist.

Import traces:
  Client Component Browser:
    ./src/components/marketing/hero/hero-device.tsx [Client Component Browser]
    ./src/components/marketing/redesign/palette-explorer.tsx [Client Component Browser]
    ./src/components/marketing/redesign/palette-explorer.tsx [Server Component]
    ./src/app/redesign_v2/page.tsx [Server Component]

  Client Component SSR:
    ./src/components/marketing/hero/hero-device.tsx [Client Component SSR]
    ./src/components/marketing/redesign/palette-explorer.tsx [Client Component SSR]
    ./src/components/marketing/redesign/palette-explorer.tsx [Server Component]
    ./src/app/redesign_v2/page.tsx [Server Component] @ http://localhost:3000/_next/static/chunks/node_modules_next_dist_0u_w_5s._.js:1945
[  369496ms] [ERROR] ./src/components/marketing/hero/hero-device.tsx:6:1
Export DEMO_VERIFY_URL_DISPLAY doesn't exist in target module
   4 | import { ScoreExplainer } from "@/components/marketing/score-explainer/score-explainer"
   5 | import { EXAMPLE_SCORE_HISTORY } from "@/components/marketing/score-vis/example-data"
>  6 | import {
     | ^^^^^^^
>  7 |   QrCode,
     | ^^^^^^^^^
>  8 |   DEMO_VERIFY_URL,
     | ^^^^^^^^^^^^^^^^^^
>  9 |   DEMO_VERIFY_URL_DISPLAY,
     | ^^^^^^^^^^^^^^^^^^^^^^^^^^
> 10 | } from "@/components/marketing/hero/qr-code"
     | ^^^^^^^^^^^^^^^^^^^^^^^^^^^^^^^^^^^^^^^^^^^^
  11 | import { computeScoreTrend, formatDeltaAbs } from "@/lib/score-trend"
  12 | import { getPercentileLabel } from "@/lib/progress/gwth-score"
  13 | import { cn } from "@/lib/utils"

The export DEMO_VERIFY_URL_DISPLAY was not found in module [project]/src/components/marketing/hero/qr-code.tsx [app-ssr] (ecmascript).
Did you mean to import DEMO_SCORE_URL_DISPLAY?
All exports of the module are statically known (It doesn't have dynamic exports). So it's known statically that the requested export doesn't exist.

Import traces:
  Client Component Browser:
    ./src/components/marketing/hero/hero-device.tsx [Client Component Browser]
    ./src/components/marketing/redesign/palette-explorer.tsx [Client Component Browser]
    ./src/components/marketing/redesign/palette-explorer.tsx [Server Component]
    ./src/app/redesign_v2/page.tsx [Server Component]

  Client Component SSR:
    ./src/components/marketing/hero/hero-device.tsx [Client Component SSR]
    ./src/components/marketing/redesign/palette-explorer.tsx [Client Component SSR]
    ./src/components/marketing/redesign/palette-explorer.tsx [Server Component]
    ./src/app/redesign_v2/page.tsx [Server Component] @ http://localhost:3000/_next/static/chunks/node_modules_next_dist_0u_w_5s._.js:1945
[  369506ms] [LOG] [Fast Refresh] rebuilding @ http://localhost:3000/_next/static/chunks/node_modules_next_dist_0u_w_5s._.js:1226
[  369600ms] [ERROR] ./src/components/marketing/hero/hero-device.tsx:6:1
Export DEMO_VERIFY_URL doesn't exist in target module
   4 | import { ScoreExplainer } from "@/components/marketing/score-explainer/score-explainer"
   5 | import { EXAMPLE_SCORE_HISTORY } from "@/components/marketing/score-vis/example-data"
>  6 | import {
     | ^^^^^^^
>  7 |   QrCode,
     | ^^^^^^^^^
>  8 |   DEMO_VERIFY_URL,
     | ^^^^^^^^^^^^^^^^^^
>  9 |   DEMO_VERIFY_URL_DISPLAY,
     | ^^^^^^^^^^^^^^^^^^^^^^^^^^
> 10 | } from "@/components/marketing/hero/qr-code"
     | ^^^^^^^^^^^^^^^^^^^^^^^^^^^^^^^^^^^^^^^^^^^^
  11 | import { computeScoreTrend, formatDeltaAbs } from "@/lib/score-trend"
  12 | import { getPercentileLabel } from "@/lib/progress/gwth-score"
  13 | import { cn } from "@/lib/utils"

The export DEMO_VERIFY_URL was not found in module [project]/src/components/marketing/hero/qr-code.tsx [app-rsc] (ecmascript).
Did you mean to import DEMO_SCORE_URL?
All exports of the module are statically known (It doesn't have dynamic exports). So it's known statically that the requested export doesn't exist.

Import trace:
  Server Component:
    ./src/components/marketing/hero/hero-device.tsx
    ./src/components/marketing/editorial-homepage/editorial-homepage.tsx
    ./src/app/(public)/page.tsx @ http://localhost:3000/_next/static/chunks/node_modules_next_dist_0u_w_5s._.js:1945
[  369601ms] [ERROR] ./src/components/marketing/hero/hero-device.tsx:6:1
Export DEMO_VERIFY_URL_DISPLAY doesn't exist in target module
   4 | import { ScoreExplainer } from "@/components/marketing/score-explainer/score-explainer"
   5 | import { EXAMPLE_SCORE_HISTORY } from "@/components/marketing/score-vis/example-data"
>  6 | import {
     | ^^^^^^^
>  7 |   QrCode,
     | ^^^^^^^^^
>  8 |   DEMO_VERIFY_URL,
     | ^^^^^^^^^^^^^^^^^^
>  9 |   DEMO_VERIFY_URL_DISPLAY,
     | ^^^^^^^^^^^^^^^^^^^^^^^^^^
> 10 | } from "@/components/marketing/hero/qr-code"
     | ^^^^^^^^^^^^^^^^^^^^^^^^^^^^^^^^^^^^^^^^^^^^
  11 | import { computeScoreTrend, formatDeltaAbs } from "@/lib/score-trend"
  12 | import { getPercentileLabel } from "@/lib/progress/gwth-score"
  13 | import { cn } from "@/lib/utils"

The export DEMO_VERIFY_URL_DISPLAY was not found in module [project]/src/components/marketing/hero/qr-code.tsx [app-rsc] (ecmascript).
Did you mean to import DEMO_SCORE_URL_DISPLAY?
All exports of the module are statically known (It doesn't have dynamic exports). So it's known statically that the requested export doesn't exist.

Import trace:
  Server Component:
    ./src/components/marketing/hero/hero-device.tsx
    ./src/components/marketing/editorial-homepage/editorial-homepage.tsx
    ./src/app/(public)/page.tsx @ http://localhost:3000/_next/static/chunks/node_modules_next_dist_0u_w_5s._.js:1945
[  369602ms] [ERROR] ./src/components/marketing/hero/hero-device.tsx:6:1
Export DEMO_VERIFY_URL doesn't exist in target module
   4 | import { ScoreExplainer } from "@/components/marketing/score-explainer/score-explainer"
   5 | import { EXAMPLE_SCORE_HISTORY } from "@/components/marketing/score-vis/example-data"
>  6 | import {
     | ^^^^^^^
>  7 |   QrCode,
     | ^^^^^^^^^
>  8 |   DEMO_VERIFY_URL,
     | ^^^^^^^^^^^^^^^^^^
>  9 |   DEMO_VERIFY_URL_DISPLAY,
     | ^^^^^^^^^^^^^^^^^^^^^^^^^^
> 10 | } from "@/components/marketing/hero/qr-code"
     | ^^^^^^^^^^^^^^^^^^^^^^^^^^^^^^^^^^^^^^^^^^^^
  11 | import { computeScoreTrend, formatDeltaAbs } from "@/lib/score-trend"
  12 | import { getPercentileLabel } from "@/lib/progress/gwth-score"
  13 | import { cn } from "@/lib/utils"

The export DEMO_VERIFY_URL was not found in module [project]/src/components/marketing/hero/qr-code.tsx [app-client] (ecmascript).
Did you mean to import DEMO_SCORE_URL?
All exports of the module are statically known (It doesn't have dynamic exports). So it's known statically that the requested export doesn't exist.

Import traces:
  Client Component Browser:
    ./src/components/marketing/hero/hero-device.tsx [Client Component Browser]
    ./src/components/marketing/redesign/palette-explorer.tsx [Client Component Browser]
    ./src/components/marketing/redesign/palette-explorer.tsx [Server Component]
    ./src/app/redesign_v2/page.tsx [Server Component]

  Client Component SSR:
    ./src/components/marketing/hero/hero-device.tsx [Client Component SSR]
    ./src/components/marketing/redesign/palette-explorer.tsx [Client Component SSR]
    ./src/components/marketing/redesign/palette-explorer.tsx [Server Component]
    ./src/app/redesign_v2/page.tsx [Server Component] @ http://localhost:3000/_next/static/chunks/node_modules_next_dist_0u_w_5s._.js:1945
[  369603ms] [ERROR] ./src/components/marketing/hero/hero-device.tsx:6:1
Export DEMO_VERIFY_URL doesn't exist in target module
   4 | import { ScoreExplainer } from "@/components/marketing/score-explainer/score-explainer"
   5 | import { EXAMPLE_SCORE_HISTORY } from "@/components/marketing/score-vis/example-data"
>  6 | import {
     | ^^^^^^^
>  7 |   QrCode,
     | ^^^^^^^^^
>  8 |   DEMO_VERIFY_URL,
     | ^^^^^^^^^^^^^^^^^^
>  9 |   DEMO_VERIFY_URL_DISPLAY,
     | ^^^^^^^^^^^^^^^^^^^^^^^^^^
> 10 | } from "@/components/marketing/hero/qr-code"
     | ^^^^^^^^^^^^^^^^^^^^^^^^^^^^^^^^^^^^^^^^^^^^
  11 | import { computeScoreTrend, formatDeltaAbs } from "@/lib/score-trend"
  12 | import { getPercentileLabel } from "@/lib/progress/gwth-score"
  13 | import { cn } from "@/lib/utils"

The export DEMO_VERIFY_URL was not found in module [project]/src/components/marketing/hero/qr-code.tsx [app-ssr] (ecmascript).
Did you mean to import DEMO_SCORE_URL?
All exports of the module are statically known (It doesn't have dynamic exports). So it's known statically that the requested export doesn't exist.

Import traces:
  Client Component Browser:
    ./src/components/marketing/hero/hero-device.tsx [Client Component Browser]
    ./src/components/marketing/redesign/palette-explorer.tsx [Client Component Browser]
    ./src/components/marketing/redesign/palette-explorer.tsx [Server Component]
    ./src/app/redesign_v2/page.tsx [Server Component]

  Client Component SSR:
    ./src/components/marketing/hero/hero-device.tsx [Client Component SSR]
    ./src/components/marketing/redesign/palette-explorer.tsx [Client Component SSR]
    ./src/components/marketing/redesign/palette-explorer.tsx [Server Component]
    ./src/app/redesign_v2/page.tsx [Server Component] @ http://localhost:3000/_next/static/chunks/node_modules_next_dist_0u_w_5s._.js:1945
[  369603ms] [ERROR] ./src/components/marketing/hero/hero-device.tsx:6:1
Export DEMO_VERIFY_URL_DISPLAY doesn't exist in target module
   4 | import { ScoreExplainer } from "@/components/marketing/score-explainer/score-explainer"
   5 | import { EXAMPLE_SCORE_HISTORY } from "@/components/marketing/score-vis/example-data"
>  6 | import {
     | ^^^^^^^
>  7 |   QrCode,
     | ^^^^^^^^^
>  8 |   DEMO_VERIFY_URL,
     | ^^^^^^^^^^^^^^^^^^
>  9 |   DEMO_VERIFY_URL_DISPLAY,
     | ^^^^^^^^^^^^^^^^^^^^^^^^^^
> 10 | } from "@/components/marketing/hero/qr-code"
     | ^^^^^^^^^^^^^^^^^^^^^^^^^^^^^^^^^^^^^^^^^^^^
  11 | import { computeScoreTrend, formatDeltaAbs } from "@/lib/score-trend"
  12 | import { getPercentileLabel } from "@/lib/progress/gwth-score"
  13 | import { cn } from "@/lib/utils"

The export DEMO_VERIFY_URL_DISPLAY was not found in module [project]/src/components/marketing/hero/qr-code.tsx [app-client] (ecmascript).
Did you mean to import DEMO_SCORE_URL_DISPLAY?
All exports of the module are statically known (It doesn't have dynamic exports). So it's known statically that the requested export doesn't exist.

Import traces:
  Client Component Browser:
    ./src/components/marketing/hero/hero-device.tsx [Client Component Browser]
    ./src/components/marketing/redesign/palette-explorer.tsx [Client Component Browser]
    ./src/components/marketing/redesign/palette-explorer.tsx [Server Component]
    ./src/app/redesign_v2/page.tsx [Server Component]

  Client Component SSR:
    ./src/components/marketing/hero/hero-device.tsx [Client Component SSR]
    ./src/components/marketing/redesign/palette-explorer.tsx [Client Component SSR]
    ./src/components/marketing/redesign/palette-explorer.tsx [Server Component]
    ./src/app/redesign_v2/page.tsx [Server Component] @ http://localhost:3000/_next/static/chunks/node_modules_next_dist_0u_w_5s._.js:1945
[  369604ms] [ERROR] ./src/components/marketing/hero/hero-device.tsx:6:1
Export DEMO_VERIFY_URL_DISPLAY doesn't exist in target module
   4 | import { ScoreExplainer } from "@/components/marketing/score-explainer/score-explainer"
   5 | import { EXAMPLE_SCORE_HISTORY } from "@/components/marketing/score-vis/example-data"
>  6 | import {
     | ^^^^^^^
>  7 |   QrCode,
     | ^^^^^^^^^
>  8 |   DEMO_VERIFY_URL,
     | ^^^^^^^^^^^^^^^^^^
>  9 |   DEMO_VERIFY_URL_DISPLAY,
     | ^^^^^^^^^^^^^^^^^^^^^^^^^^
> 10 | } from "@/components/marketing/hero/qr-code"
     | ^^^^^^^^^^^^^^^^^^^^^^^^^^^^^^^^^^^^^^^^^^^^
  11 | import { computeScoreTrend, formatDeltaAbs } from "@/lib/score-trend"
  12 | import { getPercentileLabel } from "@/lib/progress/gwth-score"
  13 | import { cn } from "@/lib/utils"

The export DEMO_VERIFY_URL_DISPLAY was not found in module [project]/src/components/marketing/hero/qr-code.tsx [app-ssr] (ecmascript).
Did you mean to import DEMO_SCORE_URL_DISPLAY?
All exports of the module are statically known (It doesn't have dynamic exports). So it's known statically that the requested export doesn't exist.

Import traces:
  Client Component Browser:
    ./src/components/marketing/hero/hero-device.tsx [Client Component Browser]
    ./src/components/marketing/redesign/palette-explorer.tsx [Client Component Browser]
    ./src/components/marketing/redesign/palette-explorer.tsx [Server Component]
    ./src/app/redesign_v2/page.tsx [Server Component]

  Client Component SSR:
    ./src/components/marketing/hero/hero-device.tsx [Client Component SSR]
    ./src/components/marketing/redesign/palette-explorer.tsx [Client Component SSR]
    ./src/components/marketing/redesign/palette-explorer.tsx [Server Component]
    ./src/app/redesign_v2/page.tsx [Server Component] @ http://localhost:3000/_next/static/chunks/node_modules_next_dist_0u_w_5s._.js:1945
[  369708ms] [LOG] [Fast Refresh] rebuilding @ http://localhost:3000/_next/static/chunks/node_modules_next_dist_0u_w_5s._.js:1226
[  369759ms] [ERROR] ./src/components/marketing/hero/hero-device.tsx:6:1
Export DEMO_VERIFY_URL doesn't exist in target module
   4 | import { ScoreExplainer } from "@/components/marketing/score-explainer/score-explainer"
   5 | import { EXAMPLE_SCORE_HISTORY } from "@/components/marketing/score-vis/example-data"
>  6 | import {
     | ^^^^^^^
>  7 |   QrCode,
     | ^^^^^^^^^
>  8 |   DEMO_VERIFY_URL,
     | ^^^^^^^^^^^^^^^^^^
>  9 |   DEMO_VERIFY_URL_DISPLAY,
     | ^^^^^^^^^^^^^^^^^^^^^^^^^^
> 10 | } from "@/components/marketing/hero/qr-code"
     | ^^^^^^^^^^^^^^^^^^^^^^^^^^^^^^^^^^^^^^^^^^^^
  11 | import { computeScoreTrend, formatDeltaAbs } from "@/lib/score-trend"
  12 | import { getPercentileLabel } from "@/lib/progress/gwth-score"
  13 | import { cn } from "@/lib/utils"

The export DEMO_VERIFY_URL was not found in module [project]/src/components/marketing/hero/qr-code.tsx [app-rsc] (ecmascript).
Did you mean to import DEMO_SCORE_URL?
All exports of the module are statically known (It doesn't have dynamic exports). So it's known statically that the requested export doesn't exist.

Import trace:
  Server Component:
    ./src/components/marketing/hero/hero-device.tsx
    ./src/components/marketing/editorial-homepage/editorial-homepage.tsx
    ./src/app/(public)/page.tsx @ http://localhost:3000/_next/static/chunks/node_modules_next_dist_0u_w_5s._.js:1945
[  369759ms] [ERROR] ./src/components/marketing/hero/hero-device.tsx:6:1
Export DEMO_VERIFY_URL_DISPLAY doesn't exist in target module
   4 | import { ScoreExplainer } from "@/components/marketing/score-explainer/score-explainer"
   5 | import { EXAMPLE_SCORE_HISTORY } from "@/components/marketing/score-vis/example-data"
>  6 | import {
     | ^^^^^^^
>  7 |   QrCode,
     | ^^^^^^^^^
>  8 |   DEMO_VERIFY_URL,
     | ^^^^^^^^^^^^^^^^^^
>  9 |   DEMO_VERIFY_URL_DISPLAY,
     | ^^^^^^^^^^^^^^^^^^^^^^^^^^
> 10 | } from "@/components/marketing/hero/qr-code"
     | ^^^^^^^^^^^^^^^^^^^^^^^^^^^^^^^^^^^^^^^^^^^^
  11 | import { computeScoreTrend, formatDeltaAbs } from "@/lib/score-trend"
  12 | import { getPercentileLabel } from "@/lib/progress/gwth-score"
  13 | import { cn } from "@/lib/utils"

The export DEMO_VERIFY_URL_DISPLAY was not found in module [project]/src/components/marketing/hero/qr-code.tsx [app-rsc] (ecmascript).
Did you mean to import DEMO_SCORE_URL_DISPLAY?
All exports of the module are statically known (It doesn't have dynamic exports). So it's known statically that the requested export doesn't exist.

Import trace:
  Server Component:
    ./src/components/marketing/hero/hero-device.tsx
    ./src/components/marketing/editorial-homepage/editorial-homepage.tsx
    ./src/app/(public)/page.tsx @ http://localhost:3000/_next/static/chunks/node_modules_next_dist_0u_w_5s._.js:1945
[  369760ms] [ERROR] ./src/components/marketing/hero/hero-device.tsx:6:1
Export DEMO_VERIFY_URL doesn't exist in target module
   4 | import { ScoreExplainer } from "@/components/marketing/score-explainer/score-explainer"
   5 | import { EXAMPLE_SCORE_HISTORY } from "@/components/marketing/score-vis/example-data"
>  6 | import {
     | ^^^^^^^
>  7 |   QrCode,
     | ^^^^^^^^^
>  8 |   DEMO_VERIFY_URL,
     | ^^^^^^^^^^^^^^^^^^
>  9 |   DEMO_VERIFY_URL_DISPLAY,
     | ^^^^^^^^^^^^^^^^^^^^^^^^^^
> 10 | } from "@/components/marketing/hero/qr-code"
     | ^^^^^^^^^^^^^^^^^^^^^^^^^^^^^^^^^^^^^^^^^^^^
  11 | import { computeScoreTrend, formatDeltaAbs } from "@/lib/score-trend"
  12 | import { getPercentileLabel } from "@/lib/progress/gwth-score"
  13 | import { cn } from "@/lib/utils"

The export DEMO_VERIFY_URL was not found in module [project]/src/components/marketing/hero/qr-code.tsx [app-client] (ecmascript).
Did you mean to import DEMO_SCORE_URL?
All exports of the module are statically known (It doesn't have dynamic exports). So it's known statically that the requested export doesn't exist.

Import traces:
  Client Component Browser:
    ./src/components/marketing/hero/hero-device.tsx [Client Component Browser]
    ./src/components/marketing/redesign/palette-explorer.tsx [Client Component Browser]
    ./src/components/marketing/redesign/palette-explorer.tsx [Server Component]
    ./src/app/redesign_v2/page.tsx [Server Component]

  Client Component SSR:
    ./src/components/marketing/hero/hero-device.tsx [Client Component SSR]
    ./src/components/marketing/redesign/palette-explorer.tsx [Client Component SSR]
    ./src/components/marketing/redesign/palette-explorer.tsx [Server Component]
    ./src/app/redesign_v2/page.tsx [Server Component] @ http://localhost:3000/_next/static/chunks/node_modules_next_dist_0u_w_5s._.js:1945
[  369760ms] [ERROR] ./src/components/marketing/hero/hero-device.tsx:6:1
Export DEMO_VERIFY_URL doesn't exist in target module
   4 | import { ScoreExplainer } from "@/components/marketing/score-explainer/score-explainer"
   5 | import { EXAMPLE_SCORE_HISTORY } from "@/components/marketing/score-vis/example-data"
>  6 | import {
     | ^^^^^^^
>  7 |   QrCode,
     | ^^^^^^^^^
>  8 |   DEMO_VERIFY_URL,
     | ^^^^^^^^^^^^^^^^^^
>  9 |   DEMO_VERIFY_URL_DISPLAY,
     | ^^^^^^^^^^^^^^^^^^^^^^^^^^
> 10 | } from "@/components/marketing/hero/qr-code"
     | ^^^^^^^^^^^^^^^^^^^^^^^^^^^^^^^^^^^^^^^^^^^^
  11 | import { computeScoreTrend, formatDeltaAbs } from "@/lib/score-trend"
  12 | import { getPercentileLabel } from "@/lib/progress/gwth-score"
  13 | import { cn } from "@/lib/utils"

The export DEMO_VERIFY_URL was not found in module [project]/src/components/marketing/hero/qr-code.tsx [app-ssr] (ecmascript).
Did you mean to import DEMO_SCORE_URL?
All exports of the module are statically known (It doesn't have dynamic exports). So it's known statically that the requested export doesn't exist.

Import traces:
  Client Component Browser:
    ./src/components/marketing/hero/hero-device.tsx [Client Component Browser]
    ./src/components/marketing/redesign/palette-explorer.tsx [Client Component Browser]
    ./src/components/marketing/redesign/palette-explorer.tsx [Server Component]
    ./src/app/redesign_v2/page.tsx [Server Component]

  Client Component SSR:
    ./src/components/marketing/hero/hero-device.tsx [Client Component SSR]
    ./src/components/marketing/redesign/palette-explorer.tsx [Client Component SSR]
    ./src/components/marketing/redesign/palette-explorer.tsx [Server Component]
    ./src/app/redesign_v2/page.tsx [Server Component] @ http://localhost:3000/_next/static/chunks/node_modules_next_dist_0u_w_5s._.js:1945
[  369760ms] [ERROR] ./src/components/marketing/hero/hero-device.tsx:6:1
Export DEMO_VERIFY_URL_DISPLAY doesn't exist in target module
   4 | import { ScoreExplainer } from "@/components/marketing/score-explainer/score-explainer"
   5 | import { EXAMPLE_SCORE_HISTORY } from "@/components/marketing/score-vis/example-data"
>  6 | import {
     | ^^^^^^^
>  7 |   QrCode,
     | ^^^^^^^^^
>  8 |   DEMO_VERIFY_URL,
     | ^^^^^^^^^^^^^^^^^^
>  9 |   DEMO_VERIFY_URL_DISPLAY,
     | ^^^^^^^^^^^^^^^^^^^^^^^^^^
> 10 | } from "@/components/marketing/hero/qr-code"
     | ^^^^^^^^^^^^^^^^^^^^^^^^^^^^^^^^^^^^^^^^^^^^
  11 | import { computeScoreTrend, formatDeltaAbs } from "@/lib/score-trend"
  12 | import { getPercentileLabel } from "@/lib/progress/gwth-score"
  13 | import { cn } from "@/lib/utils"

The export DEMO_VERIFY_URL_DISPLAY was not found in module [project]/src/components/marketing/hero/qr-code.tsx [app-client] (ecmascript).
Did you mean to import DEMO_SCORE_URL_DISPLAY?
All exports of the module are statically known (It doesn't have dynamic exports). So it's known statically that the requested export doesn't exist.

Import traces:
  Client Component Browser:
    ./src/components/marketing/hero/hero-device.tsx [Client Component Browser]
    ./src/components/marketing/redesign/palette-explorer.tsx [Client Component Browser]
    ./src/components/marketing/redesign/palette-explorer.tsx [Server Component]
    ./src/app/redesign_v2/page.tsx [Server Component]

  Client Component SSR:
    ./src/components/marketing/hero/hero-device.tsx [Client Component SSR]
    ./src/components/marketing/redesign/palette-explorer.tsx [Client Component SSR]
    ./src/components/marketing/redesign/palette-explorer.tsx [Server Component]
    ./src/app/redesign_v2/page.tsx [Server Component] @ http://localhost:3000/_next/static/chunks/node_modules_next_dist_0u_w_5s._.js:1945
[  369761ms] [ERROR] ./src/components/marketing/hero/hero-device.tsx:6:1
Export DEMO_VERIFY_URL_DISPLAY doesn't exist in target module
   4 | import { ScoreExplainer } from "@/components/marketing/score-explainer/score-explainer"
   5 | import { EXAMPLE_SCORE_HISTORY } from "@/components/marketing/score-vis/example-data"
>  6 | import {
     | ^^^^^^^
>  7 |   QrCode,
     | ^^^^^^^^^
>  8 |   DEMO_VERIFY_URL,
     | ^^^^^^^^^^^^^^^^^^
>  9 |   DEMO_VERIFY_URL_DISPLAY,
     | ^^^^^^^^^^^^^^^^^^^^^^^^^^
> 10 | } from "@/components/marketing/hero/qr-code"
     | ^^^^^^^^^^^^^^^^^^^^^^^^^^^^^^^^^^^^^^^^^^^^
  11 | import { computeScoreTrend, formatDeltaAbs } from "@/lib/score-trend"
  12 | import { getPercentileLabel } from "@/lib/progress/gwth-score"
  13 | import { cn } from "@/lib/utils"

The export DEMO_VERIFY_URL_DISPLAY was not found in module [project]/src/components/marketing/hero/qr-code.tsx [app-ssr] (ecmascript).
Did you mean to import DEMO_SCORE_URL_DISPLAY?
All exports of the module are statically known (It doesn't have dynamic exports). So it's known statically that the requested export doesn't exist.

Import traces:
  Client Component Browser:
    ./src/components/marketing/hero/hero-device.tsx [Client Component Browser]
    ./src/components/marketing/redesign/palette-explorer.tsx [Client Component Browser]
    ./src/components/marketing/redesign/palette-explorer.tsx [Server Component]
    ./src/app/redesign_v2/page.tsx [Server Component]

  Client Component SSR:
    ./src/components/marketing/hero/hero-device.tsx [Client Component SSR]
    ./src/components/marketing/redesign/palette-explorer.tsx [Client Component SSR]
    ./src/components/marketing/redesign/palette-explorer.tsx [Server Component]
    ./src/app/redesign_v2/page.tsx [Server Component] @ http://localhost:3000/_next/static/chunks/node_modules_next_dist_0u_w_5s._.js:1945
[  369846ms] [ERROR] ./src/components/marketing/hero/hero-device.tsx:6:1
Export DEMO_VERIFY_URL doesn't exist in target module
   4 | import { ScoreExplainer } from "@/components/marketing/score-explainer/score-explainer"
   5 | import { EXAMPLE_SCORE_HISTORY } from "@/components/marketing/score-vis/example-data"
>  6 | import {
     | ^^^^^^^
>  7 |   QrCode,
     | ^^^^^^^^^
>  8 |   DEMO_VERIFY_URL,
     | ^^^^^^^^^^^^^^^^^^
>  9 |   DEMO_VERIFY_URL_DISPLAY,
     | ^^^^^^^^^^^^^^^^^^^^^^^^^^
> 10 | } from "@/components/marketing/hero/qr-code"
     | ^^^^^^^^^^^^^^^^^^^^^^^^^^^^^^^^^^^^^^^^^^^^
  11 | import { computeScoreTrend, formatDeltaAbs } from "@/lib/score-trend"
  12 | import { getPercentileLabel } from "@/lib/progress/gwth-score"
  13 | import { cn } from "@/lib/utils"

The export DEMO_VERIFY_URL was not found in module [project]/src/components/marketing/hero/qr-code.tsx [app-rsc] (ecmascript).
Did you mean to import DEMO_SCORE_URL?
All exports of the module are statically known (It doesn't have dynamic exports). So it's known statically that the requested export doesn't exist.

Import trace:
  Server Component:
    ./src/components/marketing/hero/hero-device.tsx
    ./src/components/marketing/editorial-homepage/editorial-homepage.tsx
    ./src/app/(public)/page.tsx @ http://localhost:3000/_next/static/chunks/node_modules_next_dist_0u_w_5s._.js:1945
[  369846ms] [ERROR] ./src/components/marketing/hero/hero-device.tsx:6:1
Export DEMO_VERIFY_URL_DISPLAY doesn't exist in target module
   4 | import { ScoreExplainer } from "@/components/marketing/score-explainer/score-explainer"
   5 | import { EXAMPLE_SCORE_HISTORY } from "@/components/marketing/score-vis/example-data"
>  6 | import {
     | ^^^^^^^
>  7 |   QrCode,
     | ^^^^^^^^^
>  8 |   DEMO_VERIFY_URL,
     | ^^^^^^^^^^^^^^^^^^
>  9 |   DEMO_VERIFY_URL_DISPLAY,
     | ^^^^^^^^^^^^^^^^^^^^^^^^^^
> 10 | } from "@/components/marketing/hero/qr-code"
     | ^^^^^^^^^^^^^^^^^^^^^^^^^^^^^^^^^^^^^^^^^^^^
  11 | import { computeScoreTrend, formatDeltaAbs } from "@/lib/score-trend"
  12 | import { getPercentileLabel } from "@/lib/progress/gwth-score"
  13 | import { cn } from "@/lib/utils"

The export DEMO_VERIFY_URL_DISPLAY was not found in module [project]/src/components/marketing/hero/qr-code.tsx [app-rsc] (ecmascript).
Did you mean to import DEMO_SCORE_URL_DISPLAY?
All exports of the module are statically known (It doesn't have dynamic exports). So it's known statically that the requested export doesn't exist.

Import trace:
  Server Component:
    ./src/components/marketing/hero/hero-device.tsx
    ./src/components/marketing/editorial-homepage/editorial-homepage.tsx
    ./src/app/(public)/page.tsx @ http://localhost:3000/_next/static/chunks/node_modules_next_dist_0u_w_5s._.js:1945
[  369847ms] [ERROR] ./src/components/marketing/hero/hero-device.tsx:6:1
Export DEMO_VERIFY_URL doesn't exist in target module
   4 | import { ScoreExplainer } from "@/components/marketing/score-explainer/score-explainer"
   5 | import { EXAMPLE_SCORE_HISTORY } from "@/components/marketing/score-vis/example-data"
>  6 | import {
     | ^^^^^^^
>  7 |   QrCode,
     | ^^^^^^^^^
>  8 |   DEMO_VERIFY_URL,
     | ^^^^^^^^^^^^^^^^^^
>  9 |   DEMO_VERIFY_URL_DISPLAY,
     | ^^^^^^^^^^^^^^^^^^^^^^^^^^
> 10 | } from "@/components/marketing/hero/qr-code"
     | ^^^^^^^^^^^^^^^^^^^^^^^^^^^^^^^^^^^^^^^^^^^^
  11 | import { computeScoreTrend, formatDeltaAbs } from "@/lib/score-trend"
  12 | import { getPercentileLabel } from "@/lib/progress/gwth-score"
  13 | import { cn } from "@/lib/utils"

The export DEMO_VERIFY_URL was not found in module [project]/src/components/marketing/hero/qr-code.tsx [app-client] (ecmascript).
Did you mean to import DEMO_SCORE_URL?
All exports of the module are statically known (It doesn't have dynamic exports). So it's known statically that the requested export doesn't exist.

Import traces:
  Client Component Browser:
    ./src/components/marketing/hero/hero-device.tsx [Client Component Browser]
    ./src/components/marketing/redesign/palette-explorer.tsx [Client Component Browser]
    ./src/components/marketing/redesign/palette-explorer.tsx [Server Component]
    ./src/app/redesign_v2/page.tsx [Server Component]

  Client Component SSR:
    ./src/components/marketing/hero/hero-device.tsx [Client Component SSR]
    ./src/components/marketing/redesign/palette-explorer.tsx [Client Component SSR]
    ./src/components/marketing/redesign/palette-explorer.tsx [Server Component]
    ./src/app/redesign_v2/page.tsx [Server Component] @ http://localhost:3000/_next/static/chunks/node_modules_next_dist_0u_w_5s._.js:1945
[  369847ms] [ERROR] ./src/components/marketing/hero/hero-device.tsx:6:1
Export DEMO_VERIFY_URL doesn't exist in target module
   4 | import { ScoreExplainer } from "@/components/marketing/score-explainer/score-explainer"
   5 | import { EXAMPLE_SCORE_HISTORY } from "@/components/marketing/score-vis/example-data"
>  6 | import {
     | ^^^^^^^
>  7 |   QrCode,
     | ^^^^^^^^^
>  8 |   DEMO_VERIFY_URL,
     | ^^^^^^^^^^^^^^^^^^
>  9 |   DEMO_VERIFY_URL_DISPLAY,
     | ^^^^^^^^^^^^^^^^^^^^^^^^^^
> 10 | } from "@/components/marketing/hero/qr-code"
     | ^^^^^^^^^^^^^^^^^^^^^^^^^^^^^^^^^^^^^^^^^^^^
  11 | import { computeScoreTrend, formatDeltaAbs } from "@/lib/score-trend"
  12 | import { getPercentileLabel } from "@/lib/progress/gwth-score"
  13 | import { cn } from "@/lib/utils"

The export DEMO_VERIFY_URL was not found in module [project]/src/components/marketing/hero/qr-code.tsx [app-ssr] (ecmascript).
Did you mean to import DEMO_SCORE_URL?
All exports of the module are statically known (It doesn't have dynamic exports). So it's known statically that the requested export doesn't exist.

Import traces:
  Client Component Browser:
    ./src/components/marketing/hero/hero-device.tsx [Client Component Browser]
    ./src/components/marketing/redesign/palette-explorer.tsx [Client Component Browser]
    ./src/components/marketing/redesign/palette-explorer.tsx [Server Component]
    ./src/app/redesign_v2/page.tsx [Server Component]

  Client Component SSR:
    ./src/components/marketing/hero/hero-device.tsx [Client Component SSR]
    ./src/components/marketing/redesign/palette-explorer.tsx [Client Component SSR]
    ./src/components/marketing/redesign/palette-explorer.tsx [Server Component]
    ./src/app/redesign_v2/page.tsx [Server Component] @ http://localhost:3000/_next/static/chunks/node_modules_next_dist_0u_w_5s._.js:1945
[  369847ms] [ERROR] ./src/components/marketing/hero/hero-device.tsx:6:1
Export DEMO_VERIFY_URL_DISPLAY doesn't exist in target module
   4 | import { ScoreExplainer } from "@/components/marketing/score-explainer/score-explainer"
   5 | import { EXAMPLE_SCORE_HISTORY } from "@/components/marketing/score-vis/example-data"
>  6 | import {
     | ^^^^^^^
>  7 |   QrCode,
     | ^^^^^^^^^
>  8 |   DEMO_VERIFY_URL,
     | ^^^^^^^^^^^^^^^^^^
>  9 |   DEMO_VERIFY_URL_DISPLAY,
     | ^^^^^^^^^^^^^^^^^^^^^^^^^^
> 10 | } from "@/components/marketing/hero/qr-code"
     | ^^^^^^^^^^^^^^^^^^^^^^^^^^^^^^^^^^^^^^^^^^^^
  11 | import { computeScoreTrend, formatDeltaAbs } from "@/lib/score-trend"
  12 | import { getPercentileLabel } from "@/lib/progress/gwth-score"
  13 | import { cn } from "@/lib/utils"

The export DEMO_VERIFY_URL_DISPLAY was not found in module [project]/src/components/marketing/hero/qr-code.tsx [app-client] (ecmascript).
Did you mean to import DEMO_SCORE_URL_DISPLAY?
All exports of the module are statically known (It doesn't have dynamic exports). So it's known statically that the requested export doesn't exist.

Import traces:
  Client Component Browser:
    ./src/components/marketing/hero/hero-device.tsx [Client Component Browser]
    ./src/components/marketing/redesign/palette-explorer.tsx [Client Component Browser]
    ./src/components/marketing/redesign/palette-explorer.tsx [Server Component]
    ./src/app/redesign_v2/page.tsx [Server Component]

  Client Component SSR:
    ./src/components/marketing/hero/hero-device.tsx [Client Component SSR]
    ./src/components/marketing/redesign/palette-explorer.tsx [Client Component SSR]
    ./src/components/marketing/redesign/palette-explorer.tsx [Server Component]
    ./src/app/redesign_v2/page.tsx [Server Component] @ http://localhost:3000/_next/static/chunks/node_modules_next_dist_0u_w_5s._.js:1945
[  369848ms] [ERROR] ./src/components/marketing/hero/hero-device.tsx:6:1
Export DEMO_VERIFY_URL_DISPLAY doesn't exist in target module
   4 | import { ScoreExplainer } from "@/components/marketing/score-explainer/score-explainer"
   5 | import { EXAMPLE_SCORE_HISTORY } from "@/components/marketing/score-vis/example-data"
>  6 | import {
     | ^^^^^^^
>  7 |   QrCode,
     | ^^^^^^^^^
>  8 |   DEMO_VERIFY_URL,
     | ^^^^^^^^^^^^^^^^^^
>  9 |   DEMO_VERIFY_URL_DISPLAY,
     | ^^^^^^^^^^^^^^^^^^^^^^^^^^
> 10 | } from "@/components/marketing/hero/qr-code"
     | ^^^^^^^^^^^^^^^^^^^^^^^^^^^^^^^^^^^^^^^^^^^^
  11 | import { computeScoreTrend, formatDeltaAbs } from "@/lib/score-trend"
  12 | import { getPercentileLabel } from "@/lib/progress/gwth-score"
  13 | import { cn } from "@/lib/utils"

The export DEMO_VERIFY_URL_DISPLAY was not found in module [project]/src/components/marketing/hero/qr-code.tsx [app-ssr] (ecmascript).
Did you mean to import DEMO_SCORE_URL_DISPLAY?
All exports of the module are statically known (It doesn't have dynamic exports). So it's known statically that the requested export doesn't exist.

Import traces:
  Client Component Browser:
    ./src/components/marketing/hero/hero-device.tsx [Client Component Browser]
    ./src/components/marketing/redesign/palette-explorer.tsx [Client Component Browser]
    ./src/components/marketing/redesign/palette-explorer.tsx [Server Component]
    ./src/app/redesign_v2/page.tsx [Server Component]

  Client Component SSR:
    ./src/components/marketing/hero/hero-device.tsx [Client Component SSR]
    ./src/components/marketing/redesign/palette-explorer.tsx [Client Component SSR]
    ./src/components/marketing/redesign/palette-explorer.tsx [Server Component]
    ./src/app/redesign_v2/page.tsx [Server Component] @ http://localhost:3000/_next/static/chunks/node_modules_next_dist_0u_w_5s._.js:1945
[  369885ms] [LOG] [Fast Refresh] rebuilding @ http://localhost:3000/_next/static/chunks/node_modules_next_dist_0u_w_5s._.js:1226
[  369956ms] [ERROR] ./src/components/marketing/hero/hero-device.tsx:6:1
Export DEMO_VERIFY_URL doesn't exist in target module
   4 | import { ScoreExplainer } from "@/components/marketing/score-explainer/score-explainer"
   5 | import { EXAMPLE_SCORE_HISTORY } from "@/components/marketing/score-vis/example-data"
>  6 | import {
     | ^^^^^^^
>  7 |   QrCode,
     | ^^^^^^^^^
>  8 |   DEMO_VERIFY_URL,
     | ^^^^^^^^^^^^^^^^^^
>  9 |   DEMO_VERIFY_URL_DISPLAY,
     | ^^^^^^^^^^^^^^^^^^^^^^^^^^
> 10 | } from "@/components/marketing/hero/qr-code"
     | ^^^^^^^^^^^^^^^^^^^^^^^^^^^^^^^^^^^^^^^^^^^^
  11 | import { computeScoreTrend, formatDeltaAbs } from "@/lib/score-trend"
  12 | import { getPercentileLabel } from "@/lib/progress/gwth-score"
  13 | import { cn } from "@/lib/utils"

The export DEMO_VERIFY_URL was not found in module [project]/src/components/marketing/hero/qr-code.tsx [app-rsc] (ecmascript).
Did you mean to import DEMO_SCORE_URL?
All exports of the module are statically known (It doesn't have dynamic exports). So it's known statically that the requested export doesn't exist.

Import trace:
  Server Component:
    ./src/components/marketing/hero/hero-device.tsx
    ./src/components/marketing/editorial-homepage/editorial-homepage.tsx
    ./src/app/(public)/page.tsx @ http://localhost:3000/_next/static/chunks/node_modules_next_dist_0u_w_5s._.js:1945
[  369957ms] [ERROR] ./src/components/marketing/hero/hero-device.tsx:6:1
Export DEMO_VERIFY_URL_DISPLAY doesn't exist in target module
   4 | import { ScoreExplainer } from "@/components/marketing/score-explainer/score-explainer"
   5 | import { EXAMPLE_SCORE_HISTORY } from "@/components/marketing/score-vis/example-data"
>  6 | import {
     | ^^^^^^^
>  7 |   QrCode,
     | ^^^^^^^^^
>  8 |   DEMO_VERIFY_URL,
     | ^^^^^^^^^^^^^^^^^^
>  9 |   DEMO_VERIFY_URL_DISPLAY,
     | ^^^^^^^^^^^^^^^^^^^^^^^^^^
> 10 | } from "@/components/marketing/hero/qr-code"
     | ^^^^^^^^^^^^^^^^^^^^^^^^^^^^^^^^^^^^^^^^^^^^
  11 | import { computeScoreTrend, formatDeltaAbs } from "@/lib/score-trend"
  12 | import { getPercentileLabel } from "@/lib/progress/gwth-score"
  13 | import { cn } from "@/lib/utils"

The export DEMO_VERIFY_URL_DISPLAY was not found in module [project]/src/components/marketing/hero/qr-code.tsx [app-rsc] (ecmascript).
Did you mean to import DEMO_SCORE_URL_DISPLAY?
All exports of the module are statically known (It doesn't have dynamic exports). So it's known statically that the requested export doesn't exist.

Import trace:
  Server Component:
    ./src/components/marketing/hero/hero-device.tsx
    ./src/components/marketing/editorial-homepage/editorial-homepage.tsx
    ./src/app/(public)/page.tsx @ http://localhost:3000/_next/static/chunks/node_modules_next_dist_0u_w_5s._.js:1945
[  369958ms] [ERROR] ./src/components/marketing/hero/hero-device.tsx:6:1
Export DEMO_VERIFY_URL doesn't exist in target module
   4 | import { ScoreExplainer } from "@/components/marketing/score-explainer/score-explainer"
   5 | import { EXAMPLE_SCORE_HISTORY } from "@/components/marketing/score-vis/example-data"
>  6 | import {
     | ^^^^^^^
>  7 |   QrCode,
     | ^^^^^^^^^
>  8 |   DEMO_VERIFY_URL,
     | ^^^^^^^^^^^^^^^^^^
>  9 |   DEMO_VERIFY_URL_DISPLAY,
     | ^^^^^^^^^^^^^^^^^^^^^^^^^^
> 10 | } from "@/components/marketing/hero/qr-code"
     | ^^^^^^^^^^^^^^^^^^^^^^^^^^^^^^^^^^^^^^^^^^^^
  11 | import { computeScoreTrend, formatDeltaAbs } from "@/lib/score-trend"
  12 | import { getPercentileLabel } from "@/lib/progress/gwth-score"
  13 | import { cn } from "@/lib/utils"

The export DEMO_VERIFY_URL was not found in module [project]/src/components/marketing/hero/qr-code.tsx [app-client] (ecmascript).
Did you mean to import DEMO_SCORE_URL?
All exports of the module are statically known (It doesn't have dynamic exports). So it's known statically that the requested export doesn't exist.

Import traces:
  Client Component Browser:
    ./src/components/marketing/hero/hero-device.tsx [Client Component Browser]
    ./src/components/marketing/redesign/palette-explorer.tsx [Client Component Browser]
    ./src/components/marketing/redesign/palette-explorer.tsx [Server Component]
    ./src/app/redesign_v2/page.tsx [Server Component]

  Client Component SSR:
    ./src/components/marketing/hero/hero-device.tsx [Client Component SSR]
    ./src/components/marketing/redesign/palette-explorer.tsx [Client Component SSR]
    ./src/components/marketing/redesign/palette-explorer.tsx [Server Component]
    ./src/app/redesign_v2/page.tsx [Server Component] @ http://localhost:3000/_next/static/chunks/node_modules_next_dist_0u_w_5s._.js:1945
[  369959ms] [ERROR] ./src/components/marketing/hero/hero-device.tsx:6:1
Export DEMO_VERIFY_URL doesn't exist in target module
   4 | import { ScoreExplainer } from "@/components/marketing/score-explainer/score-explainer"
   5 | import { EXAMPLE_SCORE_HISTORY } from "@/components/marketing/score-vis/example-data"
>  6 | import {
     | ^^^^^^^
>  7 |   QrCode,
     | ^^^^^^^^^
>  8 |   DEMO_VERIFY_URL,
     | ^^^^^^^^^^^^^^^^^^
>  9 |   DEMO_VERIFY_URL_DISPLAY,
     | ^^^^^^^^^^^^^^^^^^^^^^^^^^
> 10 | } from "@/components/marketing/hero/qr-code"
     | ^^^^^^^^^^^^^^^^^^^^^^^^^^^^^^^^^^^^^^^^^^^^
  11 | import { computeScoreTrend, formatDeltaAbs } from "@/lib/score-trend"
  12 | import { getPercentileLabel } from "@/lib/progress/gwth-score"
  13 | import { cn } from "@/lib/utils"

The export DEMO_VERIFY_URL was not found in module [project]/src/components/marketing/hero/qr-code.tsx [app-ssr] (ecmascript).
Did you mean to import DEMO_SCORE_URL?
All exports of the module are statically known (It doesn't have dynamic exports). So it's known statically that the requested export doesn't exist.

Import traces:
  Client Component Browser:
    ./src/components/marketing/hero/hero-device.tsx [Client Component Browser]
    ./src/components/marketing/redesign/palette-explorer.tsx [Client Component Browser]
    ./src/components/marketing/redesign/palette-explorer.tsx [Server Component]
    ./src/app/redesign_v2/page.tsx [Server Component]

  Client Component SSR:
    ./src/components/marketing/hero/hero-device.tsx [Client Component SSR]
    ./src/components/marketing/redesign/palette-explorer.tsx [Client Component SSR]
    ./src/components/marketing/redesign/palette-explorer.tsx [Server Component]
    ./src/app/redesign_v2/page.tsx [Server Component] @ http://localhost:3000/_next/static/chunks/node_modules_next_dist_0u_w_5s._.js:1945
[  369960ms] [ERROR] ./src/components/marketing/hero/hero-device.tsx:6:1
Export DEMO_VERIFY_URL_DISPLAY doesn't exist in target module
   4 | import { ScoreExplainer } from "@/components/marketing/score-explainer/score-explainer"
   5 | import { EXAMPLE_SCORE_HISTORY } from "@/components/marketing/score-vis/example-data"
>  6 | import {
     | ^^^^^^^
>  7 |   QrCode,
     | ^^^^^^^^^
>  8 |   DEMO_VERIFY_URL,
     | ^^^^^^^^^^^^^^^^^^
>  9 |   DEMO_VERIFY_URL_DISPLAY,
     | ^^^^^^^^^^^^^^^^^^^^^^^^^^
> 10 | } from "@/components/marketing/hero/qr-code"
     | ^^^^^^^^^^^^^^^^^^^^^^^^^^^^^^^^^^^^^^^^^^^^
  11 | import { computeScoreTrend, formatDeltaAbs } from "@/lib/score-trend"
  12 | import { getPercentileLabel } from "@/lib/progress/gwth-score"
  13 | import { cn } from "@/lib/utils"

The export DEMO_VERIFY_URL_DISPLAY was not found in module [project]/src/components/marketing/hero/qr-code.tsx [app-client] (ecmascript).
Did you mean to import DEMO_SCORE_URL_DISPLAY?
All exports of the module are statically known (It doesn't have dynamic exports). So it's known statically that the requested export doesn't exist.

Import traces:
  Client Component Browser:
    ./src/components/marketing/hero/hero-device.tsx [Client Component Browser]
    ./src/components/marketing/redesign/palette-explorer.tsx [Client Component Browser]
    ./src/components/marketing/redesign/palette-explorer.tsx [Server Component]
    ./src/app/redesign_v2/page.tsx [Server Component]

  Client Component SSR:
    ./src/components/marketing/hero/hero-device.tsx [Client Component SSR]
    ./src/components/marketing/redesign/palette-explorer.tsx [Client Component SSR]
    ./src/components/marketing/redesign/palette-explorer.tsx [Server Component]
    ./src/app/redesign_v2/page.tsx [Server Component] @ http://localhost:3000/_next/static/chunks/node_modules_next_dist_0u_w_5s._.js:1945
[  369961ms] [ERROR] ./src/components/marketing/hero/hero-device.tsx:6:1
Export DEMO_VERIFY_URL_DISPLAY doesn't exist in target module
   4 | import { ScoreExplainer } from "@/components/marketing/score-explainer/score-explainer"
   5 | import { EXAMPLE_SCORE_HISTORY } from "@/components/marketing/score-vis/example-data"
>  6 | import {
     | ^^^^^^^
>  7 |   QrCode,
     | ^^^^^^^^^
>  8 |   DEMO_VERIFY_URL,
     | ^^^^^^^^^^^^^^^^^^
>  9 |   DEMO_VERIFY_URL_DISPLAY,
     | ^^^^^^^^^^^^^^^^^^^^^^^^^^
> 10 | } from "@/components/marketing/hero/qr-code"
     | ^^^^^^^^^^^^^^^^^^^^^^^^^^^^^^^^^^^^^^^^^^^^
  11 | import { computeScoreTrend, formatDeltaAbs } from "@/lib/score-trend"
  12 | import { getPercentileLabel } from "@/lib/progress/gwth-score"
  13 | import { cn } from "@/lib/utils"

The export DEMO_VERIFY_URL_DISPLAY was not found in module [project]/src/components/marketing/hero/qr-code.tsx [app-ssr] (ecmascript).
Did you mean to import DEMO_SCORE_URL_DISPLAY?
All exports of the module are statically known (It doesn't have dynamic exports). So it's known statically that the requested export doesn't exist.

Import traces:
  Client Component Browser:
    ./src/components/marketing/hero/hero-device.tsx [Client Component Browser]
    ./src/components/marketing/redesign/palette-explorer.tsx [Client Component Browser]
    ./src/components/marketing/redesign/palette-explorer.tsx [Server Component]
    ./src/app/redesign_v2/page.tsx [Server Component]

  Client Component SSR:
    ./src/components/marketing/hero/hero-device.tsx [Client Component SSR]
    ./src/components/marketing/redesign/palette-explorer.tsx [Client Component SSR]
    ./src/components/marketing/redesign/palette-explorer.tsx [Server Component]
    ./src/app/redesign_v2/page.tsx [Server Component] @ http://localhost:3000/_next/static/chunks/node_modules_next_dist_0u_w_5s._.js:1945
[  369999ms] [LOG] [Fast Refresh] rebuilding @ http://localhost:3000/_next/static/chunks/node_modules_next_dist_0u_w_5s._.js:1226
[  370162ms] [ERROR] ./src/components/marketing/hero/hero-device.tsx:6:1
Export DEMO_VERIFY_URL doesn't exist in target module
   4 | import { ScoreExplainer } from "@/components/marketing/score-explainer/score-explainer"
   5 | import { EXAMPLE_SCORE_HISTORY } from "@/components/marketing/score-vis/example-data"
>  6 | import {
     | ^^^^^^^
>  7 |   QrCode,
     | ^^^^^^^^^
>  8 |   DEMO_VERIFY_URL,
     | ^^^^^^^^^^^^^^^^^^
>  9 |   DEMO_VERIFY_URL_DISPLAY,
     | ^^^^^^^^^^^^^^^^^^^^^^^^^^
> 10 | } from "@/components/marketing/hero/qr-code"
     | ^^^^^^^^^^^^^^^^^^^^^^^^^^^^^^^^^^^^^^^^^^^^
  11 | import { computeScoreTrend, formatDeltaAbs } from "@/lib/score-trend"
  12 | import { getPercentileLabel } from "@/lib/progress/gwth-score"
  13 | import { cn } from "@/lib/utils"

The export DEMO_VERIFY_URL was not found in module [project]/src/components/marketing/hero/qr-code.tsx [app-rsc] (ecmascript).
Did you mean to import DEMO_SCORE_URL?
All exports of the module are statically known (It doesn't have dynamic exports). So it's known statically that the requested export doesn't exist.

Import trace:
  Server Component:
    ./src/components/marketing/hero/hero-device.tsx
    ./src/components/marketing/editorial-homepage/editorial-homepage.tsx
    ./src/app/(public)/page.tsx @ http://localhost:3000/_next/static/chunks/node_modules_next_dist_0u_w_5s._.js:1945
[  370163ms] [ERROR] ./src/components/marketing/hero/hero-device.tsx:6:1
Export DEMO_VERIFY_URL_DISPLAY doesn't exist in target module
   4 | import { ScoreExplainer } from "@/components/marketing/score-explainer/score-explainer"
   5 | import { EXAMPLE_SCORE_HISTORY } from "@/components/marketing/score-vis/example-data"
>  6 | import {
     | ^^^^^^^
>  7 |   QrCode,
     | ^^^^^^^^^
>  8 |   DEMO_VERIFY_URL,
     | ^^^^^^^^^^^^^^^^^^
>  9 |   DEMO_VERIFY_URL_DISPLAY,
     | ^^^^^^^^^^^^^^^^^^^^^^^^^^
> 10 | } from "@/components/marketing/hero/qr-code"
     | ^^^^^^^^^^^^^^^^^^^^^^^^^^^^^^^^^^^^^^^^^^^^
  11 | import { computeScoreTrend, formatDeltaAbs } from "@/lib/score-trend"
  12 | import { getPercentileLabel } from "@/lib/progress/gwth-score"
  13 | import { cn } from "@/lib/utils"

The export DEMO_VERIFY_URL_DISPLAY was not found in module [project]/src/components/marketing/hero/qr-code.tsx [app-rsc] (ecmascript).
Did you mean to import DEMO_SCORE_URL_DISPLAY?
All exports of the module are statically known (It doesn't have dynamic exports). So it's known statically that the requested export doesn't exist.

Import trace:
  Server Component:
    ./src/components/marketing/hero/hero-device.tsx
    ./src/components/marketing/editorial-homepage/editorial-homepage.tsx
    ./src/app/(public)/page.tsx @ http://localhost:3000/_next/static/chunks/node_modules_next_dist_0u_w_5s._.js:1945
[  370163ms] [ERROR] ./src/components/marketing/hero/hero-device.tsx:6:1
Export DEMO_VERIFY_URL doesn't exist in target module
   4 | import { ScoreExplainer } from "@/components/marketing/score-explainer/score-explainer"
   5 | import { EXAMPLE_SCORE_HISTORY } from "@/components/marketing/score-vis/example-data"
>  6 | import {
     | ^^^^^^^
>  7 |   QrCode,
     | ^^^^^^^^^
>  8 |   DEMO_VERIFY_URL,
     | ^^^^^^^^^^^^^^^^^^
>  9 |   DEMO_VERIFY_URL_DISPLAY,
     | ^^^^^^^^^^^^^^^^^^^^^^^^^^
> 10 | } from "@/components/marketing/hero/qr-code"
     | ^^^^^^^^^^^^^^^^^^^^^^^^^^^^^^^^^^^^^^^^^^^^
  11 | import { computeScoreTrend, formatDeltaAbs } from "@/lib/score-trend"
  12 | import { getPercentileLabel } from "@/lib/progress/gwth-score"
  13 | import { cn } from "@/lib/utils"

The export DEMO_VERIFY_URL was not found in module [project]/src/components/marketing/hero/qr-code.tsx [app-client] (ecmascript).
Did you mean to import DEMO_SCORE_URL?
All exports of the module are statically known (It doesn't have dynamic exports). So it's known statically that the requested export doesn't exist.

Import traces:
  Client Component Browser:
    ./src/components/marketing/hero/hero-device.tsx [Client Component Browser]
    ./src/components/marketing/redesign/palette-explorer.tsx [Client Component Browser]
    ./src/components/marketing/redesign/palette-explorer.tsx [Server Component]
    ./src/app/redesign_v2/page.tsx [Server Component]

  Client Component SSR:
    ./src/components/marketing/hero/hero-device.tsx [Client Component SSR]
    ./src/components/marketing/redesign/palette-explorer.tsx [Client Component SSR]
    ./src/components/marketing/redesign/palette-explorer.tsx [Server Component]
    ./src/app/redesign_v2/page.tsx [Server Component] @ http://localhost:3000/_next/static/chunks/node_modules_next_dist_0u_w_5s._.js:1945
[  370164ms] [ERROR] ./src/components/marketing/hero/hero-device.tsx:6:1
Export DEMO_VERIFY_URL doesn't exist in target module
   4 | import { ScoreExplainer } from "@/components/marketing/score-explainer/score-explainer"
   5 | import { EXAMPLE_SCORE_HISTORY } from "@/components/marketing/score-vis/example-data"
>  6 | import {
     | ^^^^^^^
>  7 |   QrCode,
     | ^^^^^^^^^
>  8 |   DEMO_VERIFY_URL,
     | ^^^^^^^^^^^^^^^^^^
>  9 |   DEMO_VERIFY_URL_DISPLAY,
     | ^^^^^^^^^^^^^^^^^^^^^^^^^^
> 10 | } from "@/components/marketing/hero/qr-code"
     | ^^^^^^^^^^^^^^^^^^^^^^^^^^^^^^^^^^^^^^^^^^^^
  11 | import { computeScoreTrend, formatDeltaAbs } from "@/lib/score-trend"
  12 | import { getPercentileLabel } from "@/lib/progress/gwth-score"
  13 | import { cn } from "@/lib/utils"

The export DEMO_VERIFY_URL was not found in module [project]/src/components/marketing/hero/qr-code.tsx [app-ssr] (ecmascript).
Did you mean to import DEMO_SCORE_URL?
All exports of the module are statically known (It doesn't have dynamic exports). So it's known statically that the requested export doesn't exist.

Import traces:
  Client Component Browser:
    ./src/components/marketing/hero/hero-device.tsx [Client Component Browser]
    ./src/components/marketing/redesign/palette-explorer.tsx [Client Component Browser]
    ./src/components/marketing/redesign/palette-explorer.tsx [Server Component]
    ./src/app/redesign_v2/page.tsx [Server Component]

  Client Component SSR:
    ./src/components/marketing/hero/hero-device.tsx [Client Component SSR]
    ./src/components/marketing/redesign/palette-explorer.tsx [Client Component SSR]
    ./src/components/marketing/redesign/palette-explorer.tsx [Server Component]
    ./src/app/redesign_v2/page.tsx [Server Component] @ http://localhost:3000/_next/static/chunks/node_modules_next_dist_0u_w_5s._.js:1945
[  370164ms] [ERROR] ./src/components/marketing/hero/hero-device.tsx:6:1
Export DEMO_VERIFY_URL_DISPLAY doesn't exist in target module
   4 | import { ScoreExplainer } from "@/components/marketing/score-explainer/score-explainer"
   5 | import { EXAMPLE_SCORE_HISTORY } from "@/components/marketing/score-vis/example-data"
>  6 | import {
     | ^^^^^^^
>  7 |   QrCode,
     | ^^^^^^^^^
>  8 |   DEMO_VERIFY_URL,
     | ^^^^^^^^^^^^^^^^^^
>  9 |   DEMO_VERIFY_URL_DISPLAY,
     | ^^^^^^^^^^^^^^^^^^^^^^^^^^
> 10 | } from "@/components/marketing/hero/qr-code"
     | ^^^^^^^^^^^^^^^^^^^^^^^^^^^^^^^^^^^^^^^^^^^^
  11 | import { computeScoreTrend, formatDeltaAbs } from "@/lib/score-trend"
  12 | import { getPercentileLabel } from "@/lib/progress/gwth-score"
  13 | import { cn } from "@/lib/utils"

The export DEMO_VERIFY_URL_DISPLAY was not found in module [project]/src/components/marketing/hero/qr-code.tsx [app-client] (ecmascript).
Did you mean to import DEMO_SCORE_URL_DISPLAY?
All exports of the module are statically known (It doesn't have dynamic exports). So it's known statically that the requested export doesn't exist.

Import traces:
  Client Component Browser:
    ./src/components/marketing/hero/hero-device.tsx [Client Component Browser]
    ./src/components/marketing/redesign/palette-explorer.tsx [Client Component Browser]
    ./src/components/marketing/redesign/palette-explorer.tsx [Server Component]
    ./src/app/redesign_v2/page.tsx [Server Component]

  Client Component SSR:
    ./src/components/marketing/hero/hero-device.tsx [Client Component SSR]
    ./src/components/marketing/redesign/palette-explorer.tsx [Client Component SSR]
    ./src/components/marketing/redesign/palette-explorer.tsx [Server Component]
    ./src/app/redesign_v2/page.tsx [Server Component] @ http://localhost:3000/_next/static/chunks/node_modules_next_dist_0u_w_5s._.js:1945
[  370165ms] [ERROR] ./src/components/marketing/hero/hero-device.tsx:6:1
Export DEMO_VERIFY_URL_DISPLAY doesn't exist in target module
   4 | import { ScoreExplainer } from "@/components/marketing/score-explainer/score-explainer"
   5 | import { EXAMPLE_SCORE_HISTORY } from "@/components/marketing/score-vis/example-data"
>  6 | import {
     | ^^^^^^^
>  7 |   QrCode,
     | ^^^^^^^^^
>  8 |   DEMO_VERIFY_URL,
     | ^^^^^^^^^^^^^^^^^^
>  9 |   DEMO_VERIFY_URL_DISPLAY,
     | ^^^^^^^^^^^^^^^^^^^^^^^^^^
> 10 | } from "@/components/marketing/hero/qr-code"
     | ^^^^^^^^^^^^^^^^^^^^^^^^^^^^^^^^^^^^^^^^^^^^
  11 | import { computeScoreTrend, formatDeltaAbs } from "@/lib/score-trend"
  12 | import { getPercentileLabel } from "@/lib/progress/gwth-score"
  13 | import { cn } from "@/lib/utils"

The export DEMO_VERIFY_URL_DISPLAY was not found in module [project]/src/components/marketing/hero/qr-code.tsx [app-ssr] (ecmascript).
Did you mean to import DEMO_SCORE_URL_DISPLAY?
All exports of the module are statically known (It doesn't have dynamic exports). So it's known statically that the requested export doesn't exist.

Import traces:
  Client Component Browser:
    ./src/components/marketing/hero/hero-device.tsx [Client Component Browser]
    ./src/components/marketing/redesign/palette-explorer.tsx [Client Component Browser]
    ./src/components/marketing/redesign/palette-explorer.tsx [Server Component]
    ./src/app/redesign_v2/page.tsx [Server Component]

  Client Component SSR:
    ./src/components/marketing/hero/hero-device.tsx [Client Component SSR]
    ./src/components/marketing/redesign/palette-explorer.tsx [Client Component SSR]
    ./src/components/marketing/redesign/palette-explorer.tsx [Server Component]
    ./src/app/redesign_v2/page.tsx [Server Component] @ http://localhost:3000/_next/static/chunks/node_modules_next_dist_0u_w_5s._.js:1945
[  370201ms] [LOG] [Fast Refresh] rebuilding @ http://localhost:3000/_next/static/chunks/node_modules_next_dist_0u_w_5s._.js:1226
[  370388ms] [ERROR] ./src/components/marketing/hero/hero-device.tsx:6:1
Export DEMO_VERIFY_URL doesn't exist in target module
   4 | import { ScoreExplainer } from "@/components/marketing/score-explainer/score-explainer"
   5 | import { EXAMPLE_SCORE_HISTORY } from "@/components/marketing/score-vis/example-data"
>  6 | import {
     | ^^^^^^^
>  7 |   QrCode,
     | ^^^^^^^^^
>  8 |   DEMO_VERIFY_URL,
     | ^^^^^^^^^^^^^^^^^^
>  9 |   DEMO_VERIFY_URL_DISPLAY,
     | ^^^^^^^^^^^^^^^^^^^^^^^^^^
> 10 | } from "@/components/marketing/hero/qr-code"
     | ^^^^^^^^^^^^^^^^^^^^^^^^^^^^^^^^^^^^^^^^^^^^
  11 | import { computeScoreTrend, formatDeltaAbs } from "@/lib/score-trend"
  12 | import { getPercentileLabel } from "@/lib/progress/gwth-score"
  13 | import { cn } from "@/lib/utils"

The export DEMO_VERIFY_URL was not found in module [project]/src/components/marketing/hero/qr-code.tsx [app-rsc] (ecmascript).
Did you mean to import DEMO_SCORE_URL?
All exports of the module are statically known (It doesn't have dynamic exports). So it's known statically that the requested export doesn't exist.

Import trace:
  Server Component:
    ./src/components/marketing/hero/hero-device.tsx
    ./src/components/marketing/editorial-homepage/editorial-homepage.tsx
    ./src/app/(public)/page.tsx @ http://localhost:3000/_next/static/chunks/node_modules_next_dist_0u_w_5s._.js:1945
[  370389ms] [ERROR] ./src/components/marketing/hero/hero-device.tsx:6:1
Export DEMO_VERIFY_URL_DISPLAY doesn't exist in target module
   4 | import { ScoreExplainer } from "@/components/marketing/score-explainer/score-explainer"
   5 | import { EXAMPLE_SCORE_HISTORY } from "@/components/marketing/score-vis/example-data"
>  6 | import {
     | ^^^^^^^
>  7 |   QrCode,
     | ^^^^^^^^^
>  8 |   DEMO_VERIFY_URL,
     | ^^^^^^^^^^^^^^^^^^
>  9 |   DEMO_VERIFY_URL_DISPLAY,
     | ^^^^^^^^^^^^^^^^^^^^^^^^^^
> 10 | } from "@/components/marketing/hero/qr-code"
     | ^^^^^^^^^^^^^^^^^^^^^^^^^^^^^^^^^^^^^^^^^^^^
  11 | import { computeScoreTrend, formatDeltaAbs } from "@/lib/score-trend"
  12 | import { getPercentileLabel } from "@/lib/progress/gwth-score"
  13 | import { cn } from "@/lib/utils"

The export DEMO_VERIFY_URL_DISPLAY was not found in module [project]/src/components/marketing/hero/qr-code.tsx [app-rsc] (ecmascript).
Did you mean to import DEMO_SCORE_URL_DISPLAY?
All exports of the module are statically known (It doesn't have dynamic exports). So it's known statically that the requested export doesn't exist.

Import trace:
  Server Component:
    ./src/components/marketing/hero/hero-device.tsx
    ./src/components/marketing/editorial-homepage/editorial-homepage.tsx
    ./src/app/(public)/page.tsx @ http://localhost:3000/_next/static/chunks/node_modules_next_dist_0u_w_5s._.js:1945
[  370389ms] [ERROR] ./src/components/marketing/hero/hero-device.tsx:6:1
Export DEMO_VERIFY_URL doesn't exist in target module
   4 | import { ScoreExplainer } from "@/components/marketing/score-explainer/score-explainer"
   5 | import { EXAMPLE_SCORE_HISTORY } from "@/components/marketing/score-vis/example-data"
>  6 | import {
     | ^^^^^^^
>  7 |   QrCode,
     | ^^^^^^^^^
>  8 |   DEMO_VERIFY_URL,
     | ^^^^^^^^^^^^^^^^^^
>  9 |   DEMO_VERIFY_URL_DISPLAY,
     | ^^^^^^^^^^^^^^^^^^^^^^^^^^
> 10 | } from "@/components/marketing/hero/qr-code"
     | ^^^^^^^^^^^^^^^^^^^^^^^^^^^^^^^^^^^^^^^^^^^^
  11 | import { computeScoreTrend, formatDeltaAbs } from "@/lib/score-trend"
  12 | import { getPercentileLabel } from "@/lib/progress/gwth-score"
  13 | import { cn } from "@/lib/utils"

The export DEMO_VERIFY_URL was not found in module [project]/src/components/marketing/hero/qr-code.tsx [app-client] (ecmascript).
Did you mean to import DEMO_SCORE_URL?
All exports of the module are statically known (It doesn't have dynamic exports). So it's known statically that the requested export doesn't exist.

Import traces:
  Client Component Browser:
    ./src/components/marketing/hero/hero-device.tsx [Client Component Browser]
    ./src/components/marketing/redesign/palette-explorer.tsx [Client Component Browser]
    ./src/components/marketing/redesign/palette-explorer.tsx [Server Component]
    ./src/app/redesign_v2/page.tsx [Server Component]

  Client Component SSR:
    ./src/components/marketing/hero/hero-device.tsx [Client Component SSR]
    ./src/components/marketing/redesign/palette-explorer.tsx [Client Component SSR]
    ./src/components/marketing/redesign/palette-explorer.tsx [Server Component]
    ./src/app/redesign_v2/page.tsx [Server Component] @ http://localhost:3000/_next/static/chunks/node_modules_next_dist_0u_w_5s._.js:1945
[  370389ms] [ERROR] ./src/components/marketing/hero/hero-device.tsx:6:1
Export DEMO_VERIFY_URL doesn't exist in target module
   4 | import { ScoreExplainer } from "@/components/marketing/score-explainer/score-explainer"
   5 | import { EXAMPLE_SCORE_HISTORY } from "@/components/marketing/score-vis/example-data"
>  6 | import {
     | ^^^^^^^
>  7 |   QrCode,
     | ^^^^^^^^^
>  8 |   DEMO_VERIFY_URL,
     | ^^^^^^^^^^^^^^^^^^
>  9 |   DEMO_VERIFY_URL_DISPLAY,
     | ^^^^^^^^^^^^^^^^^^^^^^^^^^
> 10 | } from "@/components/marketing/hero/qr-code"
     | ^^^^^^^^^^^^^^^^^^^^^^^^^^^^^^^^^^^^^^^^^^^^
  11 | import { computeScoreTrend, formatDeltaAbs } from "@/lib/score-trend"
  12 | import { getPercentileLabel } from "@/lib/progress/gwth-score"
  13 | import { cn } from "@/lib/utils"

The export DEMO_VERIFY_URL was not found in module [project]/src/components/marketing/hero/qr-code.tsx [app-ssr] (ecmascript).
Did you mean to import DEMO_SCORE_URL?
All exports of the module are statically known (It doesn't have dynamic exports). So it's known statically that the requested export doesn't exist.

Import traces:
  Client Component Browser:
    ./src/components/marketing/hero/hero-device.tsx [Client Component Browser]
    ./src/components/marketing/redesign/palette-explorer.tsx [Client Component Browser]
    ./src/components/marketing/redesign/palette-explorer.tsx [Server Component]
    ./src/app/redesign_v2/page.tsx [Server Component]

  Client Component SSR:
    ./src/components/marketing/hero/hero-device.tsx [Client Component SSR]
    ./src/components/marketing/redesign/palette-explorer.tsx [Client Component SSR]
    ./src/components/marketing/redesign/palette-explorer.tsx [Server Component]
    ./src/app/redesign_v2/page.tsx [Server Component] @ http://localhost:3000/_next/static/chunks/node_modules_next_dist_0u_w_5s._.js:1945
[  370390ms] [ERROR] ./src/components/marketing/hero/hero-device.tsx:6:1
Export DEMO_VERIFY_URL_DISPLAY doesn't exist in target module
   4 | import { ScoreExplainer } from "@/components/marketing/score-explainer/score-explainer"
   5 | import { EXAMPLE_SCORE_HISTORY } from "@/components/marketing/score-vis/example-data"
>  6 | import {
     | ^^^^^^^
>  7 |   QrCode,
     | ^^^^^^^^^
>  8 |   DEMO_VERIFY_URL,
     | ^^^^^^^^^^^^^^^^^^
>  9 |   DEMO_VERIFY_URL_DISPLAY,
     | ^^^^^^^^^^^^^^^^^^^^^^^^^^
> 10 | } from "@/components/marketing/hero/qr-code"
     | ^^^^^^^^^^^^^^^^^^^^^^^^^^^^^^^^^^^^^^^^^^^^
  11 | import { computeScoreTrend, formatDeltaAbs } from "@/lib/score-trend"
  12 | import { getPercentileLabel } from "@/lib/progress/gwth-score"
  13 | import { cn } from "@/lib/utils"

The export DEMO_VERIFY_URL_DISPLAY was not found in module [project]/src/components/marketing/hero/qr-code.tsx [app-client] (ecmascript).
Did you mean to import DEMO_SCORE_URL_DISPLAY?
All exports of the module are statically known (It doesn't have dynamic exports). So it's known statically that the requested export doesn't exist.

Import traces:
  Client Component Browser:
    ./src/components/marketing/hero/hero-device.tsx [Client Component Browser]
    ./src/components/marketing/redesign/palette-explorer.tsx [Client Component Browser]
    ./src/components/marketing/redesign/palette-explorer.tsx [Server Component]
    ./src/app/redesign_v2/page.tsx [Server Component]

  Client Component SSR:
    ./src/components/marketing/hero/hero-device.tsx [Client Component SSR]
    ./src/components/marketing/redesign/palette-explorer.tsx [Client Component SSR]
    ./src/components/marketing/redesign/palette-explorer.tsx [Server Component]
    ./src/app/redesign_v2/page.tsx [Server Component] @ http://localhost:3000/_next/static/chunks/node_modules_next_dist_0u_w_5s._.js:1945
[  370390ms] [ERROR] ./src/components/marketing/hero/hero-device.tsx:6:1
Export DEMO_VERIFY_URL_DISPLAY doesn't exist in target module
   4 | import { ScoreExplainer } from "@/components/marketing/score-explainer/score-explainer"
   5 | import { EXAMPLE_SCORE_HISTORY } from "@/components/marketing/score-vis/example-data"
>  6 | import {
     | ^^^^^^^
>  7 |   QrCode,
     | ^^^^^^^^^
>  8 |   DEMO_VERIFY_URL,
     | ^^^^^^^^^^^^^^^^^^
>  9 |   DEMO_VERIFY_URL_DISPLAY,
     | ^^^^^^^^^^^^^^^^^^^^^^^^^^
> 10 | } from "@/components/marketing/hero/qr-code"
     | ^^^^^^^^^^^^^^^^^^^^^^^^^^^^^^^^^^^^^^^^^^^^
  11 | import { computeScoreTrend, formatDeltaAbs } from "@/lib/score-trend"
  12 | import { getPercentileLabel } from "@/lib/progress/gwth-score"
  13 | import { cn } from "@/lib/utils"

The export DEMO_VERIFY_URL_DISPLAY was not found in module [project]/src/components/marketing/hero/qr-code.tsx [app-ssr] (ecmascript).
Did you mean to import DEMO_SCORE_URL_DISPLAY?
All exports of the module are statically known (It doesn't have dynamic exports). So it's known statically that the requested export doesn't exist.

Import traces:
  Client Component Browser:
    ./src/components/marketing/hero/hero-device.tsx [Client Component Browser]
    ./src/components/marketing/redesign/palette-explorer.tsx [Client Component Browser]
    ./src/components/marketing/redesign/palette-explorer.tsx [Server Component]
    ./src/app/redesign_v2/page.tsx [Server Component]

  Client Component SSR:
    ./src/components/marketing/hero/hero-device.tsx [Client Component SSR]
    ./src/components/marketing/redesign/palette-explorer.tsx [Client Component SSR]
    ./src/components/marketing/redesign/palette-explorer.tsx [Server Component]
    ./src/app/redesign_v2/page.tsx [Server Component] @ http://localhost:3000/_next/static/chunks/node_modules_next_dist_0u_w_5s._.js:1945
[  370409ms] [LOG] [Fast Refresh] rebuilding @ http://localhost:3000/_next/static/chunks/node_modules_next_dist_0u_w_5s._.js:1226
[  372260ms] [LOG] [Fast Refresh] rebuilding @ http://localhost:3000/_next/static/chunks/node_modules_next_dist_0u_w_5s._.js:1226
[  373177ms] [WARNING] [Fast Refresh] performing full reload because your application had an unrecoverable error @ http://localhost:3000/_next/static/chunks/node_modules_next_dist_0u_w_5s._.js:1226
[  373250ms] [LOG] [Fast Refresh] done in 1072ms @ http://localhost:3000/_next/static/chunks/node_modules_next_dist_0u_w_5s._.js:1226
[  373679ms] [LOG] [Fast Refresh] rebuilding @ http://localhost:3000/_next/static/chunks/node_modules_next_dist_0u_w_5s._.js:1226
[  375236ms] [LOG] [Fast Refresh] done in 1658ms @ http://localhost:3000/_next/static/chunks/node_modules_next_dist_0u_w_5s._.js:1226
[  376181ms] [INFO] %cDownload the React DevTools for a better development experience: https://react.dev/link/react-devtools font-weight:bold @ http://localhost:3000/_next/static/chunks/node_modules_next_dist_115brz8._.js:2431
[  376234ms] [LOG] [HMR] connected @ http://localhost:3000/_next/static/chunks/node_modules_next_dist_115brz8._.js:2431
[  376617ms] [WARNING] Ignoring Event: localhost @ http://localhost:3000/_next/static/chunks/node_modules_next_dist_115brz8._.js:2431
[  376618ms] [LOG] %c[Web Vital] FCP: 2912ms (needs-improvement) color: orange; font-weight: bold @ http://localhost:3000/_next/static/chunks/node_modules_next_dist_115brz8._.js:2431
[  376729ms] [LOG] %c[Web Vital] TTFB: 2076ms (poor) color: red; font-weight: bold @ http://localhost:3000/_next/static/chunks/node_modules_next_dist_115brz8._.js:2431
[  376830ms] [ERROR] %o

%s ReferenceError: DEMO_VERIFY_URL is not defined
    at HeroDevice (about://React/Server/C:%5CProjects%5CGWTH_V2%5C.next%5Cdev%5Cserver%5Cchunks%5Cssr%5C%5Broot-of-the-server%5D__0_joour._.js?121:780:56)
    at resolveErrorDev (http://localhost:3000/_next/static/chunks/node_modules_next_dist_compiled_react-server-dom-turbopack_0p3wegg._.js:1919:150)
    at processFullStringRow (http://localhost:3000/_next/static/chunks/node_modules_next_dist_compiled_react-server-dom-turbopack_0p3wegg._.js:2434:29)
    at processFullBinaryRow (http://localhost:3000/_next/static/chunks/node_modules_next_dist_compiled_react-server-dom-turbopack_0p3wegg._.js:2393:9)
    at processBinaryChunk (http://localhost:3000/_next/static/chunks/node_modules_next_dist_compiled_react-server-dom-turbopack_0p3wegg._.js:2502:221)
    at progress (http://localhost:3000/_next/static/chunks/node_modules_next_dist_compiled_react-server-dom-turbopack_0p3wegg._.js:2689:13) The above error occurred in the <HeroDevice> component. It was handled by the <ErrorBoundaryHandler> error boundary. @ http://localhost:3000/_next/static/chunks/node_modules_next_dist_client_0fhqo1d._.js:1998
[  383520ms] [LOG] [Fast Refresh] rebuilding @ http://localhost:3000/_next/static/chunks/node_modules_next_dist_115brz8._.js:2431
[  383960ms] [LOG] [Fast Refresh] done in 553ms @ http://localhost:3000/_next/static/chunks/node_modules_next_dist_115brz8._.js:2431
[  397785ms] [LOG] [Fast Refresh] rebuilding @ http://localhost:3000/_next/static/chunks/node_modules_next_dist_115brz8._.js:2431
[  398986ms] [LOG] [Fast Refresh] done in 1301ms @ http://localhost:3000/_next/static/chunks/node_modules_next_dist_115brz8._.js:2431
[  399679ms] [LOG] [Fast Refresh] rebuilding @ http://localhost:3000/_next/static/chunks/node_modules_next_dist_115brz8._.js:2431
[  400156ms] [LOG] [Fast Refresh] done in 579ms @ http://localhost:3000/_next/static/chunks/node_modules_next_dist_115brz8._.js:2431
[  400366ms] [LOG] [Fast Refresh] rebuilding @ http://localhost:3000/_next/static/chunks/node_modules_next_dist_115brz8._.js:2431
[  400539ms] [LOG] [Fast Refresh] done in 273ms @ http://localhost:3000/_next/static/chunks/node_modules_next_dist_115brz8._.js:2431
[  400777ms] [LOG] [Fast Refresh] rebuilding @ http://localhost:3000/_next/static/chunks/node_modules_next_dist_115brz8._.js:2431
[  400863ms] [LOG] [Fast Refresh] done in 194ms @ http://localhost:3000/_next/static/chunks/node_modules_next_dist_115brz8._.js:2431
[  401511ms] [LOG] %c[Web Vital] FCP: 2912ms (needs-improvement) color: orange; font-weight: bold @ http://localhost:3000/_next/static/chunks/node_modules_next_dist_115brz8._.js:2431
[  401511ms] [LOG] %c[Web Vital] TTFB: 2076ms (poor) color: red; font-weight: bold @ http://localhost:3000/_next/static/chunks/node_modules_next_dist_115brz8._.js:2431
[  420602ms] [LOG] [Fast Refresh] rebuilding @ http://localhost:3000/_next/static/chunks/node_modules_next_dist_115brz8._.js:2431
[  421573ms] [LOG] [Fast Refresh] done in 1076ms @ http://localhost:3000/_next/static/chunks/node_modules_next_dist_115brz8._.js:2431
[  422153ms] [LOG] [Fast Refresh] rebuilding @ http://localhost:3000/_next/static/chunks/node_modules_next_dist_115brz8._.js:2431
[  423564ms] [LOG] [Fast Refresh] done in 1508ms @ http://localhost:3000/_next/static/chunks/node_modules_next_dist_115brz8._.js:2431
[  424035ms] [LOG] [Fast Refresh] rebuilding @ http://localhost:3000/_next/static/chunks/node_modules_next_dist_115brz8._.js:2431
[  425258ms] [LOG] [Fast Refresh] done in 1327ms @ http://localhost:3000/_next/static/chunks/node_modules_next_dist_115brz8._.js:2431
[  425472ms] [LOG] [Fast Refresh] rebuilding @ http://localhost:3000/_next/static/chunks/node_modules_next_dist_115brz8._.js:2431
[  425830ms] [LOG] [Fast Refresh] done in 459ms @ http://localhost:3000/_next/static/chunks/node_modules_next_dist_115brz8._.js:2431
[  426127ms] [LOG] [Fast Refresh] rebuilding @ http://localhost:3000/_next/static/chunks/node_modules_next_dist_115brz8._.js:2431
[  426684ms] [LOG] [Fast Refresh] done in 659ms @ http://localhost:3000/_next/static/chunks/node_modules_next_dist_115brz8._.js:2431
[  427455ms] [LOG] %c[Web Vital] FCP: 2912ms (needs-improvement) color: orange; font-weight: bold @ http://localhost:3000/_next/static/chunks/node_modules_next_dist_115brz8._.js:2431
[  427456ms] [LOG] %c[Web Vital] TTFB: 2076ms (poor) color: red; font-weight: bold @ http://localhost:3000/_next/static/chunks/node_modules_next_dist_115brz8._.js:2431
[  438625ms] [LOG] [Fast Refresh] rebuilding @ http://localhost:3000/_next/static/chunks/node_modules_next_dist_115brz8._.js:2431
[  439413ms] [LOG] [Fast Refresh] done in 901ms @ http://localhost:3000/_next/static/chunks/node_modules_next_dist_115brz8._.js:2431
[  443138ms] [LOG] [Fast Refresh] rebuilding @ http://localhost:3000/_next/static/chunks/node_modules_next_dist_115brz8._.js:2431
[  443621ms] [LOG] [Fast Refresh] done in 586ms @ http://localhost:3000/_next/static/chunks/node_modules_next_dist_115brz8._.js:2431
[  443799ms] [LOG] [Fast Refresh] rebuilding @ http://localhost:3000/_next/static/chunks/node_modules_next_dist_115brz8._.js:2431
[  443803ms] [LOG] [Fast Refresh] done in 105ms @ http://localhost:3000/_next/static/chunks/node_modules_next_dist_115brz8._.js:2431
[  457473ms] [LOG] [Fast Refresh] rebuilding @ http://localhost:3000/_next/static/chunks/node_modules_next_dist_115brz8._.js:2431
[  459189ms] [LOG] [Fast Refresh] done in 1826ms @ http://localhost:3000/_next/static/chunks/node_modules_next_dist_115brz8._.js:2431
[  459298ms] [LOG] [Fast Refresh] rebuilding @ http://localhost:3000/_next/static/chunks/node_modules_next_dist_115brz8._.js:2431
[  461438ms] [LOG] [Fast Refresh] done in 2240ms @ http://localhost:3000/_next/static/chunks/node_modules_next_dist_115brz8._.js:2431
[  478015ms] [LOG] [Fast Refresh] rebuilding @ http://localhost:3000/_next/static/chunks/node_modules_next_dist_115brz8._.js:2431
[  478788ms] [LOG] [Fast Refresh] done in 886ms @ http://localhost:3000/_next/static/chunks/node_modules_next_dist_115brz8._.js:2431
[  478998ms] [LOG] [Fast Refresh] rebuilding @ http://localhost:3000/_next/static/chunks/node_modules_next_dist_115brz8._.js:2431
[  479185ms] [LOG] [Fast Refresh] done in 293ms @ http://localhost:3000/_next/static/chunks/node_modules_next_dist_115brz8._.js:2431
[  487393ms] [LOG] [Fast Refresh] rebuilding @ http://localhost:3000/_next/static/chunks/node_modules_next_dist_115brz8._.js:2431
[  488277ms] [LOG] [Fast Refresh] done in 987ms @ http://localhost:3000/_next/static/chunks/node_modules_next_dist_115brz8._.js:2431
[  490593ms] [LOG] [Fast Refresh] rebuilding @ http://localhost:3000/_next/static/chunks/node_modules_next_dist_115brz8._.js:2431
[  492880ms] [LOG] [Fast Refresh] done in 2391ms @ http://localhost:3000/_next/static/chunks/node_modules_next_dist_115brz8._.js:2431
[  513223ms] [LOG] [Fast Refresh] rebuilding @ http://localhost:3000/_next/static/chunks/node_modules_next_dist_115brz8._.js:2431
[  513334ms] [LOG] [Fast Refresh] done in 222ms @ http://localhost:3000/_next/static/chunks/node_modules_next_dist_115brz8._.js:2431
[  513553ms] [LOG] [Fast Refresh] rebuilding @ http://localhost:3000/_next/static/chunks/node_modules_next_dist_115brz8._.js:2431
[  513626ms] [LOG] [Fast Refresh] done in 185ms @ http://localhost:3000/_next/static/chunks/node_modules_next_dist_115brz8._.js:2431
