[    1688ms] [ERROR] WebSocket connection to 'ws://192.168.178.50:6001/app/fa7c74551a1cb0547c6d58e49608f986af1492c3cdedd478c56b23d88dddf406?protocol=7&client=js&version=8.3.0&flash=false' failed: Connection closed before receiving a handshake response @ http://192.168.178.50:8000/js/pusher.js:8
[   11766ms] [ERROR] Coolify could not connect to its real-time service. This will cause unusual problems on the UI if not fixed! Please check the related documentation (https://coolify.io/docs/knowledge-base/cloudflare/tunnels/overview) or get help on Discord (https://coollabs.io/discord).) @ :27
[   13774ms] [ERROR] Coolify could not connect to its real-time service. This will cause unusual problems on the UI if not fixed! Please check the related documentation (https://coolify.io/docs/knowledge-base/cloudflare/tunnels/overview) or get help on Discord (https://coollabs.io/discord).) @ :27
[   15763ms] [ERROR] Coolify could not connect to its real-time service. This will cause unusual problems on the UI if not fixed! Please check the related documentation (https://coolify.io/docs/knowledge-base/cloudflare/tunnels/overview) or get help on Discord (https://coollabs.io/discord).) @ :27
[   17769ms] [ERROR] Coolify could not connect to its real-time service. This will cause unusual problems on the UI if not fixed! Please check the related documentation (https://coolify.io/docs/knowledge-base/cloudflare/tunnels/overview) or get help on Discord (https://coollabs.io/discord).) @ :27
[   18661ms] [WARNING] WebSocket connection to 'wss://192.168.178.50:6001/app/fa7c74551a1cb0547c6d58e49608f986af1492c3cdedd478c56b23d88dddf406?protocol=7&client=js&version=8.3.0&flash=false' failed: WebSocket is closed before the connection is established. @ http://192.168.178.50:8000/js/pusher.js:8
[   18680ms] [ERROR] WebSocket connection to 'ws://192.168.178.50:6001/app/fa7c74551a1cb0547c6d58e49608f986af1492c3cdedd478c56b23d88dddf406?protocol=7&client=js&version=8.3.0&flash=false' failed: Connection closed before receiving a handshake response @ http://192.168.178.50:8000/js/pusher.js:8
[   19765ms] [ERROR] Coolify could not connect to its real-time service. This will cause unusual problems on the UI if not fixed! Please check the related documentation (https://coolify.io/docs/knowledge-base/cloudflare/tunnels/overview) or get help on Discord (https://coollabs.io/discord).) @ :27
[   21774ms] [ERROR] Coolify could not connect to its real-time service. This will cause unusual problems on the UI if not fixed! Please check the related documentation (https://coolify.io/docs/knowledge-base/cloudflare/tunnels/overview) or get help on Discord (https://coollabs.io/discord).) @ :27
[   23777ms] [ERROR] Coolify could not connect to its real-time service. This will cause unusual problems on the UI if not fixed! Please check the related documentation (https://coolify.io/docs/knowledge-base/cloudflare/tunnels/overview) or get help on Discord (https://coollabs.io/discord).) @ :27
[   25771ms] [ERROR] Coolify could not connect to its real-time service. This will cause unusual problems on the UI if not fixed! Please check the related documentation (https://coolify.io/docs/knowledge-base/cloudflare/tunnels/overview) or get help on Discord (https://coollabs.io/discord).) @ :27
[   26033ms] [ERROR] Coolify could not connect to its real-time service. This will cause unusual problems on the UI if not fixed! Please check the related documentation (https://coolify.io/docs/knowledge-base/cloudflare/tunnels/overview) or get help on Discord (https://coollabs.io/discord).) @ :27
[   27770ms] [ERROR] Coolify could not connect to its real-time service. This will cause unusual problems on the UI if not fixed! Please check the related documentation (https://coolify.io/docs/knowledge-base/cloudflare/tunnels/overview) or get help on Discord (https://coollabs.io/discord).) @ :27
[   28035ms] [ERROR] Coolify could not connect to its real-time service. This will cause unusual problems on the UI if not fixed! Please check the related documentation (https://coolify.io/docs/knowledge-base/cloudflare/tunnels/overview) or get help on Discord (https://coollabs.io/discord).) @ :27
[   29778ms] [ERROR] Coolify could not connect to its real-time service. This will cause unusual problems on the UI if not fixed! Please check the related documentation (https://coolify.io/docs/knowledge-base/cloudflare/tunnels/overview) or get help on Discord (https://coollabs.io/discord).) @ :27
[   30025ms] [ERROR] Coolify could not connect to its real-time service. This will cause unusual problems on the UI if not fixed! Please check the related documentation (https://coolify.io/docs/knowledge-base/cloudflare/tunnels/overview) or get help on Discord (https://coollabs.io/discord).) @ :27
[   31770ms] [ERROR] Coolify could not connect to its real-time service. This will cause unusual problems on the UI if not fixed! Please check the related documentation (https://coolify.io/docs/knowledge-base/cloudflare/tunnels/overview) or get help on Discord (https://coollabs.io/discord).) @ :27
[   32034ms] [ERROR] Coolify could not connect to its real-time service. This will cause unusual problems on the UI if not fixed! Please check the related documentation (https://coolify.io/docs/knowledge-base/cloudflare/tunnels/overview) or get help on Discord (https://coollabs.io/discord).) @ :27
[   33771ms] [ERROR] Coolify could not connect to its real-time service. This will cause unusual problems on the UI if not fixed! Please check the related documentation (https://coolify.io/docs/knowledge-base/cloudflare/tunnels/overview) or get help on Discord (https://coollabs.io/discord).) @ :27
[   34036ms] [ERROR] Coolify could not connect to its real-time service. This will cause unusual problems on the UI if not fixed! Please check the related documentation (https://coolify.io/docs/knowledge-base/cloudflare/tunnels/overview) or get help on Discord (https://coollabs.io/discord).) @ :27
[   35274ms] [ERROR] Coolify could not connect to its real-time service. This will cause unusual problems on the UI if not fixed! Please check the related documentation (https://coolify.io/docs/knowledge-base/cloudflare/tunnels/overview) or get help on Discord (https://coollabs.io/discord).) @ :27
[   35772ms] [ERROR] Coolify could not connect to its real-time service. This will cause unusual problems on the UI if not fixed! Please check the related documentation (https://coolify.io/docs/knowledge-base/cloudflare/tunnels/overview) or get help on Discord (https://coollabs.io/discord).) @ :27
[   36033ms] [ERROR] Coolify could not connect to its real-time service. This will cause unusual problems on the UI if not fixed! Please check the related documentation (https://coolify.io/docs/knowledge-base/cloudflare/tunnels/overview) or get help on Discord (https://coollabs.io/discord).) @ :27
[   37276ms] [ERROR] Coolify could not connect to its real-time service. This will cause unusual problems on the UI if not fixed! Please check the related documentation (https://coolify.io/docs/knowledge-base/cloudflare/tunnels/overview) or get help on Discord (https://coollabs.io/discord).) @ :27
[   37776ms] [ERROR] Coolify could not connect to its real-time service. This will cause unusual problems on the UI if not fixed! Please check the related documentation (https://coolify.io/docs/knowledge-base/cloudflare/tunnels/overview) or get help on Discord (https://coollabs.io/discord).) @ :27
[   38025ms] [ERROR] Coolify could not connect to its real-time service. This will cause unusual problems on the UI if not fixed! Please check the related documentation (https://coolify.io/docs/knowledge-base/cloudflare/tunnels/overview) or get help on Discord (https://coollabs.io/discord).) @ :27
[   39275ms] [ERROR] Coolify could not connect to its real-time service. This will cause unusual problems on the UI if not fixed! Please check the related documentation (https://coolify.io/docs/knowledge-base/cloudflare/tunnels/overview) or get help on Discord (https://coollabs.io/discord).) @ :27
[   39770ms] [ERROR] Coolify could not connect to its real-time service. This will cause unusual problems on the UI if not fixed! Please check the related documentation (https://coolify.io/docs/knowledge-base/cloudflare/tunnels/overview) or get help on Discord (https://coollabs.io/discord).) @ :27
[   40083ms] [ERROR] Coolify could not connect to its real-time service. This will cause unusual problems on the UI if not fixed! Please check the related documentation (https://coolify.io/docs/knowledge-base/cloudflare/tunnels/overview) or get help on Discord (https://coollabs.io/discord).) @ :27
[   40862ms] [ERROR] WebSocket connection to 'wss://192.168.178.50:6001/app/fa7c74551a1cb0547c6d58e49608f986af1492c3cdedd478c56b23d88dddf406?protocol=7&client=js&version=8.3.0&flash=false' failed: Error in connection establishment: net::ERR_CONNECTION_CLOSED @ http://192.168.178.50:8000/js/pusher.js:8
[   41274ms] [ERROR] Coolify could not connect to its real-time service. This will cause unusual problems on the UI if not fixed! Please check the related documentation (https://coolify.io/docs/knowledge-base/cloudflare/tunnels/overview) or get help on Discord (https://coollabs.io/discord).) @ :27
[   41768ms] [ERROR] Coolify could not connect to its real-time service. This will cause unusual problems on the UI if not fixed! Please check the related documentation (https://coolify.io/docs/knowledge-base/cloudflare/tunnels/overview) or get help on Discord (https://coollabs.io/discord).) @ :27
[   42033ms] [ERROR] Coolify could not connect to its real-time service. This will cause unusual problems on the UI if not fixed! Please check the related documentation (https://coolify.io/docs/knowledge-base/cloudflare/tunnels/overview) or get help on Discord (https://coollabs.io/discord).) @ :27
[   43276ms] [ERROR] Coolify could not connect to its real-time service. This will cause unusual problems on the UI if not fixed! Please check the related documentation (https://coolify.io/docs/knowledge-base/cloudflare/tunnels/overview) or get help on Discord (https://coollabs.io/discord).) @ :27
[   43775ms] [ERROR] Coolify could not connect to its real-time service. This will cause unusual problems on the UI if not fixed! Please check the related documentation (https://coolify.io/docs/knowledge-base/cloudflare/tunnels/overview) or get help on Discord (https://coollabs.io/discord).) @ :27
[   44039ms] [ERROR] Coolify could not connect to its real-time service. This will cause unusual problems on the UI if not fixed! Please check the related documentation (https://coolify.io/docs/knowledge-base/cloudflare/tunnels/overview) or get help on Discord (https://coollabs.io/discord).) @ :27
[   45297ms] [ERROR] Coolify could not connect to its real-time service. This will cause unusual problems on the UI if not fixed! Please check the related documentation (https://coolify.io/docs/knowledge-base/cloudflare/tunnels/overview) or get help on Discord (https://coollabs.io/discord).) @ :27
[   45771ms] [ERROR] Coolify could not connect to its real-time service. This will cause unusual problems on the UI if not fixed! Please check the related documentation (https://coolify.io/docs/knowledge-base/cloudflare/tunnels/overview) or get help on Discord (https://coollabs.io/discord).) @ :27
[   46025ms] [ERROR] Coolify could not connect to its real-time service. This will cause unusual problems on the UI if not fixed! Please check the related documentation (https://coolify.io/docs/knowledge-base/cloudflare/tunnels/overview) or get help on Discord (https://coollabs.io/discord).) @ :27
[   46693ms] [ERROR] WebSocket connection to 'ws://192.168.178.50:6001/app/fa7c74551a1cb0547c6d58e49608f986af1492c3cdedd478c56b23d88dddf406?protocol=7&client=js&version=8.3.0&flash=false' failed: Connection closed before receiving a handshake response @ http://192.168.178.50:8000/js/pusher.js:8
[   47272ms] [ERROR] Coolify could not connect to its real-time service. This will cause unusual problems on the UI if not fixed! Please check the related documentation (https://coolify.io/docs/knowledge-base/cloudflare/tunnels/overview) or get help on Discord (https://coollabs.io/discord).) @ :27
[   47768ms] [ERROR] Coolify could not connect to its real-time service. This will cause unusual problems on the UI if not fixed! Please check the related documentation (https://coolify.io/docs/knowledge-base/cloudflare/tunnels/overview) or get help on Discord (https://coollabs.io/discord).) @ :27
[   48028ms] [ERROR] Coolify could not connect to its real-time service. This will cause unusual problems on the UI if not fixed! Please check the related documentation (https://coolify.io/docs/knowledge-base/cloudflare/tunnels/overview) or get help on Discord (https://coollabs.io/discord).) @ :27
[   49271ms] [ERROR] Coolify could not connect to its real-time service. This will cause unusual problems on the UI if not fixed! Please check the related documentation (https://coolify.io/docs/knowledge-base/cloudflare/tunnels/overview) or get help on Discord (https://coollabs.io/discord).) @ :27
[   49764ms] [ERROR] Coolify could not connect to its real-time service. This will cause unusual problems on the UI if not fixed! Please check the related documentation (https://coolify.io/docs/knowledge-base/cloudflare/tunnels/overview) or get help on Discord (https://coollabs.io/discord).) @ :27
[   50030ms] [ERROR] Coolify could not connect to its real-time service. This will cause unusual problems on the UI if not fixed! Please check the related documentation (https://coolify.io/docs/knowledge-base/cloudflare/tunnels/overview) or get help on Discord (https://coollabs.io/discord).) @ :27
[   51285ms] [ERROR] Coolify could not connect to its real-time service. This will cause unusual problems on the UI if not fixed! Please check the related documentation (https://coolify.io/docs/knowledge-base/cloudflare/tunnels/overview) or get help on Discord (https://coollabs.io/discord).) @ :27
[   51767ms] [ERROR] Coolify could not connect to its real-time service. This will cause unusual problems on the UI if not fixed! Please check the related documentation (https://coolify.io/docs/knowledge-base/cloudflare/tunnels/overview) or get help on Discord (https://coollabs.io/discord).) @ :27
[   52029ms] [ERROR] Coolify could not connect to its real-time service. This will cause unusual problems on the UI if not fixed! Please check the related documentation (https://coolify.io/docs/knowledge-base/cloudflare/tunnels/overview) or get help on Discord (https://coollabs.io/discord).) @ :27
[   53286ms] [ERROR] Coolify could not connect to its real-time service. This will cause unusual problems on the UI if not fixed! Please check the related documentation (https://coolify.io/docs/knowledge-base/cloudflare/tunnels/overview) or get help on Discord (https://coollabs.io/discord).) @ :27
[   53767ms] [ERROR] Coolify could not connect to its real-time service. This will cause unusual problems on the UI if not fixed! Please check the related documentation (https://coolify.io/docs/knowledge-base/cloudflare/tunnels/overview) or get help on Discord (https://coollabs.io/discord).) @ :27
[   54027ms] [ERROR] Coolify could not connect to its real-time service. This will cause unusual problems on the UI if not fixed! Please check the related documentation (https://coolify.io/docs/knowledge-base/cloudflare/tunnels/overview) or get help on Discord (https://coollabs.io/discord).) @ :27
[   55280ms] [ERROR] Coolify could not connect to its real-time service. This will cause unusual problems on the UI if not fixed! Please check the related documentation (https://coolify.io/docs/knowledge-base/cloudflare/tunnels/overview) or get help on Discord (https://coollabs.io/discord).) @ :27
[   55777ms] [ERROR] Coolify could not connect to its real-time service. This will cause unusual problems on the UI if not fixed! Please check the related documentation (https://coolify.io/docs/knowledge-base/cloudflare/tunnels/overview) or get help on Discord (https://coollabs.io/discord).) @ :27
[   56039ms] [ERROR] Coolify could not connect to its real-time service. This will cause unusual problems on the UI if not fixed! Please check the related documentation (https://coolify.io/docs/knowledge-base/cloudflare/tunnels/overview) or get help on Discord (https://coollabs.io/discord).) @ :27
[   56211ms] [ERROR] Coolify could not connect to its real-time service. This will cause unusual problems on the UI if not fixed! Please check the related documentation (https://coolify.io/docs/knowledge-base/cloudflare/tunnels/overview) or get help on Discord (https://coollabs.io/discord).) @ :27
[   57277ms] [ERROR] Coolify could not connect to its real-time service. This will cause unusual problems on the UI if not fixed! Please check the related documentation (https://coolify.io/docs/knowledge-base/cloudflare/tunnels/overview) or get help on Discord (https://coollabs.io/discord).) @ :27
[   57771ms] [ERROR] Coolify could not connect to its real-time service. This will cause unusual problems on the UI if not fixed! Please check the related documentation (https://coolify.io/docs/knowledge-base/cloudflare/tunnels/overview) or get help on Discord (https://coollabs.io/discord).) @ :27
[   58037ms] [ERROR] Coolify could not connect to its real-time service. This will cause unusual problems on the UI if not fixed! Please check the related documentation (https://coolify.io/docs/knowledge-base/cloudflare/tunnels/overview) or get help on Discord (https://coollabs.io/discord).) @ :27
[   58206ms] [ERROR] Coolify could not connect to its real-time service. This will cause unusual problems on the UI if not fixed! Please check the related documentation (https://coolify.io/docs/knowledge-base/cloudflare/tunnels/overview) or get help on Discord (https://coollabs.io/discord).) @ :27
[   59280ms] [ERROR] Coolify could not connect to its real-time service. This will cause unusual problems on the UI if not fixed! Please check the related documentation (https://coolify.io/docs/knowledge-base/cloudflare/tunnels/overview) or get help on Discord (https://coollabs.io/discord).) @ :27
[   59777ms] [ERROR] Coolify could not connect to its real-time service. This will cause unusual problems on the UI if not fixed! Please check the related documentation (https://coolify.io/docs/knowledge-base/cloudflare/tunnels/overview) or get help on Discord (https://coollabs.io/discord).) @ :27
[   60026ms] [ERROR] Coolify could not connect to its real-time service. This will cause unusual problems on the UI if not fixed! Please check the related documentation (https://coolify.io/docs/knowledge-base/cloudflare/tunnels/overview) or get help on Discord (https://coollabs.io/discord).) @ :27
[   60212ms] [ERROR] Coolify could not connect to its real-time service. This will cause unusual problems on the UI if not fixed! Please check the related documentation (https://coolify.io/docs/knowledge-base/cloudflare/tunnels/overview) or get help on Discord (https://coollabs.io/discord).) @ :27
[   61284ms] [ERROR] Coolify could not connect to its real-time service. This will cause unusual problems on the UI if not fixed! Please check the related documentation (https://coolify.io/docs/knowledge-base/cloudflare/tunnels/overview) or get help on Discord (https://coollabs.io/discord).) @ :27
[   61767ms] [ERROR] Coolify could not connect to its real-time service. This will cause unusual problems on the UI if not fixed! Please check the related documentation (https://coolify.io/docs/knowledge-base/cloudflare/tunnels/overview) or get help on Discord (https://coollabs.io/discord).) @ :27
[   62031ms] [ERROR] Coolify could not connect to its real-time service. This will cause unusual problems on the UI if not fixed! Please check the related documentation (https://coolify.io/docs/knowledge-base/cloudflare/tunnels/overview) or get help on Discord (https://coollabs.io/discord).) @ :27
[   62218ms] [ERROR] Coolify could not connect to its real-time service. This will cause unusual problems on the UI if not fixed! Please check the related documentation (https://coolify.io/docs/knowledge-base/cloudflare/tunnels/overview) or get help on Discord (https://coollabs.io/discord).) @ :27
[   63277ms] [ERROR] Coolify could not connect to its real-time service. This will cause unusual problems on the UI if not fixed! Please check the related documentation (https://coolify.io/docs/knowledge-base/cloudflare/tunnels/overview) or get help on Discord (https://coollabs.io/discord).) @ :27
[   63778ms] [ERROR] Coolify could not connect to its real-time service. This will cause unusual problems on the UI if not fixed! Please check the related documentation (https://coolify.io/docs/knowledge-base/cloudflare/tunnels/overview) or get help on Discord (https://coollabs.io/discord).) @ :27
[   64027ms] [ERROR] Coolify could not connect to its real-time service. This will cause unusual problems on the UI if not fixed! Please check the related documentation (https://coolify.io/docs/knowledge-base/cloudflare/tunnels/overview) or get help on Discord (https://coollabs.io/discord).) @ :27
[   64215ms] [ERROR] Coolify could not connect to its real-time service. This will cause unusual problems on the UI if not fixed! Please check the related documentation (https://coolify.io/docs/knowledge-base/cloudflare/tunnels/overview) or get help on Discord (https://coollabs.io/discord).) @ :27
[   65276ms] [ERROR] Coolify could not connect to its real-time service. This will cause unusual problems on the UI if not fixed! Please check the related documentation (https://coolify.io/docs/knowledge-base/cloudflare/tunnels/overview) or get help on Discord (https://coollabs.io/discord).) @ :27
[   65778ms] [ERROR] Coolify could not connect to its real-time service. This will cause unusual problems on the UI if not fixed! Please check the related documentation (https://coolify.io/docs/knowledge-base/cloudflare/tunnels/overview) or get help on Discord (https://coollabs.io/discord).) @ :27
[   66028ms] [ERROR] Coolify could not connect to its real-time service. This will cause unusual problems on the UI if not fixed! Please check the related documentation (https://coolify.io/docs/knowledge-base/cloudflare/tunnels/overview) or get help on Discord (https://coollabs.io/discord).) @ :27
[   66216ms] [ERROR] Coolify could not connect to its real-time service. This will cause unusual problems on the UI if not fixed! Please check the related documentation (https://coolify.io/docs/knowledge-base/cloudflare/tunnels/overview) or get help on Discord (https://coollabs.io/discord).) @ :27
[   67273ms] [ERROR] Coolify could not connect to its real-time service. This will cause unusual problems on the UI if not fixed! Please check the related documentation (https://coolify.io/docs/knowledge-base/cloudflare/tunnels/overview) or get help on Discord (https://coollabs.io/discord).) @ :27
[   67769ms] [ERROR] Coolify could not connect to its real-time service. This will cause unusual problems on the UI if not fixed! Please check the related documentation (https://coolify.io/docs/knowledge-base/cloudflare/tunnels/overview) or get help on Discord (https://coollabs.io/discord).) @ :27
[   68033ms] [ERROR] Coolify could not connect to its real-time service. This will cause unusual problems on the UI if not fixed! Please check the related documentation (https://coolify.io/docs/knowledge-base/cloudflare/tunnels/overview) or get help on Discord (https://coollabs.io/discord).) @ :27
[   68217ms] [ERROR] Coolify could not connect to its real-time service. This will cause unusual problems on the UI if not fixed! Please check the related documentation (https://coolify.io/docs/knowledge-base/cloudflare/tunnels/overview) or get help on Discord (https://coollabs.io/discord).) @ :27
[   68862ms] [ERROR] WebSocket connection to 'wss://192.168.178.50:6001/app/fa7c74551a1cb0547c6d58e49608f986af1492c3cdedd478c56b23d88dddf406?protocol=7&client=js&version=8.3.0&flash=false' failed: Error in connection establishment: net::ERR_CONNECTION_CLOSED @ http://192.168.178.50:8000/js/pusher.js:8
[   69274ms] [ERROR] Coolify could not connect to its real-time service. This will cause unusual problems on the UI if not fixed! Please check the related documentation (https://coolify.io/docs/knowledge-base/cloudflare/tunnels/overview) or get help on Discord (https://coollabs.io/discord).) @ :27
[   69779ms] [ERROR] Coolify could not connect to its real-time service. This will cause unusual problems on the UI if not fixed! Please check the related documentation (https://coolify.io/docs/knowledge-base/cloudflare/tunnels/overview) or get help on Discord (https://coollabs.io/discord).) @ :27
[   70028ms] [ERROR] Coolify could not connect to its real-time service. This will cause unusual problems on the UI if not fixed! Please check the related documentation (https://coolify.io/docs/knowledge-base/cloudflare/tunnels/overview) or get help on Discord (https://coollabs.io/discord).) @ :27
[   70216ms] [ERROR] Coolify could not connect to its real-time service. This will cause unusual problems on the UI if not fixed! Please check the related documentation (https://coolify.io/docs/knowledge-base/cloudflare/tunnels/overview) or get help on Discord (https://coollabs.io/discord).) @ :27
[   71272ms] [ERROR] Coolify could not connect to its real-time service. This will cause unusual problems on the UI if not fixed! Please check the related documentation (https://coolify.io/docs/knowledge-base/cloudflare/tunnels/overview) or get help on Discord (https://coollabs.io/discord).) @ :27
[   71770ms] [ERROR] Coolify could not connect to its real-time service. This will cause unusual problems on the UI if not fixed! Please check the related documentation (https://coolify.io/docs/knowledge-base/cloudflare/tunnels/overview) or get help on Discord (https://coollabs.io/discord).) @ :27
[   72033ms] [ERROR] Coolify could not connect to its real-time service. This will cause unusual problems on the UI if not fixed! Please check the related documentation (https://coolify.io/docs/knowledge-base/cloudflare/tunnels/overview) or get help on Discord (https://coollabs.io/discord).) @ :27
[   72218ms] [ERROR] Coolify could not connect to its real-time service. This will cause unusual problems on the UI if not fixed! Please check the related documentation (https://coolify.io/docs/knowledge-base/cloudflare/tunnels/overview) or get help on Discord (https://coollabs.io/discord).) @ :27
[   73274ms] [ERROR] Coolify could not connect to its real-time service. This will cause unusual problems on the UI if not fixed! Please check the related documentation (https://coolify.io/docs/knowledge-base/cloudflare/tunnels/overview) or get help on Discord (https://coollabs.io/discord).) @ :27
[   73769ms] [ERROR] Coolify could not connect to its real-time service. This will cause unusual problems on the UI if not fixed! Please check the related documentation (https://coolify.io/docs/knowledge-base/cloudflare/tunnels/overview) or get help on Discord (https://coollabs.io/discord).) @ :27
[   74033ms] [ERROR] Coolify could not connect to its real-time service. This will cause unusual problems on the UI if not fixed! Please check the related documentation (https://coolify.io/docs/knowledge-base/cloudflare/tunnels/overview) or get help on Discord (https://coollabs.io/discord).) @ :27
[   74220ms] [ERROR] Coolify could not connect to its real-time service. This will cause unusual problems on the UI if not fixed! Please check the related documentation (https://coolify.io/docs/knowledge-base/cloudflare/tunnels/overview) or get help on Discord (https://coollabs.io/discord).) @ :27
[   75271ms] [ERROR] Coolify could not connect to its real-time service. This will cause unusual problems on the UI if not fixed! Please check the related documentation (https://coolify.io/docs/knowledge-base/cloudflare/tunnels/overview) or get help on Discord (https://coollabs.io/discord).) @ :27
[   75770ms] [ERROR] Coolify could not connect to its real-time service. This will cause unusual problems on the UI if not fixed! Please check the related documentation (https://coolify.io/docs/knowledge-base/cloudflare/tunnels/overview) or get help on Discord (https://coollabs.io/discord).) @ :27
[   76032ms] [ERROR] Coolify could not connect to its real-time service. This will cause unusual problems on the UI if not fixed! Please check the related documentation (https://coolify.io/docs/knowledge-base/cloudflare/tunnels/overview) or get help on Discord (https://coollabs.io/discord).) @ :27
[   76218ms] [ERROR] Coolify could not connect to its real-time service. This will cause unusual problems on the UI if not fixed! Please check the related documentation (https://coolify.io/docs/knowledge-base/cloudflare/tunnels/overview) or get help on Discord (https://coollabs.io/discord).) @ :27
[   77282ms] [ERROR] Coolify could not connect to its real-time service. This will cause unusual problems on the UI if not fixed! Please check the related documentation (https://coolify.io/docs/knowledge-base/cloudflare/tunnels/overview) or get help on Discord (https://coollabs.io/discord).) @ :27
[   77768ms] [ERROR] Coolify could not connect to its real-time service. This will cause unusual problems on the UI if not fixed! Please check the related documentation (https://coolify.io/docs/knowledge-base/cloudflare/tunnels/overview) or get help on Discord (https://coollabs.io/discord).) @ :27
[   78034ms] [ERROR] Coolify could not connect to its real-time service. This will cause unusual problems on the UI if not fixed! Please check the related documentation (https://coolify.io/docs/knowledge-base/cloudflare/tunnels/overview) or get help on Discord (https://coollabs.io/discord).) @ :27
[   78206ms] [ERROR] Coolify could not connect to its real-time service. This will cause unusual problems on the UI if not fixed! Please check the related documentation (https://coolify.io/docs/knowledge-base/cloudflare/tunnels/overview) or get help on Discord (https://coollabs.io/discord).) @ :27
[   79275ms] [ERROR] Coolify could not connect to its real-time service. This will cause unusual problems on the UI if not fixed! Please check the related documentation (https://coolify.io/docs/knowledge-base/cloudflare/tunnels/overview) or get help on Discord (https://coollabs.io/discord).) @ :27
[   79770ms] [ERROR] Coolify could not connect to its real-time service. This will cause unusual problems on the UI if not fixed! Please check the related documentation (https://coolify.io/docs/knowledge-base/cloudflare/tunnels/overview) or get help on Discord (https://coollabs.io/discord).) @ :27
[   80031ms] [ERROR] Coolify could not connect to its real-time service. This will cause unusual problems on the UI if not fixed! Please check the related documentation (https://coolify.io/docs/knowledge-base/cloudflare/tunnels/overview) or get help on Discord (https://coollabs.io/discord).) @ :27
[   80219ms] [ERROR] Coolify could not connect to its real-time service. This will cause unusual problems on the UI if not fixed! Please check the related documentation (https://coolify.io/docs/knowledge-base/cloudflare/tunnels/overview) or get help on Discord (https://coollabs.io/discord).) @ :27
[   81279ms] [ERROR] Coolify could not connect to its real-time service. This will cause unusual problems on the UI if not fixed! Please check the related documentation (https://coolify.io/docs/knowledge-base/cloudflare/tunnels/overview) or get help on Discord (https://coollabs.io/discord).) @ :27
[   81775ms] [ERROR] Coolify could not connect to its real-time service. This will cause unusual problems on the UI if not fixed! Please check the related documentation (https://coolify.io/docs/knowledge-base/cloudflare/tunnels/overview) or get help on Discord (https://coollabs.io/discord).) @ :27
[   82038ms] [ERROR] Coolify could not connect to its real-time service. This will cause unusual problems on the UI if not fixed! Please check the related documentation (https://coolify.io/docs/knowledge-base/cloudflare/tunnels/overview) or get help on Discord (https://coollabs.io/discord).) @ :27
[   82206ms] [ERROR] Coolify could not connect to its real-time service. This will cause unusual problems on the UI if not fixed! Please check the related documentation (https://coolify.io/docs/knowledge-base/cloudflare/tunnels/overview) or get help on Discord (https://coollabs.io/discord).) @ :27
[   83282ms] [ERROR] Coolify could not connect to its real-time service. This will cause unusual problems on the UI if not fixed! Please check the related documentation (https://coolify.io/docs/knowledge-base/cloudflare/tunnels/overview) or get help on Discord (https://coollabs.io/discord).) @ :27
[   83764ms] [ERROR] Coolify could not connect to its real-time service. This will cause unusual problems on the UI if not fixed! Please check the related documentation (https://coolify.io/docs/knowledge-base/cloudflare/tunnels/overview) or get help on Discord (https://coollabs.io/discord).) @ :27
[   84030ms] [ERROR] Coolify could not connect to its real-time service. This will cause unusual problems on the UI if not fixed! Please check the related documentation (https://coolify.io/docs/knowledge-base/cloudflare/tunnels/overview) or get help on Discord (https://coollabs.io/discord).) @ :27
[   84215ms] [ERROR] Coolify could not connect to its real-time service. This will cause unusual problems on the UI if not fixed! Please check the related documentation (https://coolify.io/docs/knowledge-base/cloudflare/tunnels/overview) or get help on Discord (https://coollabs.io/discord).) @ :27
[   85286ms] [ERROR] Coolify could not connect to its real-time service. This will cause unusual problems on the UI if not fixed! Please check the related documentation (https://coolify.io/docs/knowledge-base/cloudflare/tunnels/overview) or get help on Discord (https://coollabs.io/discord).) @ :27
[   85767ms] [ERROR] Coolify could not connect to its real-time service. This will cause unusual problems on the UI if not fixed! Please check the related documentation (https://coolify.io/docs/knowledge-base/cloudflare/tunnels/overview) or get help on Discord (https://coollabs.io/discord).) @ :27
[   86032ms] [ERROR] Coolify could not connect to its real-time service. This will cause unusual problems on the UI if not fixed! Please check the related documentation (https://coolify.io/docs/knowledge-base/cloudflare/tunnels/overview) or get help on Discord (https://coollabs.io/discord).) @ :27
[   86217ms] [ERROR] Coolify could not connect to its real-time service. This will cause unusual problems on the UI if not fixed! Please check the related documentation (https://coolify.io/docs/knowledge-base/cloudflare/tunnels/overview) or get help on Discord (https://coollabs.io/discord).) @ :27
[   87273ms] [ERROR] Coolify could not connect to its real-time service. This will cause unusual problems on the UI if not fixed! Please check the related documentation (https://coolify.io/docs/knowledge-base/cloudflare/tunnels/overview) or get help on Discord (https://coollabs.io/discord).) @ :27
[   87770ms] [ERROR] Coolify could not connect to its real-time service. This will cause unusual problems on the UI if not fixed! Please check the related documentation (https://coolify.io/docs/knowledge-base/cloudflare/tunnels/overview) or get help on Discord (https://coollabs.io/discord).) @ :27
[   88034ms] [ERROR] Coolify could not connect to its real-time service. This will cause unusual problems on the UI if not fixed! Please check the related documentation (https://coolify.io/docs/knowledge-base/cloudflare/tunnels/overview) or get help on Discord (https://coollabs.io/discord).) @ :27
[   88208ms] [ERROR] Coolify could not connect to its real-time service. This will cause unusual problems on the UI if not fixed! Please check the related documentation (https://coolify.io/docs/knowledge-base/cloudflare/tunnels/overview) or get help on Discord (https://coollabs.io/discord).) @ :27
[   89284ms] [ERROR] Coolify could not connect to its real-time service. This will cause unusual problems on the UI if not fixed! Please check the related documentation (https://coolify.io/docs/knowledge-base/cloudflare/tunnels/overview) or get help on Discord (https://coollabs.io/discord).) @ :27
[   89779ms] [ERROR] Coolify could not connect to its real-time service. This will cause unusual problems on the UI if not fixed! Please check the related documentation (https://coolify.io/docs/knowledge-base/cloudflare/tunnels/overview) or get help on Discord (https://coollabs.io/discord).) @ :27
[   90027ms] [ERROR] Coolify could not connect to its real-time service. This will cause unusual problems on the UI if not fixed! Please check the related documentation (https://coolify.io/docs/knowledge-base/cloudflare/tunnels/overview) or get help on Discord (https://coollabs.io/discord).) @ :27
[   90212ms] [ERROR] Coolify could not connect to its real-time service. This will cause unusual problems on the UI if not fixed! Please check the related documentation (https://coolify.io/docs/knowledge-base/cloudflare/tunnels/overview) or get help on Discord (https://coollabs.io/discord).) @ :27
[   91279ms] [ERROR] Coolify could not connect to its real-time service. This will cause unusual problems on the UI if not fixed! Please check the related documentation (https://coolify.io/docs/knowledge-base/cloudflare/tunnels/overview) or get help on Discord (https://coollabs.io/discord).) @ :27
[   91764ms] [ERROR] Coolify could not connect to its real-time service. This will cause unusual problems on the UI if not fixed! Please check the related documentation (https://coolify.io/docs/knowledge-base/cloudflare/tunnels/overview) or get help on Discord (https://coollabs.io/discord).) @ :27
[   92031ms] [ERROR] Coolify could not connect to its real-time service. This will cause unusual problems on the UI if not fixed! Please check the related documentation (https://coolify.io/docs/knowledge-base/cloudflare/tunnels/overview) or get help on Discord (https://coollabs.io/discord).) @ :27
[   92213ms] [ERROR] Coolify could not connect to its real-time service. This will cause unusual problems on the UI if not fixed! Please check the related documentation (https://coolify.io/docs/knowledge-base/cloudflare/tunnels/overview) or get help on Discord (https://coollabs.io/discord).) @ :27
[   93276ms] [ERROR] Coolify could not connect to its real-time service. This will cause unusual problems on the UI if not fixed! Please check the related documentation (https://coolify.io/docs/knowledge-base/cloudflare/tunnels/overview) or get help on Discord (https://coollabs.io/discord).) @ :27
[   93772ms] [ERROR] Coolify could not connect to its real-time service. This will cause unusual problems on the UI if not fixed! Please check the related documentation (https://coolify.io/docs/knowledge-base/cloudflare/tunnels/overview) or get help on Discord (https://coollabs.io/discord).) @ :27
[   94034ms] [ERROR] Coolify could not connect to its real-time service. This will cause unusual problems on the UI if not fixed! Please check the related documentation (https://coolify.io/docs/knowledge-base/cloudflare/tunnels/overview) or get help on Discord (https://coollabs.io/discord).) @ :27
[   94208ms] [ERROR] Coolify could not connect to its real-time service. This will cause unusual problems on the UI if not fixed! Please check the related documentation (https://coolify.io/docs/knowledge-base/cloudflare/tunnels/overview) or get help on Discord (https://coollabs.io/discord).) @ :27
[   95279ms] [ERROR] Coolify could not connect to its real-time service. This will cause unusual problems on the UI if not fixed! Please check the related documentation (https://coolify.io/docs/knowledge-base/cloudflare/tunnels/overview) or get help on Discord (https://coollabs.io/discord).) @ :27
[   95764ms] [ERROR] Coolify could not connect to its real-time service. This will cause unusual problems on the UI if not fixed! Please check the related documentation (https://coolify.io/docs/knowledge-base/cloudflare/tunnels/overview) or get help on Discord (https://coollabs.io/discord).) @ :27
[   96031ms] [ERROR] Coolify could not connect to its real-time service. This will cause unusual problems on the UI if not fixed! Please check the related documentation (https://coolify.io/docs/knowledge-base/cloudflare/tunnels/overview) or get help on Discord (https://coollabs.io/discord).) @ :27
[   96215ms] [ERROR] Coolify could not connect to its real-time service. This will cause unusual problems on the UI if not fixed! Please check the related documentation (https://coolify.io/docs/knowledge-base/cloudflare/tunnels/overview) or get help on Discord (https://coollabs.io/discord).) @ :27
[   97273ms] [ERROR] Coolify could not connect to its real-time service. This will cause unusual problems on the UI if not fixed! Please check the related documentation (https://coolify.io/docs/knowledge-base/cloudflare/tunnels/overview) or get help on Discord (https://coollabs.io/discord).) @ :27
[   97766ms] [ERROR] Coolify could not connect to its real-time service. This will cause unusual problems on the UI if not fixed! Please check the related documentation (https://coolify.io/docs/knowledge-base/cloudflare/tunnels/overview) or get help on Discord (https://coollabs.io/discord).) @ :27
[   98030ms] [ERROR] Coolify could not connect to its real-time service. This will cause unusual problems on the UI if not fixed! Please check the related documentation (https://coolify.io/docs/knowledge-base/cloudflare/tunnels/overview) or get help on Discord (https://coollabs.io/discord).) @ :27
[   98217ms] [ERROR] Coolify could not connect to its real-time service. This will cause unusual problems on the UI if not fixed! Please check the related documentation (https://coolify.io/docs/knowledge-base/cloudflare/tunnels/overview) or get help on Discord (https://coollabs.io/discord).) @ :27
[   99285ms] [ERROR] Coolify could not connect to its real-time service. This will cause unusual problems on the UI if not fixed! Please check the related documentation (https://coolify.io/docs/knowledge-base/cloudflare/tunnels/overview) or get help on Discord (https://coollabs.io/discord).) @ :27
[   99770ms] [ERROR] Coolify could not connect to its real-time service. This will cause unusual problems on the UI if not fixed! Please check the related documentation (https://coolify.io/docs/knowledge-base/cloudflare/tunnels/overview) or get help on Discord (https://coollabs.io/discord).) @ :27
[  100033ms] [ERROR] Coolify could not connect to its real-time service. This will cause unusual problems on the UI if not fixed! Please check the related documentation (https://coolify.io/docs/knowledge-base/cloudflare/tunnels/overview) or get help on Discord (https://coollabs.io/discord).) @ :27
[  100219ms] [ERROR] Coolify could not connect to its real-time service. This will cause unusual problems on the UI if not fixed! Please check the related documentation (https://coolify.io/docs/knowledge-base/cloudflare/tunnels/overview) or get help on Discord (https://coollabs.io/discord).) @ :27
[  101281ms] [ERROR] Coolify could not connect to its real-time service. This will cause unusual problems on the UI if not fixed! Please check the related documentation (https://coolify.io/docs/knowledge-base/cloudflare/tunnels/overview) or get help on Discord (https://coollabs.io/discord).) @ :27
[  101765ms] [ERROR] Coolify could not connect to its real-time service. This will cause unusual problems on the UI if not fixed! Please check the related documentation (https://coolify.io/docs/knowledge-base/cloudflare/tunnels/overview) or get help on Discord (https://coollabs.io/discord).) @ :27
[  102030ms] [ERROR] Coolify could not connect to its real-time service. This will cause unusual problems on the UI if not fixed! Please check the related documentation (https://coolify.io/docs/knowledge-base/cloudflare/tunnels/overview) or get help on Discord (https://coollabs.io/discord).) @ :27
[  102214ms] [ERROR] Coolify could not connect to its real-time service. This will cause unusual problems on the UI if not fixed! Please check the related documentation (https://coolify.io/docs/knowledge-base/cloudflare/tunnels/overview) or get help on Discord (https://coollabs.io/discord).) @ :27
[  103286ms] [ERROR] Coolify could not connect to its real-time service. This will cause unusual problems on the UI if not fixed! Please check the related documentation (https://coolify.io/docs/knowledge-base/cloudflare/tunnels/overview) or get help on Discord (https://coollabs.io/discord).) @ :27
[  103766ms] [ERROR] Coolify could not connect to its real-time service. This will cause unusual problems on the UI if not fixed! Please check the related documentation (https://coolify.io/docs/knowledge-base/cloudflare/tunnels/overview) or get help on Discord (https://coollabs.io/discord).) @ :27
[  104032ms] [ERROR] Coolify could not connect to its real-time service. This will cause unusual problems on the UI if not fixed! Please check the related documentation (https://coolify.io/docs/knowledge-base/cloudflare/tunnels/overview) or get help on Discord (https://coollabs.io/discord).) @ :27
[  104219ms] [ERROR] Coolify could not connect to its real-time service. This will cause unusual problems on the UI if not fixed! Please check the related documentation (https://coolify.io/docs/knowledge-base/cloudflare/tunnels/overview) or get help on Discord (https://coollabs.io/discord).) @ :27
[  105278ms] [ERROR] Coolify could not connect to its real-time service. This will cause unusual problems on the UI if not fixed! Please check the related documentation (https://coolify.io/docs/knowledge-base/cloudflare/tunnels/overview) or get help on Discord (https://coollabs.io/discord).) @ :27
[  105778ms] [ERROR] Coolify could not connect to its real-time service. This will cause unusual problems on the UI if not fixed! Please check the related documentation (https://coolify.io/docs/knowledge-base/cloudflare/tunnels/overview) or get help on Discord (https://coollabs.io/discord).) @ :27
[  106028ms] [ERROR] Coolify could not connect to its real-time service. This will cause unusual problems on the UI if not fixed! Please check the related documentation (https://coolify.io/docs/knowledge-base/cloudflare/tunnels/overview) or get help on Discord (https://coollabs.io/discord).) @ :27
[  106213ms] [ERROR] Coolify could not connect to its real-time service. This will cause unusual problems on the UI if not fixed! Please check the related documentation (https://coolify.io/docs/knowledge-base/cloudflare/tunnels/overview) or get help on Discord (https://coollabs.io/discord).) @ :27
[  106698ms] [ERROR] WebSocket connection to 'ws://192.168.178.50:6001/app/fa7c74551a1cb0547c6d58e49608f986af1492c3cdedd478c56b23d88dddf406?protocol=7&client=js&version=8.3.0&flash=false' failed: Connection closed before receiving a handshake response @ http://192.168.178.50:8000/js/pusher.js:8
[  107272ms] [ERROR] Coolify could not connect to its real-time service. This will cause unusual problems on the UI if not fixed! Please check the related documentation (https://coolify.io/docs/knowledge-base/cloudflare/tunnels/overview) or get help on Discord (https://coollabs.io/discord).) @ :27
[  107769ms] [ERROR] Coolify could not connect to its real-time service. This will cause unusual problems on the UI if not fixed! Please check the related documentation (https://coolify.io/docs/knowledge-base/cloudflare/tunnels/overview) or get help on Discord (https://coollabs.io/discord).) @ :27
[  108034ms] [ERROR] Coolify could not connect to its real-time service. This will cause unusual problems on the UI if not fixed! Please check the related documentation (https://coolify.io/docs/knowledge-base/cloudflare/tunnels/overview) or get help on Discord (https://coollabs.io/discord).) @ :27
[  108218ms] [ERROR] Coolify could not connect to its real-time service. This will cause unusual problems on the UI if not fixed! Please check the related documentation (https://coolify.io/docs/knowledge-base/cloudflare/tunnels/overview) or get help on Discord (https://coollabs.io/discord).) @ :27
[  109275ms] [ERROR] Coolify could not connect to its real-time service. This will cause unusual problems on the UI if not fixed! Please check the related documentation (https://coolify.io/docs/knowledge-base/cloudflare/tunnels/overview) or get help on Discord (https://coollabs.io/discord).) @ :27
[  109775ms] [ERROR] Coolify could not connect to its real-time service. This will cause unusual problems on the UI if not fixed! Please check the related documentation (https://coolify.io/docs/knowledge-base/cloudflare/tunnels/overview) or get help on Discord (https://coollabs.io/discord).) @ :27
[  110036ms] [ERROR] Coolify could not connect to its real-time service. This will cause unusual problems on the UI if not fixed! Please check the related documentation (https://coolify.io/docs/knowledge-base/cloudflare/tunnels/overview) or get help on Discord (https://coollabs.io/discord).) @ :27
[  110208ms] [ERROR] Coolify could not connect to its real-time service. This will cause unusual problems on the UI if not fixed! Please check the related documentation (https://coolify.io/docs/knowledge-base/cloudflare/tunnels/overview) or get help on Discord (https://coollabs.io/discord).) @ :27
[  111282ms] [ERROR] Coolify could not connect to its real-time service. This will cause unusual problems on the UI if not fixed! Please check the related documentation (https://coolify.io/docs/knowledge-base/cloudflare/tunnels/overview) or get help on Discord (https://coollabs.io/discord).) @ :27
[  111765ms] [ERROR] Coolify could not connect to its real-time service. This will cause unusual problems on the UI if not fixed! Please check the related documentation (https://coolify.io/docs/knowledge-base/cloudflare/tunnels/overview) or get help on Discord (https://coollabs.io/discord).) @ :27
[  112031ms] [ERROR] Coolify could not connect to its real-time service. This will cause unusual problems on the UI if not fixed! Please check the related documentation (https://coolify.io/docs/knowledge-base/cloudflare/tunnels/overview) or get help on Discord (https://coollabs.io/discord).) @ :27
[  112205ms] [ERROR] Coolify could not connect to its real-time service. This will cause unusual problems on the UI if not fixed! Please check the related documentation (https://coolify.io/docs/knowledge-base/cloudflare/tunnels/overview) or get help on Discord (https://coollabs.io/discord).) @ :27
[  113275ms] [ERROR] Coolify could not connect to its real-time service. This will cause unusual problems on the UI if not fixed! Please check the related documentation (https://coolify.io/docs/knowledge-base/cloudflare/tunnels/overview) or get help on Discord (https://coollabs.io/discord).) @ :27
[  113774ms] [ERROR] Coolify could not connect to its real-time service. This will cause unusual problems on the UI if not fixed! Please check the related documentation (https://coolify.io/docs/knowledge-base/cloudflare/tunnels/overview) or get help on Discord (https://coollabs.io/discord).) @ :27
[  114039ms] [ERROR] Coolify could not connect to its real-time service. This will cause unusual problems on the UI if not fixed! Please check the related documentation (https://coolify.io/docs/knowledge-base/cloudflare/tunnels/overview) or get help on Discord (https://coollabs.io/discord).) @ :27
[  114211ms] [ERROR] Coolify could not connect to its real-time service. This will cause unusual problems on the UI if not fixed! Please check the related documentation (https://coolify.io/docs/knowledge-base/cloudflare/tunnels/overview) or get help on Discord (https://coollabs.io/discord).) @ :27
[  115280ms] [ERROR] Coolify could not connect to its real-time service. This will cause unusual problems on the UI if not fixed! Please check the related documentation (https://coolify.io/docs/knowledge-base/cloudflare/tunnels/overview) or get help on Discord (https://coollabs.io/discord).) @ :27
[  115777ms] [ERROR] Coolify could not connect to its real-time service. This will cause unusual problems on the UI if not fixed! Please check the related documentation (https://coolify.io/docs/knowledge-base/cloudflare/tunnels/overview) or get help on Discord (https://coollabs.io/discord).) @ :27
[  116026ms] [ERROR] Coolify could not connect to its real-time service. This will cause unusual problems on the UI if not fixed! Please check the related documentation (https://coolify.io/docs/knowledge-base/cloudflare/tunnels/overview) or get help on Discord (https://coollabs.io/discord).) @ :27
[  116212ms] [ERROR] Coolify could not connect to its real-time service. This will cause unusual problems on the UI if not fixed! Please check the related documentation (https://coolify.io/docs/knowledge-base/cloudflare/tunnels/overview) or get help on Discord (https://coollabs.io/discord).) @ :27
[  117272ms] [ERROR] Coolify could not connect to its real-time service. This will cause unusual problems on the UI if not fixed! Please check the related documentation (https://coolify.io/docs/knowledge-base/cloudflare/tunnels/overview) or get help on Discord (https://coollabs.io/discord).) @ :27
[  117767ms] [ERROR] Coolify could not connect to its real-time service. This will cause unusual problems on the UI if not fixed! Please check the related documentation (https://coolify.io/docs/knowledge-base/cloudflare/tunnels/overview) or get help on Discord (https://coollabs.io/discord).) @ :27
[  118033ms] [ERROR] Coolify could not connect to its real-time service. This will cause unusual problems on the UI if not fixed! Please check the related documentation (https://coolify.io/docs/knowledge-base/cloudflare/tunnels/overview) or get help on Discord (https://coollabs.io/discord).) @ :27
[  118220ms] [ERROR] Coolify could not connect to its real-time service. This will cause unusual problems on the UI if not fixed! Please check the related documentation (https://coolify.io/docs/knowledge-base/cloudflare/tunnels/overview) or get help on Discord (https://coollabs.io/discord).) @ :27
[  119271ms] [ERROR] Coolify could not connect to its real-time service. This will cause unusual problems on the UI if not fixed! Please check the related documentation (https://coolify.io/docs/knowledge-base/cloudflare/tunnels/overview) or get help on Discord (https://coollabs.io/discord).) @ :27
[  119772ms] [ERROR] Coolify could not connect to its real-time service. This will cause unusual problems on the UI if not fixed! Please check the related documentation (https://coolify.io/docs/knowledge-base/cloudflare/tunnels/overview) or get help on Discord (https://coollabs.io/discord).) @ :27
[  120036ms] [ERROR] Coolify could not connect to its real-time service. This will cause unusual problems on the UI if not fixed! Please check the related documentation (https://coolify.io/docs/knowledge-base/cloudflare/tunnels/overview) or get help on Discord (https://coollabs.io/discord).) @ :27
[  120206ms] [ERROR] Coolify could not connect to its real-time service. This will cause unusual problems on the UI if not fixed! Please check the related documentation (https://coolify.io/docs/knowledge-base/cloudflare/tunnels/overview) or get help on Discord (https://coollabs.io/discord).) @ :27
[  121280ms] [ERROR] Coolify could not connect to its real-time service. This will cause unusual problems on the UI if not fixed! Please check the related documentation (https://coolify.io/docs/knowledge-base/cloudflare/tunnels/overview) or get help on Discord (https://coollabs.io/discord).) @ :27
[  121773ms] [ERROR] Coolify could not connect to its real-time service. This will cause unusual problems on the UI if not fixed! Please check the related documentation (https://coolify.io/docs/knowledge-base/cloudflare/tunnels/overview) or get help on Discord (https://coollabs.io/discord).) @ :27
[  122036ms] [ERROR] Coolify could not connect to its real-time service. This will cause unusual problems on the UI if not fixed! Please check the related documentation (https://coolify.io/docs/knowledge-base/cloudflare/tunnels/overview) or get help on Discord (https://coollabs.io/discord).) @ :27
[  122205ms] [ERROR] Coolify could not connect to its real-time service. This will cause unusual problems on the UI if not fixed! Please check the related documentation (https://coolify.io/docs/knowledge-base/cloudflare/tunnels/overview) or get help on Discord (https://coollabs.io/discord).) @ :27
[  123278ms] [ERROR] Coolify could not connect to its real-time service. This will cause unusual problems on the UI if not fixed! Please check the related documentation (https://coolify.io/docs/knowledge-base/cloudflare/tunnels/overview) or get help on Discord (https://coollabs.io/discord).) @ :27
[  123777ms] [ERROR] Coolify could not connect to its real-time service. This will cause unusual problems on the UI if not fixed! Please check the related documentation (https://coolify.io/docs/knowledge-base/cloudflare/tunnels/overview) or get help on Discord (https://coollabs.io/discord).) @ :27
[  124039ms] [ERROR] Coolify could not connect to its real-time service. This will cause unusual problems on the UI if not fixed! Please check the related documentation (https://coolify.io/docs/knowledge-base/cloudflare/tunnels/overview) or get help on Discord (https://coollabs.io/discord).) @ :27
[  124210ms] [ERROR] Coolify could not connect to its real-time service. This will cause unusual problems on the UI if not fixed! Please check the related documentation (https://coolify.io/docs/knowledge-base/cloudflare/tunnels/overview) or get help on Discord (https://coollabs.io/discord).) @ :27
[  125283ms] [ERROR] Coolify could not connect to its real-time service. This will cause unusual problems on the UI if not fixed! Please check the related documentation (https://coolify.io/docs/knowledge-base/cloudflare/tunnels/overview) or get help on Discord (https://coollabs.io/discord).) @ :27
[  125766ms] [ERROR] Coolify could not connect to its real-time service. This will cause unusual problems on the UI if not fixed! Please check the related documentation (https://coolify.io/docs/knowledge-base/cloudflare/tunnels/overview) or get help on Discord (https://coollabs.io/discord).) @ :27
[  126032ms] [ERROR] Coolify could not connect to its real-time service. This will cause unusual problems on the UI if not fixed! Please check the related documentation (https://coolify.io/docs/knowledge-base/cloudflare/tunnels/overview) or get help on Discord (https://coollabs.io/discord).) @ :27
[  126218ms] [ERROR] Coolify could not connect to its real-time service. This will cause unusual problems on the UI if not fixed! Please check the related documentation (https://coolify.io/docs/knowledge-base/cloudflare/tunnels/overview) or get help on Discord (https://coollabs.io/discord).) @ :27
[  127277ms] [ERROR] Coolify could not connect to its real-time service. This will cause unusual problems on the UI if not fixed! Please check the related documentation (https://coolify.io/docs/knowledge-base/cloudflare/tunnels/overview) or get help on Discord (https://coollabs.io/discord).) @ :27
[  127776ms] [ERROR] Coolify could not connect to its real-time service. This will cause unusual problems on the UI if not fixed! Please check the related documentation (https://coolify.io/docs/knowledge-base/cloudflare/tunnels/overview) or get help on Discord (https://coollabs.io/discord).) @ :27
[  128040ms] [ERROR] Coolify could not connect to its real-time service. This will cause unusual problems on the UI if not fixed! Please check the related documentation (https://coolify.io/docs/knowledge-base/cloudflare/tunnels/overview) or get help on Discord (https://coollabs.io/discord).) @ :27
[  128210ms] [ERROR] Coolify could not connect to its real-time service. This will cause unusual problems on the UI if not fixed! Please check the related documentation (https://coolify.io/docs/knowledge-base/cloudflare/tunnels/overview) or get help on Discord (https://coollabs.io/discord).) @ :27
[  128864ms] [ERROR] WebSocket connection to 'wss://192.168.178.50:6001/app/fa7c74551a1cb0547c6d58e49608f986af1492c3cdedd478c56b23d88dddf406?protocol=7&client=js&version=8.3.0&flash=false' failed: Error in connection establishment: net::ERR_CONNECTION_CLOSED @ http://192.168.178.50:8000/js/pusher.js:8
[  129282ms] [ERROR] Coolify could not connect to its real-time service. This will cause unusual problems on the UI if not fixed! Please check the related documentation (https://coolify.io/docs/knowledge-base/cloudflare/tunnels/overview) or get help on Discord (https://coollabs.io/discord).) @ :27
[  129765ms] [ERROR] Coolify could not connect to its real-time service. This will cause unusual problems on the UI if not fixed! Please check the related documentation (https://coolify.io/docs/knowledge-base/cloudflare/tunnels/overview) or get help on Discord (https://coollabs.io/discord).) @ :27
[  130031ms] [ERROR] Coolify could not connect to its real-time service. This will cause unusual problems on the UI if not fixed! Please check the related documentation (https://coolify.io/docs/knowledge-base/cloudflare/tunnels/overview) or get help on Discord (https://coollabs.io/discord).) @ :27
[  130215ms] [ERROR] Coolify could not connect to its real-time service. This will cause unusual problems on the UI if not fixed! Please check the related documentation (https://coolify.io/docs/knowledge-base/cloudflare/tunnels/overview) or get help on Discord (https://coollabs.io/discord).) @ :27
[  131276ms] [ERROR] Coolify could not connect to its real-time service. This will cause unusual problems on the UI if not fixed! Please check the related documentation (https://coolify.io/docs/knowledge-base/cloudflare/tunnels/overview) or get help on Discord (https://coollabs.io/discord).) @ :27
[  131775ms] [ERROR] Coolify could not connect to its real-time service. This will cause unusual problems on the UI if not fixed! Please check the related documentation (https://coolify.io/docs/knowledge-base/cloudflare/tunnels/overview) or get help on Discord (https://coollabs.io/discord).) @ :27
[  132026ms] [ERROR] Coolify could not connect to its real-time service. This will cause unusual problems on the UI if not fixed! Please check the related documentation (https://coolify.io/docs/knowledge-base/cloudflare/tunnels/overview) or get help on Discord (https://coollabs.io/discord).) @ :27
[  132205ms] [ERROR] Coolify could not connect to its real-time service. This will cause unusual problems on the UI if not fixed! Please check the related documentation (https://coolify.io/docs/knowledge-base/cloudflare/tunnels/overview) or get help on Discord (https://coollabs.io/discord).) @ :27
[  133284ms] [ERROR] Coolify could not connect to its real-time service. This will cause unusual problems on the UI if not fixed! Please check the related documentation (https://coolify.io/docs/knowledge-base/cloudflare/tunnels/overview) or get help on Discord (https://coollabs.io/discord).) @ :27
[  133767ms] [ERROR] Coolify could not connect to its real-time service. This will cause unusual problems on the UI if not fixed! Please check the related documentation (https://coolify.io/docs/knowledge-base/cloudflare/tunnels/overview) or get help on Discord (https://coollabs.io/discord).) @ :27
[  134030ms] [ERROR] Coolify could not connect to its real-time service. This will cause unusual problems on the UI if not fixed! Please check the related documentation (https://coolify.io/docs/knowledge-base/cloudflare/tunnels/overview) or get help on Discord (https://coollabs.io/discord).) @ :27
[  134220ms] [ERROR] Coolify could not connect to its real-time service. This will cause unusual problems on the UI if not fixed! Please check the related documentation (https://coolify.io/docs/knowledge-base/cloudflare/tunnels/overview) or get help on Discord (https://coollabs.io/discord).) @ :27
[  135276ms] [ERROR] Coolify could not connect to its real-time service. This will cause unusual problems on the UI if not fixed! Please check the related documentation (https://coolify.io/docs/knowledge-base/cloudflare/tunnels/overview) or get help on Discord (https://coollabs.io/discord).) @ :27
[  135773ms] [ERROR] Coolify could not connect to its real-time service. This will cause unusual problems on the UI if not fixed! Please check the related documentation (https://coolify.io/docs/knowledge-base/cloudflare/tunnels/overview) or get help on Discord (https://coollabs.io/discord).) @ :27
[  136036ms] [ERROR] Coolify could not connect to its real-time service. This will cause unusual problems on the UI if not fixed! Please check the related documentation (https://coolify.io/docs/knowledge-base/cloudflare/tunnels/overview) or get help on Discord (https://coollabs.io/discord).) @ :27
[  136208ms] [ERROR] Coolify could not connect to its real-time service. This will cause unusual problems on the UI if not fixed! Please check the related documentation (https://coolify.io/docs/knowledge-base/cloudflare/tunnels/overview) or get help on Discord (https://coollabs.io/discord).) @ :27
[  137282ms] [ERROR] Coolify could not connect to its real-time service. This will cause unusual problems on the UI if not fixed! Please check the related documentation (https://coolify.io/docs/knowledge-base/cloudflare/tunnels/overview) or get help on Discord (https://coollabs.io/discord).) @ :27
[  137764ms] [ERROR] Coolify could not connect to its real-time service. This will cause unusual problems on the UI if not fixed! Please check the related documentation (https://coolify.io/docs/knowledge-base/cloudflare/tunnels/overview) or get help on Discord (https://coollabs.io/discord).) @ :27
[  138030ms] [ERROR] Coolify could not connect to its real-time service. This will cause unusual problems on the UI if not fixed! Please check the related documentation (https://coolify.io/docs/knowledge-base/cloudflare/tunnels/overview) or get help on Discord (https://coollabs.io/discord).) @ :27
[  138220ms] [ERROR] Coolify could not connect to its real-time service. This will cause unusual problems on the UI if not fixed! Please check the related documentation (https://coolify.io/docs/knowledge-base/cloudflare/tunnels/overview) or get help on Discord (https://coollabs.io/discord).) @ :27
[  139277ms] [ERROR] Coolify could not connect to its real-time service. This will cause unusual problems on the UI if not fixed! Please check the related documentation (https://coolify.io/docs/knowledge-base/cloudflare/tunnels/overview) or get help on Discord (https://coollabs.io/discord).) @ :27
[  139774ms] [ERROR] Coolify could not connect to its real-time service. This will cause unusual problems on the UI if not fixed! Please check the related documentation (https://coolify.io/docs/knowledge-base/cloudflare/tunnels/overview) or get help on Discord (https://coollabs.io/discord).) @ :27
[  140036ms] [ERROR] Coolify could not connect to its real-time service. This will cause unusual problems on the UI if not fixed! Please check the related documentation (https://coolify.io/docs/knowledge-base/cloudflare/tunnels/overview) or get help on Discord (https://coollabs.io/discord).) @ :27
[  140206ms] [ERROR] Coolify could not connect to its real-time service. This will cause unusual problems on the UI if not fixed! Please check the related documentation (https://coolify.io/docs/knowledge-base/cloudflare/tunnels/overview) or get help on Discord (https://coollabs.io/discord).) @ :27
[  141278ms] [ERROR] Coolify could not connect to its real-time service. This will cause unusual problems on the UI if not fixed! Please check the related documentation (https://coolify.io/docs/knowledge-base/cloudflare/tunnels/overview) or get help on Discord (https://coollabs.io/discord).) @ :27
[  141776ms] [ERROR] Coolify could not connect to its real-time service. This will cause unusual problems on the UI if not fixed! Please check the related documentation (https://coolify.io/docs/knowledge-base/cloudflare/tunnels/overview) or get help on Discord (https://coollabs.io/discord).) @ :27
[  142039ms] [ERROR] Coolify could not connect to its real-time service. This will cause unusual problems on the UI if not fixed! Please check the related documentation (https://coolify.io/docs/knowledge-base/cloudflare/tunnels/overview) or get help on Discord (https://coollabs.io/discord).) @ :27
[  142208ms] [ERROR] Coolify could not connect to its real-time service. This will cause unusual problems on the UI if not fixed! Please check the related documentation (https://coolify.io/docs/knowledge-base/cloudflare/tunnels/overview) or get help on Discord (https://coollabs.io/discord).) @ :27
[  143280ms] [ERROR] Coolify could not connect to its real-time service. This will cause unusual problems on the UI if not fixed! Please check the related documentation (https://coolify.io/docs/knowledge-base/cloudflare/tunnels/overview) or get help on Discord (https://coollabs.io/discord).) @ :27
[  143765ms] [ERROR] Coolify could not connect to its real-time service. This will cause unusual problems on the UI if not fixed! Please check the related documentation (https://coolify.io/docs/knowledge-base/cloudflare/tunnels/overview) or get help on Discord (https://coollabs.io/discord).) @ :27
[  144030ms] [ERROR] Coolify could not connect to its real-time service. This will cause unusual problems on the UI if not fixed! Please check the related documentation (https://coolify.io/docs/knowledge-base/cloudflare/tunnels/overview) or get help on Discord (https://coollabs.io/discord).) @ :27
[  144216ms] [ERROR] Coolify could not connect to its real-time service. This will cause unusual problems on the UI if not fixed! Please check the related documentation (https://coolify.io/docs/knowledge-base/cloudflare/tunnels/overview) or get help on Discord (https://coollabs.io/discord).) @ :27
[  145277ms] [ERROR] Coolify could not connect to its real-time service. This will cause unusual problems on the UI if not fixed! Please check the related documentation (https://coolify.io/docs/knowledge-base/cloudflare/tunnels/overview) or get help on Discord (https://coollabs.io/discord).) @ :27
[  145775ms] [ERROR] Coolify could not connect to its real-time service. This will cause unusual problems on the UI if not fixed! Please check the related documentation (https://coolify.io/docs/knowledge-base/cloudflare/tunnels/overview) or get help on Discord (https://coollabs.io/discord).) @ :27
[  146025ms] [ERROR] Coolify could not connect to its real-time service. This will cause unusual problems on the UI if not fixed! Please check the related documentation (https://coolify.io/docs/knowledge-base/cloudflare/tunnels/overview) or get help on Discord (https://coollabs.io/discord).) @ :27
[  146213ms] [ERROR] Coolify could not connect to its real-time service. This will cause unusual problems on the UI if not fixed! Please check the related documentation (https://coolify.io/docs/knowledge-base/cloudflare/tunnels/overview) or get help on Discord (https://coollabs.io/discord).) @ :27
[  147285ms] [ERROR] Coolify could not connect to its real-time service. This will cause unusual problems on the UI if not fixed! Please check the related documentation (https://coolify.io/docs/knowledge-base/cloudflare/tunnels/overview) or get help on Discord (https://coollabs.io/discord).) @ :27
[  147769ms] [ERROR] Coolify could not connect to its real-time service. This will cause unusual problems on the UI if not fixed! Please check the related documentation (https://coolify.io/docs/knowledge-base/cloudflare/tunnels/overview) or get help on Discord (https://coollabs.io/discord).) @ :27
[  148033ms] [ERROR] Coolify could not connect to its real-time service. This will cause unusual problems on the UI if not fixed! Please check the related documentation (https://coolify.io/docs/knowledge-base/cloudflare/tunnels/overview) or get help on Discord (https://coollabs.io/discord).) @ :27
[  148206ms] [ERROR] Coolify could not connect to its real-time service. This will cause unusual problems on the UI if not fixed! Please check the related documentation (https://coolify.io/docs/knowledge-base/cloudflare/tunnels/overview) or get help on Discord (https://coollabs.io/discord).) @ :27
[  149282ms] [ERROR] Coolify could not connect to its real-time service. This will cause unusual problems on the UI if not fixed! Please check the related documentation (https://coolify.io/docs/knowledge-base/cloudflare/tunnels/overview) or get help on Discord (https://coollabs.io/discord).) @ :27
[  149778ms] [ERROR] Coolify could not connect to its real-time service. This will cause unusual problems on the UI if not fixed! Please check the related documentation (https://coolify.io/docs/knowledge-base/cloudflare/tunnels/overview) or get help on Discord (https://coollabs.io/discord).) @ :27
[  150030ms] [ERROR] Coolify could not connect to its real-time service. This will cause unusual problems on the UI if not fixed! Please check the related documentation (https://coolify.io/docs/knowledge-base/cloudflare/tunnels/overview) or get help on Discord (https://coollabs.io/discord).) @ :27
[  150216ms] [ERROR] Coolify could not connect to its real-time service. This will cause unusual problems on the UI if not fixed! Please check the related documentation (https://coolify.io/docs/knowledge-base/cloudflare/tunnels/overview) or get help on Discord (https://coollabs.io/discord).) @ :27
[  151273ms] [ERROR] Coolify could not connect to its real-time service. This will cause unusual problems on the UI if not fixed! Please check the related documentation (https://coolify.io/docs/knowledge-base/cloudflare/tunnels/overview) or get help on Discord (https://coollabs.io/discord).) @ :27
[  151770ms] [ERROR] Coolify could not connect to its real-time service. This will cause unusual problems on the UI if not fixed! Please check the related documentation (https://coolify.io/docs/knowledge-base/cloudflare/tunnels/overview) or get help on Discord (https://coollabs.io/discord).) @ :27
[  152032ms] [ERROR] Coolify could not connect to its real-time service. This will cause unusual problems on the UI if not fixed! Please check the related documentation (https://coolify.io/docs/knowledge-base/cloudflare/tunnels/overview) or get help on Discord (https://coollabs.io/discord).) @ :27
[  152206ms] [ERROR] Coolify could not connect to its real-time service. This will cause unusual problems on the UI if not fixed! Please check the related documentation (https://coolify.io/docs/knowledge-base/cloudflare/tunnels/overview) or get help on Discord (https://coollabs.io/discord).) @ :27
[  153273ms] [ERROR] Coolify could not connect to its real-time service. This will cause unusual problems on the UI if not fixed! Please check the related documentation (https://coolify.io/docs/knowledge-base/cloudflare/tunnels/overview) or get help on Discord (https://coollabs.io/discord).) @ :27
[  153769ms] [ERROR] Coolify could not connect to its real-time service. This will cause unusual problems on the UI if not fixed! Please check the related documentation (https://coolify.io/docs/knowledge-base/cloudflare/tunnels/overview) or get help on Discord (https://coollabs.io/discord).) @ :27
[  154034ms] [ERROR] Coolify could not connect to its real-time service. This will cause unusual problems on the UI if not fixed! Please check the related documentation (https://coolify.io/docs/knowledge-base/cloudflare/tunnels/overview) or get help on Discord (https://coollabs.io/discord).) @ :27
[  154205ms] [ERROR] Coolify could not connect to its real-time service. This will cause unusual problems on the UI if not fixed! Please check the related documentation (https://coolify.io/docs/knowledge-base/cloudflare/tunnels/overview) or get help on Discord (https://coollabs.io/discord).) @ :27
[  155285ms] [ERROR] Coolify could not connect to its real-time service. This will cause unusual problems on the UI if not fixed! Please check the related documentation (https://coolify.io/docs/knowledge-base/cloudflare/tunnels/overview) or get help on Discord (https://coollabs.io/discord).) @ :27
[  155766ms] [ERROR] Coolify could not connect to its real-time service. This will cause unusual problems on the UI if not fixed! Please check the related documentation (https://coolify.io/docs/knowledge-base/cloudflare/tunnels/overview) or get help on Discord (https://coollabs.io/discord).) @ :27
[  156030ms] [ERROR] Coolify could not connect to its real-time service. This will cause unusual problems on the UI if not fixed! Please check the related documentation (https://coolify.io/docs/knowledge-base/cloudflare/tunnels/overview) or get help on Discord (https://coollabs.io/discord).) @ :27
[  156218ms] [ERROR] Coolify could not connect to its real-time service. This will cause unusual problems on the UI if not fixed! Please check the related documentation (https://coolify.io/docs/knowledge-base/cloudflare/tunnels/overview) or get help on Discord (https://coollabs.io/discord).) @ :27
[  157273ms] [ERROR] Coolify could not connect to its real-time service. This will cause unusual problems on the UI if not fixed! Please check the related documentation (https://coolify.io/docs/knowledge-base/cloudflare/tunnels/overview) or get help on Discord (https://coollabs.io/discord).) @ :27
[  157771ms] [ERROR] Coolify could not connect to its real-time service. This will cause unusual problems on the UI if not fixed! Please check the related documentation (https://coolify.io/docs/knowledge-base/cloudflare/tunnels/overview) or get help on Discord (https://coollabs.io/discord).) @ :27
[  158033ms] [ERROR] Coolify could not connect to its real-time service. This will cause unusual problems on the UI if not fixed! Please check the related documentation (https://coolify.io/docs/knowledge-base/cloudflare/tunnels/overview) or get help on Discord (https://coollabs.io/discord).) @ :27
[  158218ms] [ERROR] Coolify could not connect to its real-time service. This will cause unusual problems on the UI if not fixed! Please check the related documentation (https://coolify.io/docs/knowledge-base/cloudflare/tunnels/overview) or get help on Discord (https://coollabs.io/discord).) @ :27
[  159273ms] [ERROR] Coolify could not connect to its real-time service. This will cause unusual problems on the UI if not fixed! Please check the related documentation (https://coolify.io/docs/knowledge-base/cloudflare/tunnels/overview) or get help on Discord (https://coollabs.io/discord).) @ :27
[  159769ms] [ERROR] Coolify could not connect to its real-time service. This will cause unusual problems on the UI if not fixed! Please check the related documentation (https://coolify.io/docs/knowledge-base/cloudflare/tunnels/overview) or get help on Discord (https://coollabs.io/discord).) @ :27
[  160034ms] [ERROR] Coolify could not connect to its real-time service. This will cause unusual problems on the UI if not fixed! Please check the related documentation (https://coolify.io/docs/knowledge-base/cloudflare/tunnels/overview) or get help on Discord (https://coollabs.io/discord).) @ :27
[  160205ms] [ERROR] Coolify could not connect to its real-time service. This will cause unusual problems on the UI if not fixed! Please check the related documentation (https://coolify.io/docs/knowledge-base/cloudflare/tunnels/overview) or get help on Discord (https://coollabs.io/discord).) @ :27
[  161278ms] [ERROR] Coolify could not connect to its real-time service. This will cause unusual problems on the UI if not fixed! Please check the related documentation (https://coolify.io/docs/knowledge-base/cloudflare/tunnels/overview) or get help on Discord (https://coollabs.io/discord).) @ :27
[  161776ms] [ERROR] Coolify could not connect to its real-time service. This will cause unusual problems on the UI if not fixed! Please check the related documentation (https://coolify.io/docs/knowledge-base/cloudflare/tunnels/overview) or get help on Discord (https://coollabs.io/discord).) @ :27
[  162038ms] [ERROR] Coolify could not connect to its real-time service. This will cause unusual problems on the UI if not fixed! Please check the related documentation (https://coolify.io/docs/knowledge-base/cloudflare/tunnels/overview) or get help on Discord (https://coollabs.io/discord).) @ :27
[  162210ms] [ERROR] Coolify could not connect to its real-time service. This will cause unusual problems on the UI if not fixed! Please check the related documentation (https://coolify.io/docs/knowledge-base/cloudflare/tunnels/overview) or get help on Discord (https://coollabs.io/discord).) @ :27
[  163272ms] [ERROR] Coolify could not connect to its real-time service. This will cause unusual problems on the UI if not fixed! Please check the related documentation (https://coolify.io/docs/knowledge-base/cloudflare/tunnels/overview) or get help on Discord (https://coollabs.io/discord).) @ :27
[  163768ms] [ERROR] Coolify could not connect to its real-time service. This will cause unusual problems on the UI if not fixed! Please check the related documentation (https://coolify.io/docs/knowledge-base/cloudflare/tunnels/overview) or get help on Discord (https://coollabs.io/discord).) @ :27
[  164034ms] [ERROR] Coolify could not connect to its real-time service. This will cause unusual problems on the UI if not fixed! Please check the related documentation (https://coolify.io/docs/knowledge-base/cloudflare/tunnels/overview) or get help on Discord (https://coollabs.io/discord).) @ :27
[  164206ms] [ERROR] Coolify could not connect to its real-time service. This will cause unusual problems on the UI if not fixed! Please check the related documentation (https://coolify.io/docs/knowledge-base/cloudflare/tunnels/overview) or get help on Discord (https://coollabs.io/discord).) @ :27
[  165279ms] [ERROR] Coolify could not connect to its real-time service. This will cause unusual problems on the UI if not fixed! Please check the related documentation (https://coolify.io/docs/knowledge-base/cloudflare/tunnels/overview) or get help on Discord (https://coollabs.io/discord).) @ :27
[  165778ms] [ERROR] Coolify could not connect to its real-time service. This will cause unusual problems on the UI if not fixed! Please check the related documentation (https://coolify.io/docs/knowledge-base/cloudflare/tunnels/overview) or get help on Discord (https://coollabs.io/discord).) @ :27
[  166025ms] [ERROR] Coolify could not connect to its real-time service. This will cause unusual problems on the UI if not fixed! Please check the related documentation (https://coolify.io/docs/knowledge-base/cloudflare/tunnels/overview) or get help on Discord (https://coollabs.io/discord).) @ :27
[  166213ms] [ERROR] Coolify could not connect to its real-time service. This will cause unusual problems on the UI if not fixed! Please check the related documentation (https://coolify.io/docs/knowledge-base/cloudflare/tunnels/overview) or get help on Discord (https://coollabs.io/discord).) @ :27
[  166699ms] [ERROR] WebSocket connection to 'ws://192.168.178.50:6001/app/fa7c74551a1cb0547c6d58e49608f986af1492c3cdedd478c56b23d88dddf406?protocol=7&client=js&version=8.3.0&flash=false' failed: Connection closed before receiving a handshake response @ http://192.168.178.50:8000/js/pusher.js:8
[  167286ms] [ERROR] Coolify could not connect to its real-time service. This will cause unusual problems on the UI if not fixed! Please check the related documentation (https://coolify.io/docs/knowledge-base/cloudflare/tunnels/overview) or get help on Discord (https://coollabs.io/discord).) @ :27
[  167767ms] [ERROR] Coolify could not connect to its real-time service. This will cause unusual problems on the UI if not fixed! Please check the related documentation (https://coolify.io/docs/knowledge-base/cloudflare/tunnels/overview) or get help on Discord (https://coollabs.io/discord).) @ :27
[  168036ms] [ERROR] Coolify could not connect to its real-time service. This will cause unusual problems on the UI if not fixed! Please check the related documentation (https://coolify.io/docs/knowledge-base/cloudflare/tunnels/overview) or get help on Discord (https://coollabs.io/discord).) @ :27
[  168206ms] [ERROR] Coolify could not connect to its real-time service. This will cause unusual problems on the UI if not fixed! Please check the related documentation (https://coolify.io/docs/knowledge-base/cloudflare/tunnels/overview) or get help on Discord (https://coollabs.io/discord).) @ :27
[  169283ms] [ERROR] Coolify could not connect to its real-time service. This will cause unusual problems on the UI if not fixed! Please check the related documentation (https://coolify.io/docs/knowledge-base/cloudflare/tunnels/overview) or get help on Discord (https://coollabs.io/discord).) @ :27
[  169764ms] [ERROR] Coolify could not connect to its real-time service. This will cause unusual problems on the UI if not fixed! Please check the related documentation (https://coolify.io/docs/knowledge-base/cloudflare/tunnels/overview) or get help on Discord (https://coollabs.io/discord).) @ :27
[  170027ms] [ERROR] Coolify could not connect to its real-time service. This will cause unusual problems on the UI if not fixed! Please check the related documentation (https://coolify.io/docs/knowledge-base/cloudflare/tunnels/overview) or get help on Discord (https://coollabs.io/discord).) @ :27
[  170216ms] [ERROR] Coolify could not connect to its real-time service. This will cause unusual problems on the UI if not fixed! Please check the related documentation (https://coolify.io/docs/knowledge-base/cloudflare/tunnels/overview) or get help on Discord (https://coollabs.io/discord).) @ :27
[  171280ms] [ERROR] Coolify could not connect to its real-time service. This will cause unusual problems on the UI if not fixed! Please check the related documentation (https://coolify.io/docs/knowledge-base/cloudflare/tunnels/overview) or get help on Discord (https://coollabs.io/discord).) @ :27
[  171778ms] [ERROR] Coolify could not connect to its real-time service. This will cause unusual problems on the UI if not fixed! Please check the related documentation (https://coolify.io/docs/knowledge-base/cloudflare/tunnels/overview) or get help on Discord (https://coollabs.io/discord).) @ :27
[  172028ms] [ERROR] Coolify could not connect to its real-time service. This will cause unusual problems on the UI if not fixed! Please check the related documentation (https://coolify.io/docs/knowledge-base/cloudflare/tunnels/overview) or get help on Discord (https://coollabs.io/discord).) @ :27
[  172205ms] [ERROR] Coolify could not connect to its real-time service. This will cause unusual problems on the UI if not fixed! Please check the related documentation (https://coolify.io/docs/knowledge-base/cloudflare/tunnels/overview) or get help on Discord (https://coollabs.io/discord).) @ :27
[  173272ms] [ERROR] Coolify could not connect to its real-time service. This will cause unusual problems on the UI if not fixed! Please check the related documentation (https://coolify.io/docs/knowledge-base/cloudflare/tunnels/overview) or get help on Discord (https://coollabs.io/discord).) @ :27
[  173771ms] [ERROR] Coolify could not connect to its real-time service. This will cause unusual problems on the UI if not fixed! Please check the related documentation (https://coolify.io/docs/knowledge-base/cloudflare/tunnels/overview) or get help on Discord (https://coollabs.io/discord).) @ :27
[  174034ms] [ERROR] Coolify could not connect to its real-time service. This will cause unusual problems on the UI if not fixed! Please check the related documentation (https://coolify.io/docs/knowledge-base/cloudflare/tunnels/overview) or get help on Discord (https://coollabs.io/discord).) @ :27
[  174206ms] [ERROR] Coolify could not connect to its real-time service. This will cause unusual problems on the UI if not fixed! Please check the related documentation (https://coolify.io/docs/knowledge-base/cloudflare/tunnels/overview) or get help on Discord (https://coollabs.io/discord).) @ :27
[  175278ms] [ERROR] Coolify could not connect to its real-time service. This will cause unusual problems on the UI if not fixed! Please check the related documentation (https://coolify.io/docs/knowledge-base/cloudflare/tunnels/overview) or get help on Discord (https://coollabs.io/discord).) @ :27
[  175779ms] [ERROR] Coolify could not connect to its real-time service. This will cause unusual problems on the UI if not fixed! Please check the related documentation (https://coolify.io/docs/knowledge-base/cloudflare/tunnels/overview) or get help on Discord (https://coollabs.io/discord).) @ :27
[  176028ms] [ERROR] Coolify could not connect to its real-time service. This will cause unusual problems on the UI if not fixed! Please check the related documentation (https://coolify.io/docs/knowledge-base/cloudflare/tunnels/overview) or get help on Discord (https://coollabs.io/discord).) @ :27
[  176214ms] [ERROR] Coolify could not connect to its real-time service. This will cause unusual problems on the UI if not fixed! Please check the related documentation (https://coolify.io/docs/knowledge-base/cloudflare/tunnels/overview) or get help on Discord (https://coollabs.io/discord).) @ :27
[  177274ms] [ERROR] Coolify could not connect to its real-time service. This will cause unusual problems on the UI if not fixed! Please check the related documentation (https://coolify.io/docs/knowledge-base/cloudflare/tunnels/overview) or get help on Discord (https://coollabs.io/discord).) @ :27
[  177776ms] [ERROR] Coolify could not connect to its real-time service. This will cause unusual problems on the UI if not fixed! Please check the related documentation (https://coolify.io/docs/knowledge-base/cloudflare/tunnels/overview) or get help on Discord (https://coollabs.io/discord).) @ :27
[  178037ms] [ERROR] Coolify could not connect to its real-time service. This will cause unusual problems on the UI if not fixed! Please check the related documentation (https://coolify.io/docs/knowledge-base/cloudflare/tunnels/overview) or get help on Discord (https://coollabs.io/discord).) @ :27
[  178206ms] [ERROR] Coolify could not connect to its real-time service. This will cause unusual problems on the UI if not fixed! Please check the related documentation (https://coolify.io/docs/knowledge-base/cloudflare/tunnels/overview) or get help on Discord (https://coollabs.io/discord).) @ :27
[  179279ms] [ERROR] Coolify could not connect to its real-time service. This will cause unusual problems on the UI if not fixed! Please check the related documentation (https://coolify.io/docs/knowledge-base/cloudflare/tunnels/overview) or get help on Discord (https://coollabs.io/discord).) @ :27
[  179776ms] [ERROR] Coolify could not connect to its real-time service. This will cause unusual problems on the UI if not fixed! Please check the related documentation (https://coolify.io/docs/knowledge-base/cloudflare/tunnels/overview) or get help on Discord (https://coollabs.io/discord).) @ :27
[  180039ms] [ERROR] Coolify could not connect to its real-time service. This will cause unusual problems on the UI if not fixed! Please check the related documentation (https://coolify.io/docs/knowledge-base/cloudflare/tunnels/overview) or get help on Discord (https://coollabs.io/discord).) @ :27
[  180211ms] [ERROR] Coolify could not connect to its real-time service. This will cause unusual problems on the UI if not fixed! Please check the related documentation (https://coolify.io/docs/knowledge-base/cloudflare/tunnels/overview) or get help on Discord (https://coollabs.io/discord).) @ :27
[  181282ms] [ERROR] Coolify could not connect to its real-time service. This will cause unusual problems on the UI if not fixed! Please check the related documentation (https://coolify.io/docs/knowledge-base/cloudflare/tunnels/overview) or get help on Discord (https://coollabs.io/discord).) @ :27
[  181764ms] [ERROR] Coolify could not connect to its real-time service. This will cause unusual problems on the UI if not fixed! Please check the related documentation (https://coolify.io/docs/knowledge-base/cloudflare/tunnels/overview) or get help on Discord (https://coollabs.io/discord).) @ :27
[  182028ms] [ERROR] Coolify could not connect to its real-time service. This will cause unusual problems on the UI if not fixed! Please check the related documentation (https://coolify.io/docs/knowledge-base/cloudflare/tunnels/overview) or get help on Discord (https://coollabs.io/discord).) @ :27
[  182216ms] [ERROR] Coolify could not connect to its real-time service. This will cause unusual problems on the UI if not fixed! Please check the related documentation (https://coolify.io/docs/knowledge-base/cloudflare/tunnels/overview) or get help on Discord (https://coollabs.io/discord).) @ :27
[  183271ms] [ERROR] Coolify could not connect to its real-time service. This will cause unusual problems on the UI if not fixed! Please check the related documentation (https://coolify.io/docs/knowledge-base/cloudflare/tunnels/overview) or get help on Discord (https://coollabs.io/discord).) @ :27
[  183768ms] [ERROR] Coolify could not connect to its real-time service. This will cause unusual problems on the UI if not fixed! Please check the related documentation (https://coolify.io/docs/knowledge-base/cloudflare/tunnels/overview) or get help on Discord (https://coollabs.io/discord).) @ :27
[  184034ms] [ERROR] Coolify could not connect to its real-time service. This will cause unusual problems on the UI if not fixed! Please check the related documentation (https://coolify.io/docs/knowledge-base/cloudflare/tunnels/overview) or get help on Discord (https://coollabs.io/discord).) @ :27
[  184205ms] [ERROR] Coolify could not connect to its real-time service. This will cause unusual problems on the UI if not fixed! Please check the related documentation (https://coolify.io/docs/knowledge-base/cloudflare/tunnels/overview) or get help on Discord (https://coollabs.io/discord).) @ :27
[  185283ms] [ERROR] Coolify could not connect to its real-time service. This will cause unusual problems on the UI if not fixed! Please check the related documentation (https://coolify.io/docs/knowledge-base/cloudflare/tunnels/overview) or get help on Discord (https://coollabs.io/discord).) @ :27
[  185764ms] [ERROR] Coolify could not connect to its real-time service. This will cause unusual problems on the UI if not fixed! Please check the related documentation (https://coolify.io/docs/knowledge-base/cloudflare/tunnels/overview) or get help on Discord (https://coollabs.io/discord).) @ :27
[  186028ms] [ERROR] Coolify could not connect to its real-time service. This will cause unusual problems on the UI if not fixed! Please check the related documentation (https://coolify.io/docs/knowledge-base/cloudflare/tunnels/overview) or get help on Discord (https://coollabs.io/discord).) @ :27
[  186215ms] [ERROR] Coolify could not connect to its real-time service. This will cause unusual problems on the UI if not fixed! Please check the related documentation (https://coolify.io/docs/knowledge-base/cloudflare/tunnels/overview) or get help on Discord (https://coollabs.io/discord).) @ :27
[  187277ms] [ERROR] Coolify could not connect to its real-time service. This will cause unusual problems on the UI if not fixed! Please check the related documentation (https://coolify.io/docs/knowledge-base/cloudflare/tunnels/overview) or get help on Discord (https://coollabs.io/discord).) @ :27
[  187775ms] [ERROR] Coolify could not connect to its real-time service. This will cause unusual problems on the UI if not fixed! Please check the related documentation (https://coolify.io/docs/knowledge-base/cloudflare/tunnels/overview) or get help on Discord (https://coollabs.io/discord).) @ :27
[  188039ms] [ERROR] Coolify could not connect to its real-time service. This will cause unusual problems on the UI if not fixed! Please check the related documentation (https://coolify.io/docs/knowledge-base/cloudflare/tunnels/overview) or get help on Discord (https://coollabs.io/discord).) @ :27
[  188213ms] [ERROR] Coolify could not connect to its real-time service. This will cause unusual problems on the UI if not fixed! Please check the related documentation (https://coolify.io/docs/knowledge-base/cloudflare/tunnels/overview) or get help on Discord (https://coollabs.io/discord).) @ :27
[  188865ms] [ERROR] WebSocket connection to 'wss://192.168.178.50:6001/app/fa7c74551a1cb0547c6d58e49608f986af1492c3cdedd478c56b23d88dddf406?protocol=7&client=js&version=8.3.0&flash=false' failed: Error in connection establishment: net::ERR_CONNECTION_CLOSED @ http://192.168.178.50:8000/js/pusher.js:8
[  189271ms] [ERROR] Coolify could not connect to its real-time service. This will cause unusual problems on the UI if not fixed! Please check the related documentation (https://coolify.io/docs/knowledge-base/cloudflare/tunnels/overview) or get help on Discord (https://coollabs.io/discord).) @ :27
[  189778ms] [ERROR] Coolify could not connect to its real-time service. This will cause unusual problems on the UI if not fixed! Please check the related documentation (https://coolify.io/docs/knowledge-base/cloudflare/tunnels/overview) or get help on Discord (https://coollabs.io/discord).) @ :27
[  190027ms] [ERROR] Coolify could not connect to its real-time service. This will cause unusual problems on the UI if not fixed! Please check the related documentation (https://coolify.io/docs/knowledge-base/cloudflare/tunnels/overview) or get help on Discord (https://coollabs.io/discord).) @ :27
[  190213ms] [ERROR] Coolify could not connect to its real-time service. This will cause unusual problems on the UI if not fixed! Please check the related documentation (https://coolify.io/docs/knowledge-base/cloudflare/tunnels/overview) or get help on Discord (https://coollabs.io/discord).) @ :27
[  191285ms] [ERROR] Coolify could not connect to its real-time service. This will cause unusual problems on the UI if not fixed! Please check the related documentation (https://coolify.io/docs/knowledge-base/cloudflare/tunnels/overview) or get help on Discord (https://coollabs.io/discord).) @ :27
[  191769ms] [ERROR] Coolify could not connect to its real-time service. This will cause unusual problems on the UI if not fixed! Please check the related documentation (https://coolify.io/docs/knowledge-base/cloudflare/tunnels/overview) or get help on Discord (https://coollabs.io/discord).) @ :27
[  192032ms] [ERROR] Coolify could not connect to its real-time service. This will cause unusual problems on the UI if not fixed! Please check the related documentation (https://coolify.io/docs/knowledge-base/cloudflare/tunnels/overview) or get help on Discord (https://coollabs.io/discord).) @ :27
[  192206ms] [ERROR] Coolify could not connect to its real-time service. This will cause unusual problems on the UI if not fixed! Please check the related documentation (https://coolify.io/docs/knowledge-base/cloudflare/tunnels/overview) or get help on Discord (https://coollabs.io/discord).) @ :27
[  193274ms] [ERROR] Coolify could not connect to its real-time service. This will cause unusual problems on the UI if not fixed! Please check the related documentation (https://coolify.io/docs/knowledge-base/cloudflare/tunnels/overview) or get help on Discord (https://coollabs.io/discord).) @ :27
[  193770ms] [ERROR] Coolify could not connect to its real-time service. This will cause unusual problems on the UI if not fixed! Please check the related documentation (https://coolify.io/docs/knowledge-base/cloudflare/tunnels/overview) or get help on Discord (https://coollabs.io/discord).) @ :27
[  194037ms] [ERROR] Coolify could not connect to its real-time service. This will cause unusual problems on the UI if not fixed! Please check the related documentation (https://coolify.io/docs/knowledge-base/cloudflare/tunnels/overview) or get help on Discord (https://coollabs.io/discord).) @ :27
[  194207ms] [ERROR] Coolify could not connect to its real-time service. This will cause unusual problems on the UI if not fixed! Please check the related documentation (https://coolify.io/docs/knowledge-base/cloudflare/tunnels/overview) or get help on Discord (https://coollabs.io/discord).) @ :27
[  195283ms] [ERROR] Coolify could not connect to its real-time service. This will cause unusual problems on the UI if not fixed! Please check the related documentation (https://coolify.io/docs/knowledge-base/cloudflare/tunnels/overview) or get help on Discord (https://coollabs.io/discord).) @ :27
[  195768ms] [ERROR] Coolify could not connect to its real-time service. This will cause unusual problems on the UI if not fixed! Please check the related documentation (https://coolify.io/docs/knowledge-base/cloudflare/tunnels/overview) or get help on Discord (https://coollabs.io/discord).) @ :27
[  196030ms] [ERROR] Coolify could not connect to its real-time service. This will cause unusual problems on the UI if not fixed! Please check the related documentation (https://coolify.io/docs/knowledge-base/cloudflare/tunnels/overview) or get help on Discord (https://coollabs.io/discord).) @ :27
[  196219ms] [ERROR] Coolify could not connect to its real-time service. This will cause unusual problems on the UI if not fixed! Please check the related documentation (https://coolify.io/docs/knowledge-base/cloudflare/tunnels/overview) or get help on Discord (https://coollabs.io/discord).) @ :27
[  197279ms] [ERROR] Coolify could not connect to its real-time service. This will cause unusual problems on the UI if not fixed! Please check the related documentation (https://coolify.io/docs/knowledge-base/cloudflare/tunnels/overview) or get help on Discord (https://coollabs.io/discord).) @ :27
[  197776ms] [ERROR] Coolify could not connect to its real-time service. This will cause unusual problems on the UI if not fixed! Please check the related documentation (https://coolify.io/docs/knowledge-base/cloudflare/tunnels/overview) or get help on Discord (https://coollabs.io/discord).) @ :27
[  198025ms] [ERROR] Coolify could not connect to its real-time service. This will cause unusual problems on the UI if not fixed! Please check the related documentation (https://coolify.io/docs/knowledge-base/cloudflare/tunnels/overview) or get help on Discord (https://coollabs.io/discord).) @ :27
[  198211ms] [ERROR] Coolify could not connect to its real-time service. This will cause unusual problems on the UI if not fixed! Please check the related documentation (https://coolify.io/docs/knowledge-base/cloudflare/tunnels/overview) or get help on Discord (https://coollabs.io/discord).) @ :27
[  199284ms] [ERROR] Coolify could not connect to its real-time service. This will cause unusual problems on the UI if not fixed! Please check the related documentation (https://coolify.io/docs/knowledge-base/cloudflare/tunnels/overview) or get help on Discord (https://coollabs.io/discord).) @ :27
[  199770ms] [ERROR] Coolify could not connect to its real-time service. This will cause unusual problems on the UI if not fixed! Please check the related documentation (https://coolify.io/docs/knowledge-base/cloudflare/tunnels/overview) or get help on Discord (https://coollabs.io/discord).) @ :27
[  200034ms] [ERROR] Coolify could not connect to its real-time service. This will cause unusual problems on the UI if not fixed! Please check the related documentation (https://coolify.io/docs/knowledge-base/cloudflare/tunnels/overview) or get help on Discord (https://coollabs.io/discord).) @ :27
[  200219ms] [ERROR] Coolify could not connect to its real-time service. This will cause unusual problems on the UI if not fixed! Please check the related documentation (https://coolify.io/docs/knowledge-base/cloudflare/tunnels/overview) or get help on Discord (https://coollabs.io/discord).) @ :27
[  201275ms] [ERROR] Coolify could not connect to its real-time service. This will cause unusual problems on the UI if not fixed! Please check the related documentation (https://coolify.io/docs/knowledge-base/cloudflare/tunnels/overview) or get help on Discord (https://coollabs.io/discord).) @ :27
[  201767ms] [ERROR] Coolify could not connect to its real-time service. This will cause unusual problems on the UI if not fixed! Please check the related documentation (https://coolify.io/docs/knowledge-base/cloudflare/tunnels/overview) or get help on Discord (https://coollabs.io/discord).) @ :27
[  202033ms] [ERROR] Coolify could not connect to its real-time service. This will cause unusual problems on the UI if not fixed! Please check the related documentation (https://coolify.io/docs/knowledge-base/cloudflare/tunnels/overview) or get help on Discord (https://coollabs.io/discord).) @ :27
[  202205ms] [ERROR] Coolify could not connect to its real-time service. This will cause unusual problems on the UI if not fixed! Please check the related documentation (https://coolify.io/docs/knowledge-base/cloudflare/tunnels/overview) or get help on Discord (https://coollabs.io/discord).) @ :27
[  203280ms] [ERROR] Coolify could not connect to its real-time service. This will cause unusual problems on the UI if not fixed! Please check the related documentation (https://coolify.io/docs/knowledge-base/cloudflare/tunnels/overview) or get help on Discord (https://coollabs.io/discord).) @ :27
[  203779ms] [ERROR] Coolify could not connect to its real-time service. This will cause unusual problems on the UI if not fixed! Please check the related documentation (https://coolify.io/docs/knowledge-base/cloudflare/tunnels/overview) or get help on Discord (https://coollabs.io/discord).) @ :27
[  204028ms] [ERROR] Coolify could not connect to its real-time service. This will cause unusual problems on the UI if not fixed! Please check the related documentation (https://coolify.io/docs/knowledge-base/cloudflare/tunnels/overview) or get help on Discord (https://coollabs.io/discord).) @ :27
[  204216ms] [ERROR] Coolify could not connect to its real-time service. This will cause unusual problems on the UI if not fixed! Please check the related documentation (https://coolify.io/docs/knowledge-base/cloudflare/tunnels/overview) or get help on Discord (https://coollabs.io/discord).) @ :27
[  205276ms] [ERROR] Coolify could not connect to its real-time service. This will cause unusual problems on the UI if not fixed! Please check the related documentation (https://coolify.io/docs/knowledge-base/cloudflare/tunnels/overview) or get help on Discord (https://coollabs.io/discord).) @ :27
[  205775ms] [ERROR] Coolify could not connect to its real-time service. This will cause unusual problems on the UI if not fixed! Please check the related documentation (https://coolify.io/docs/knowledge-base/cloudflare/tunnels/overview) or get help on Discord (https://coollabs.io/discord).) @ :27
[  206040ms] [ERROR] Coolify could not connect to its real-time service. This will cause unusual problems on the UI if not fixed! Please check the related documentation (https://coolify.io/docs/knowledge-base/cloudflare/tunnels/overview) or get help on Discord (https://coollabs.io/discord).) @ :27
[  206211ms] [ERROR] Coolify could not connect to its real-time service. This will cause unusual problems on the UI if not fixed! Please check the related documentation (https://coolify.io/docs/knowledge-base/cloudflare/tunnels/overview) or get help on Discord (https://coollabs.io/discord).) @ :27
[  207287ms] [ERROR] Coolify could not connect to its real-time service. This will cause unusual problems on the UI if not fixed! Please check the related documentation (https://coolify.io/docs/knowledge-base/cloudflare/tunnels/overview) or get help on Discord (https://coollabs.io/discord).) @ :27
[  207771ms] [ERROR] Coolify could not connect to its real-time service. This will cause unusual problems on the UI if not fixed! Please check the related documentation (https://coolify.io/docs/knowledge-base/cloudflare/tunnels/overview) or get help on Discord (https://coollabs.io/discord).) @ :27
[  208036ms] [ERROR] Coolify could not connect to its real-time service. This will cause unusual problems on the UI if not fixed! Please check the related documentation (https://coolify.io/docs/knowledge-base/cloudflare/tunnels/overview) or get help on Discord (https://coollabs.io/discord).) @ :27
[  208208ms] [ERROR] Coolify could not connect to its real-time service. This will cause unusual problems on the UI if not fixed! Please check the related documentation (https://coolify.io/docs/knowledge-base/cloudflare/tunnels/overview) or get help on Discord (https://coollabs.io/discord).) @ :27
[  209281ms] [ERROR] Coolify could not connect to its real-time service. This will cause unusual problems on the UI if not fixed! Please check the related documentation (https://coolify.io/docs/knowledge-base/cloudflare/tunnels/overview) or get help on Discord (https://coollabs.io/discord).) @ :27
[  209765ms] [ERROR] Coolify could not connect to its real-time service. This will cause unusual problems on the UI if not fixed! Please check the related documentation (https://coolify.io/docs/knowledge-base/cloudflare/tunnels/overview) or get help on Discord (https://coollabs.io/discord).) @ :27
[  210030ms] [ERROR] Coolify could not connect to its real-time service. This will cause unusual problems on the UI if not fixed! Please check the related documentation (https://coolify.io/docs/knowledge-base/cloudflare/tunnels/overview) or get help on Discord (https://coollabs.io/discord).) @ :27
[  210216ms] [ERROR] Coolify could not connect to its real-time service. This will cause unusual problems on the UI if not fixed! Please check the related documentation (https://coolify.io/docs/knowledge-base/cloudflare/tunnels/overview) or get help on Discord (https://coollabs.io/discord).) @ :27
[  211275ms] [ERROR] Coolify could not connect to its real-time service. This will cause unusual problems on the UI if not fixed! Please check the related documentation (https://coolify.io/docs/knowledge-base/cloudflare/tunnels/overview) or get help on Discord (https://coollabs.io/discord).) @ :27
[  211770ms] [ERROR] Coolify could not connect to its real-time service. This will cause unusual problems on the UI if not fixed! Please check the related documentation (https://coolify.io/docs/knowledge-base/cloudflare/tunnels/overview) or get help on Discord (https://coollabs.io/discord).) @ :27
[  212034ms] [ERROR] Coolify could not connect to its real-time service. This will cause unusual problems on the UI if not fixed! Please check the related documentation (https://coolify.io/docs/knowledge-base/cloudflare/tunnels/overview) or get help on Discord (https://coollabs.io/discord).) @ :27
[  212206ms] [ERROR] Coolify could not connect to its real-time service. This will cause unusual problems on the UI if not fixed! Please check the related documentation (https://coolify.io/docs/knowledge-base/cloudflare/tunnels/overview) or get help on Discord (https://coollabs.io/discord).) @ :27
[  213279ms] [ERROR] Coolify could not connect to its real-time service. This will cause unusual problems on the UI if not fixed! Please check the related documentation (https://coolify.io/docs/knowledge-base/cloudflare/tunnels/overview) or get help on Discord (https://coollabs.io/discord).) @ :27
[  213776ms] [ERROR] Coolify could not connect to its real-time service. This will cause unusual problems on the UI if not fixed! Please check the related documentation (https://coolify.io/docs/knowledge-base/cloudflare/tunnels/overview) or get help on Discord (https://coollabs.io/discord).) @ :27
[  214040ms] [ERROR] Coolify could not connect to its real-time service. This will cause unusual problems on the UI if not fixed! Please check the related documentation (https://coolify.io/docs/knowledge-base/cloudflare/tunnels/overview) or get help on Discord (https://coollabs.io/discord).) @ :27
[  214210ms] [ERROR] Coolify could not connect to its real-time service. This will cause unusual problems on the UI if not fixed! Please check the related documentation (https://coolify.io/docs/knowledge-base/cloudflare/tunnels/overview) or get help on Discord (https://coollabs.io/discord).) @ :27
[  215284ms] [ERROR] Coolify could not connect to its real-time service. This will cause unusual problems on the UI if not fixed! Please check the related documentation (https://coolify.io/docs/knowledge-base/cloudflare/tunnels/overview) or get help on Discord (https://coollabs.io/discord).) @ :27
[  215766ms] [ERROR] Coolify could not connect to its real-time service. This will cause unusual problems on the UI if not fixed! Please check the related documentation (https://coolify.io/docs/knowledge-base/cloudflare/tunnels/overview) or get help on Discord (https://coollabs.io/discord).) @ :27
[  216029ms] [ERROR] Coolify could not connect to its real-time service. This will cause unusual problems on the UI if not fixed! Please check the related documentation (https://coolify.io/docs/knowledge-base/cloudflare/tunnels/overview) or get help on Discord (https://coollabs.io/discord).) @ :27
[  216218ms] [ERROR] Coolify could not connect to its real-time service. This will cause unusual problems on the UI if not fixed! Please check the related documentation (https://coolify.io/docs/knowledge-base/cloudflare/tunnels/overview) or get help on Discord (https://coollabs.io/discord).) @ :27
[  217276ms] [ERROR] Coolify could not connect to its real-time service. This will cause unusual problems on the UI if not fixed! Please check the related documentation (https://coolify.io/docs/knowledge-base/cloudflare/tunnels/overview) or get help on Discord (https://coollabs.io/discord).) @ :27
[  217777ms] [ERROR] Coolify could not connect to its real-time service. This will cause unusual problems on the UI if not fixed! Please check the related documentation (https://coolify.io/docs/knowledge-base/cloudflare/tunnels/overview) or get help on Discord (https://coollabs.io/discord).) @ :27
[  218028ms] [ERROR] Coolify could not connect to its real-time service. This will cause unusual problems on the UI if not fixed! Please check the related documentation (https://coolify.io/docs/knowledge-base/cloudflare/tunnels/overview) or get help on Discord (https://coollabs.io/discord).) @ :27
[  218215ms] [ERROR] Coolify could not connect to its real-time service. This will cause unusual problems on the UI if not fixed! Please check the related documentation (https://coolify.io/docs/knowledge-base/cloudflare/tunnels/overview) or get help on Discord (https://coollabs.io/discord).) @ :27
[  219287ms] [ERROR] Coolify could not connect to its real-time service. This will cause unusual problems on the UI if not fixed! Please check the related documentation (https://coolify.io/docs/knowledge-base/cloudflare/tunnels/overview) or get help on Discord (https://coollabs.io/discord).) @ :27
[  219769ms] [ERROR] Coolify could not connect to its real-time service. This will cause unusual problems on the UI if not fixed! Please check the related documentation (https://coolify.io/docs/knowledge-base/cloudflare/tunnels/overview) or get help on Discord (https://coollabs.io/discord).) @ :27
[  220031ms] [ERROR] Coolify could not connect to its real-time service. This will cause unusual problems on the UI if not fixed! Please check the related documentation (https://coolify.io/docs/knowledge-base/cloudflare/tunnels/overview) or get help on Discord (https://coollabs.io/discord).) @ :27
[  220218ms] [ERROR] Coolify could not connect to its real-time service. This will cause unusual problems on the UI if not fixed! Please check the related documentation (https://coolify.io/docs/knowledge-base/cloudflare/tunnels/overview) or get help on Discord (https://coollabs.io/discord).) @ :27
[  221282ms] [ERROR] Coolify could not connect to its real-time service. This will cause unusual problems on the UI if not fixed! Please check the related documentation (https://coolify.io/docs/knowledge-base/cloudflare/tunnels/overview) or get help on Discord (https://coollabs.io/discord).) @ :27
[  221778ms] [ERROR] Coolify could not connect to its real-time service. This will cause unusual problems on the UI if not fixed! Please check the related documentation (https://coolify.io/docs/knowledge-base/cloudflare/tunnels/overview) or get help on Discord (https://coollabs.io/discord).) @ :27
[  222028ms] [ERROR] Coolify could not connect to its real-time service. This will cause unusual problems on the UI if not fixed! Please check the related documentation (https://coolify.io/docs/knowledge-base/cloudflare/tunnels/overview) or get help on Discord (https://coollabs.io/discord).) @ :27
[  222205ms] [ERROR] Coolify could not connect to its real-time service. This will cause unusual problems on the UI if not fixed! Please check the related documentation (https://coolify.io/docs/knowledge-base/cloudflare/tunnels/overview) or get help on Discord (https://coollabs.io/discord).) @ :27
[  223284ms] [ERROR] Coolify could not connect to its real-time service. This will cause unusual problems on the UI if not fixed! Please check the related documentation (https://coolify.io/docs/knowledge-base/cloudflare/tunnels/overview) or get help on Discord (https://coollabs.io/discord).) @ :27
[  223778ms] [ERROR] Coolify could not connect to its real-time service. This will cause unusual problems on the UI if not fixed! Please check the related documentation (https://coolify.io/docs/knowledge-base/cloudflare/tunnels/overview) or get help on Discord (https://coollabs.io/discord).) @ :27
[  224026ms] [ERROR] Coolify could not connect to its real-time service. This will cause unusual problems on the UI if not fixed! Please check the related documentation (https://coolify.io/docs/knowledge-base/cloudflare/tunnels/overview) or get help on Discord (https://coollabs.io/discord).) @ :27
[  224213ms] [ERROR] Coolify could not connect to its real-time service. This will cause unusual problems on the UI if not fixed! Please check the related documentation (https://coolify.io/docs/knowledge-base/cloudflare/tunnels/overview) or get help on Discord (https://coollabs.io/discord).) @ :27
[  225284ms] [ERROR] Coolify could not connect to its real-time service. This will cause unusual problems on the UI if not fixed! Please check the related documentation (https://coolify.io/docs/knowledge-base/cloudflare/tunnels/overview) or get help on Discord (https://coollabs.io/discord).) @ :27
[  225768ms] [ERROR] Coolify could not connect to its real-time service. This will cause unusual problems on the UI if not fixed! Please check the related documentation (https://coolify.io/docs/knowledge-base/cloudflare/tunnels/overview) or get help on Discord (https://coollabs.io/discord).) @ :27
[  226034ms] [ERROR] Coolify could not connect to its real-time service. This will cause unusual problems on the UI if not fixed! Please check the related documentation (https://coolify.io/docs/knowledge-base/cloudflare/tunnels/overview) or get help on Discord (https://coollabs.io/discord).) @ :27
[  226220ms] [ERROR] Coolify could not connect to its real-time service. This will cause unusual problems on the UI if not fixed! Please check the related documentation (https://coolify.io/docs/knowledge-base/cloudflare/tunnels/overview) or get help on Discord (https://coollabs.io/discord).) @ :27
[  226760ms] [ERROR] WebSocket connection to 'ws://192.168.178.50:6001/app/fa7c74551a1cb0547c6d58e49608f986af1492c3cdedd478c56b23d88dddf406?protocol=7&client=js&version=8.3.0&flash=false' failed: Connection closed before receiving a handshake response @ http://192.168.178.50:8000/js/pusher.js:8
[  227280ms] [ERROR] Coolify could not connect to its real-time service. This will cause unusual problems on the UI if not fixed! Please check the related documentation (https://coolify.io/docs/knowledge-base/cloudflare/tunnels/overview) or get help on Discord (https://coollabs.io/discord).) @ :27
[  227778ms] [ERROR] Coolify could not connect to its real-time service. This will cause unusual problems on the UI if not fixed! Please check the related documentation (https://coolify.io/docs/knowledge-base/cloudflare/tunnels/overview) or get help on Discord (https://coollabs.io/discord).) @ :27
[  228028ms] [ERROR] Coolify could not connect to its real-time service. This will cause unusual problems on the UI if not fixed! Please check the related documentation (https://coolify.io/docs/knowledge-base/cloudflare/tunnels/overview) or get help on Discord (https://coollabs.io/discord).) @ :27
[  228216ms] [ERROR] Coolify could not connect to its real-time service. This will cause unusual problems on the UI if not fixed! Please check the related documentation (https://coolify.io/docs/knowledge-base/cloudflare/tunnels/overview) or get help on Discord (https://coollabs.io/discord).) @ :27
[  229275ms] [ERROR] Coolify could not connect to its real-time service. This will cause unusual problems on the UI if not fixed! Please check the related documentation (https://coolify.io/docs/knowledge-base/cloudflare/tunnels/overview) or get help on Discord (https://coollabs.io/discord).) @ :27
[  229764ms] [ERROR] Coolify could not connect to its real-time service. This will cause unusual problems on the UI if not fixed! Please check the related documentation (https://coolify.io/docs/knowledge-base/cloudflare/tunnels/overview) or get help on Discord (https://coollabs.io/discord).) @ :27
[  230029ms] [ERROR] Coolify could not connect to its real-time service. This will cause unusual problems on the UI if not fixed! Please check the related documentation (https://coolify.io/docs/knowledge-base/cloudflare/tunnels/overview) or get help on Discord (https://coollabs.io/discord).) @ :27
[  230215ms] [ERROR] Coolify could not connect to its real-time service. This will cause unusual problems on the UI if not fixed! Please check the related documentation (https://coolify.io/docs/knowledge-base/cloudflare/tunnels/overview) or get help on Discord (https://coollabs.io/discord).) @ :27
[  231276ms] [ERROR] Coolify could not connect to its real-time service. This will cause unusual problems on the UI if not fixed! Please check the related documentation (https://coolify.io/docs/knowledge-base/cloudflare/tunnels/overview) or get help on Discord (https://coollabs.io/discord).) @ :27
[  231772ms] [ERROR] Coolify could not connect to its real-time service. This will cause unusual problems on the UI if not fixed! Please check the related documentation (https://coolify.io/docs/knowledge-base/cloudflare/tunnels/overview) or get help on Discord (https://coollabs.io/discord).) @ :27
[  232037ms] [ERROR] Coolify could not connect to its real-time service. This will cause unusual problems on the UI if not fixed! Please check the related documentation (https://coolify.io/docs/knowledge-base/cloudflare/tunnels/overview) or get help on Discord (https://coollabs.io/discord).) @ :27
[  232205ms] [ERROR] Coolify could not connect to its real-time service. This will cause unusual problems on the UI if not fixed! Please check the related documentation (https://coolify.io/docs/knowledge-base/cloudflare/tunnels/overview) or get help on Discord (https://coollabs.io/discord).) @ :27
[  233282ms] [ERROR] Coolify could not connect to its real-time service. This will cause unusual problems on the UI if not fixed! Please check the related documentation (https://coolify.io/docs/knowledge-base/cloudflare/tunnels/overview) or get help on Discord (https://coollabs.io/discord).) @ :27
[  233766ms] [ERROR] Coolify could not connect to its real-time service. This will cause unusual problems on the UI if not fixed! Please check the related documentation (https://coolify.io/docs/knowledge-base/cloudflare/tunnels/overview) or get help on Discord (https://coollabs.io/discord).) @ :27
[  234029ms] [ERROR] Coolify could not connect to its real-time service. This will cause unusual problems on the UI if not fixed! Please check the related documentation (https://coolify.io/docs/knowledge-base/cloudflare/tunnels/overview) or get help on Discord (https://coollabs.io/discord).) @ :27
[  234216ms] [ERROR] Coolify could not connect to its real-time service. This will cause unusual problems on the UI if not fixed! Please check the related documentation (https://coolify.io/docs/knowledge-base/cloudflare/tunnels/overview) or get help on Discord (https://coollabs.io/discord).) @ :27
[  235275ms] [ERROR] Coolify could not connect to its real-time service. This will cause unusual problems on the UI if not fixed! Please check the related documentation (https://coolify.io/docs/knowledge-base/cloudflare/tunnels/overview) or get help on Discord (https://coollabs.io/discord).) @ :27
[  235768ms] [ERROR] Coolify could not connect to its real-time service. This will cause unusual problems on the UI if not fixed! Please check the related documentation (https://coolify.io/docs/knowledge-base/cloudflare/tunnels/overview) or get help on Discord (https://coollabs.io/discord).) @ :27
[  236031ms] [ERROR] Coolify could not connect to its real-time service. This will cause unusual problems on the UI if not fixed! Please check the related documentation (https://coolify.io/docs/knowledge-base/cloudflare/tunnels/overview) or get help on Discord (https://coollabs.io/discord).) @ :27
[  236217ms] [ERROR] Coolify could not connect to its real-time service. This will cause unusual problems on the UI if not fixed! Please check the related documentation (https://coolify.io/docs/knowledge-base/cloudflare/tunnels/overview) or get help on Discord (https://coollabs.io/discord).) @ :27
[  237276ms] [ERROR] Coolify could not connect to its real-time service. This will cause unusual problems on the UI if not fixed! Please check the related documentation (https://coolify.io/docs/knowledge-base/cloudflare/tunnels/overview) or get help on Discord (https://coollabs.io/discord).) @ :27
[  237770ms] [ERROR] Coolify could not connect to its real-time service. This will cause unusual problems on the UI if not fixed! Please check the related documentation (https://coolify.io/docs/knowledge-base/cloudflare/tunnels/overview) or get help on Discord (https://coollabs.io/discord).) @ :27
[  238035ms] [ERROR] Coolify could not connect to its real-time service. This will cause unusual problems on the UI if not fixed! Please check the related documentation (https://coolify.io/docs/knowledge-base/cloudflare/tunnels/overview) or get help on Discord (https://coollabs.io/discord).) @ :27
[  238205ms] [ERROR] Coolify could not connect to its real-time service. This will cause unusual problems on the UI if not fixed! Please check the related documentation (https://coolify.io/docs/knowledge-base/cloudflare/tunnels/overview) or get help on Discord (https://coollabs.io/discord).) @ :27
[  239284ms] [ERROR] Coolify could not connect to its real-time service. This will cause unusual problems on the UI if not fixed! Please check the related documentation (https://coolify.io/docs/knowledge-base/cloudflare/tunnels/overview) or get help on Discord (https://coollabs.io/discord).) @ :27
[  239766ms] [ERROR] Coolify could not connect to its real-time service. This will cause unusual problems on the UI if not fixed! Please check the related documentation (https://coolify.io/docs/knowledge-base/cloudflare/tunnels/overview) or get help on Discord (https://coollabs.io/discord).) @ :27
[  240031ms] [ERROR] Coolify could not connect to its real-time service. This will cause unusual problems on the UI if not fixed! Please check the related documentation (https://coolify.io/docs/knowledge-base/cloudflare/tunnels/overview) or get help on Discord (https://coollabs.io/discord).) @ :27
[  240219ms] [ERROR] Coolify could not connect to its real-time service. This will cause unusual problems on the UI if not fixed! Please check the related documentation (https://coolify.io/docs/knowledge-base/cloudflare/tunnels/overview) or get help on Discord (https://coollabs.io/discord).) @ :27
[  241276ms] [ERROR] Coolify could not connect to its real-time service. This will cause unusual problems on the UI if not fixed! Please check the related documentation (https://coolify.io/docs/knowledge-base/cloudflare/tunnels/overview) or get help on Discord (https://coollabs.io/discord).) @ :27
[  241774ms] [ERROR] Coolify could not connect to its real-time service. This will cause unusual problems on the UI if not fixed! Please check the related documentation (https://coolify.io/docs/knowledge-base/cloudflare/tunnels/overview) or get help on Discord (https://coollabs.io/discord).) @ :27
[  242038ms] [ERROR] Coolify could not connect to its real-time service. This will cause unusual problems on the UI if not fixed! Please check the related documentation (https://coolify.io/docs/knowledge-base/cloudflare/tunnels/overview) or get help on Discord (https://coollabs.io/discord).) @ :27
[  242209ms] [ERROR] Coolify could not connect to its real-time service. This will cause unusual problems on the UI if not fixed! Please check the related documentation (https://coolify.io/docs/knowledge-base/cloudflare/tunnels/overview) or get help on Discord (https://coollabs.io/discord).) @ :27
[  243284ms] [ERROR] Coolify could not connect to its real-time service. This will cause unusual problems on the UI if not fixed! Please check the related documentation (https://coolify.io/docs/knowledge-base/cloudflare/tunnels/overview) or get help on Discord (https://coollabs.io/discord).) @ :27
[  243767ms] [ERROR] Coolify could not connect to its real-time service. This will cause unusual problems on the UI if not fixed! Please check the related documentation (https://coolify.io/docs/knowledge-base/cloudflare/tunnels/overview) or get help on Discord (https://coollabs.io/discord).) @ :27
[  244030ms] [ERROR] Coolify could not connect to its real-time service. This will cause unusual problems on the UI if not fixed! Please check the related documentation (https://coolify.io/docs/knowledge-base/cloudflare/tunnels/overview) or get help on Discord (https://coollabs.io/discord).) @ :27
[  244216ms] [ERROR] Coolify could not connect to its real-time service. This will cause unusual problems on the UI if not fixed! Please check the related documentation (https://coolify.io/docs/knowledge-base/cloudflare/tunnels/overview) or get help on Discord (https://coollabs.io/discord).) @ :27
[  245273ms] [ERROR] Coolify could not connect to its real-time service. This will cause unusual problems on the UI if not fixed! Please check the related documentation (https://coolify.io/docs/knowledge-base/cloudflare/tunnels/overview) or get help on Discord (https://coollabs.io/discord).) @ :27
[  245773ms] [ERROR] Coolify could not connect to its real-time service. This will cause unusual problems on the UI if not fixed! Please check the related documentation (https://coolify.io/docs/knowledge-base/cloudflare/tunnels/overview) or get help on Discord (https://coollabs.io/discord).) @ :27
[  246038ms] [ERROR] Coolify could not connect to its real-time service. This will cause unusual problems on the UI if not fixed! Please check the related documentation (https://coolify.io/docs/knowledge-base/cloudflare/tunnels/overview) or get help on Discord (https://coollabs.io/discord).) @ :27
[  246208ms] [ERROR] Coolify could not connect to its real-time service. This will cause unusual problems on the UI if not fixed! Please check the related documentation (https://coolify.io/docs/knowledge-base/cloudflare/tunnels/overview) or get help on Discord (https://coollabs.io/discord).) @ :27
[  247276ms] [ERROR] Coolify could not connect to its real-time service. This will cause unusual problems on the UI if not fixed! Please check the related documentation (https://coolify.io/docs/knowledge-base/cloudflare/tunnels/overview) or get help on Discord (https://coollabs.io/discord).) @ :27
[  247776ms] [ERROR] Coolify could not connect to its real-time service. This will cause unusual problems on the UI if not fixed! Please check the related documentation (https://coolify.io/docs/knowledge-base/cloudflare/tunnels/overview) or get help on Discord (https://coollabs.io/discord).) @ :27
[  248026ms] [ERROR] Coolify could not connect to its real-time service. This will cause unusual problems on the UI if not fixed! Please check the related documentation (https://coolify.io/docs/knowledge-base/cloudflare/tunnels/overview) or get help on Discord (https://coollabs.io/discord).) @ :27
[  248212ms] [ERROR] Coolify could not connect to its real-time service. This will cause unusual problems on the UI if not fixed! Please check the related documentation (https://coolify.io/docs/knowledge-base/cloudflare/tunnels/overview) or get help on Discord (https://coollabs.io/discord).) @ :27
[  248870ms] [ERROR] WebSocket connection to 'wss://192.168.178.50:6001/app/fa7c74551a1cb0547c6d58e49608f986af1492c3cdedd478c56b23d88dddf406?protocol=7&client=js&version=8.3.0&flash=false' failed: Error in connection establishment: net::ERR_CONNECTION_CLOSED @ http://192.168.178.50:8000/js/pusher.js:8
[  249283ms] [ERROR] Coolify could not connect to its real-time service. This will cause unusual problems on the UI if not fixed! Please check the related documentation (https://coolify.io/docs/knowledge-base/cloudflare/tunnels/overview) or get help on Discord (https://coollabs.io/discord).) @ :27
[  249764ms] [ERROR] Coolify could not connect to its real-time service. This will cause unusual problems on the UI if not fixed! Please check the related documentation (https://coolify.io/docs/knowledge-base/cloudflare/tunnels/overview) or get help on Discord (https://coollabs.io/discord).) @ :27
[  250027ms] [ERROR] Coolify could not connect to its real-time service. This will cause unusual problems on the UI if not fixed! Please check the related documentation (https://coolify.io/docs/knowledge-base/cloudflare/tunnels/overview) or get help on Discord (https://coollabs.io/discord).) @ :27
[  250215ms] [ERROR] Coolify could not connect to its real-time service. This will cause unusual problems on the UI if not fixed! Please check the related documentation (https://coolify.io/docs/knowledge-base/cloudflare/tunnels/overview) or get help on Discord (https://coollabs.io/discord).) @ :27
[  251275ms] [ERROR] Coolify could not connect to its real-time service. This will cause unusual problems on the UI if not fixed! Please check the related documentation (https://coolify.io/docs/knowledge-base/cloudflare/tunnels/overview) or get help on Discord (https://coollabs.io/discord).) @ :27
[  251772ms] [ERROR] Coolify could not connect to its real-time service. This will cause unusual problems on the UI if not fixed! Please check the related documentation (https://coolify.io/docs/knowledge-base/cloudflare/tunnels/overview) or get help on Discord (https://coollabs.io/discord).) @ :27
[  252036ms] [ERROR] Coolify could not connect to its real-time service. This will cause unusual problems on the UI if not fixed! Please check the related documentation (https://coolify.io/docs/knowledge-base/cloudflare/tunnels/overview) or get help on Discord (https://coollabs.io/discord).) @ :27
[  252207ms] [ERROR] Coolify could not connect to its real-time service. This will cause unusual problems on the UI if not fixed! Please check the related documentation (https://coolify.io/docs/knowledge-base/cloudflare/tunnels/overview) or get help on Discord (https://coollabs.io/discord).) @ :27
[  253281ms] [ERROR] Coolify could not connect to its real-time service. This will cause unusual problems on the UI if not fixed! Please check the related documentation (https://coolify.io/docs/knowledge-base/cloudflare/tunnels/overview) or get help on Discord (https://coollabs.io/discord).) @ :27
[  253764ms] [ERROR] Coolify could not connect to its real-time service. This will cause unusual problems on the UI if not fixed! Please check the related documentation (https://coolify.io/docs/knowledge-base/cloudflare/tunnels/overview) or get help on Discord (https://coollabs.io/discord).) @ :27
[  254029ms] [ERROR] Coolify could not connect to its real-time service. This will cause unusual problems on the UI if not fixed! Please check the related documentation (https://coolify.io/docs/knowledge-base/cloudflare/tunnels/overview) or get help on Discord (https://coollabs.io/discord).) @ :27
[  254218ms] [ERROR] Coolify could not connect to its real-time service. This will cause unusual problems on the UI if not fixed! Please check the related documentation (https://coolify.io/docs/knowledge-base/cloudflare/tunnels/overview) or get help on Discord (https://coollabs.io/discord).) @ :27
[  255274ms] [ERROR] Coolify could not connect to its real-time service. This will cause unusual problems on the UI if not fixed! Please check the related documentation (https://coolify.io/docs/knowledge-base/cloudflare/tunnels/overview) or get help on Discord (https://coollabs.io/discord).) @ :27
[  255770ms] [ERROR] Coolify could not connect to its real-time service. This will cause unusual problems on the UI if not fixed! Please check the related documentation (https://coolify.io/docs/knowledge-base/cloudflare/tunnels/overview) or get help on Discord (https://coollabs.io/discord).) @ :27
[  256034ms] [ERROR] Coolify could not connect to its real-time service. This will cause unusual problems on the UI if not fixed! Please check the related documentation (https://coolify.io/docs/knowledge-base/cloudflare/tunnels/overview) or get help on Discord (https://coollabs.io/discord).) @ :27
[  256205ms] [ERROR] Coolify could not connect to its real-time service. This will cause unusual problems on the UI if not fixed! Please check the related documentation (https://coolify.io/docs/knowledge-base/cloudflare/tunnels/overview) or get help on Discord (https://coollabs.io/discord).) @ :27
[  257279ms] [ERROR] Coolify could not connect to its real-time service. This will cause unusual problems on the UI if not fixed! Please check the related documentation (https://coolify.io/docs/knowledge-base/cloudflare/tunnels/overview) or get help on Discord (https://coollabs.io/discord).) @ :27
[  257777ms] [ERROR] Coolify could not connect to its real-time service. This will cause unusual problems on the UI if not fixed! Please check the related documentation (https://coolify.io/docs/knowledge-base/cloudflare/tunnels/overview) or get help on Discord (https://coollabs.io/discord).) @ :27
[  258025ms] [ERROR] Coolify could not connect to its real-time service. This will cause unusual problems on the UI if not fixed! Please check the related documentation (https://coolify.io/docs/knowledge-base/cloudflare/tunnels/overview) or get help on Discord (https://coollabs.io/discord).) @ :27
[  258210ms] [ERROR] Coolify could not connect to its real-time service. This will cause unusual problems on the UI if not fixed! Please check the related documentation (https://coolify.io/docs/knowledge-base/cloudflare/tunnels/overview) or get help on Discord (https://coollabs.io/discord).) @ :27
[  259286ms] [ERROR] Coolify could not connect to its real-time service. This will cause unusual problems on the UI if not fixed! Please check the related documentation (https://coolify.io/docs/knowledge-base/cloudflare/tunnels/overview) or get help on Discord (https://coollabs.io/discord).) @ :27
[  259768ms] [ERROR] Coolify could not connect to its real-time service. This will cause unusual problems on the UI if not fixed! Please check the related documentation (https://coolify.io/docs/knowledge-base/cloudflare/tunnels/overview) or get help on Discord (https://coollabs.io/discord).) @ :27
[  260031ms] [ERROR] Coolify could not connect to its real-time service. This will cause unusual problems on the UI if not fixed! Please check the related documentation (https://coolify.io/docs/knowledge-base/cloudflare/tunnels/overview) or get help on Discord (https://coollabs.io/discord).) @ :27
[  260219ms] [ERROR] Coolify could not connect to its real-time service. This will cause unusual problems on the UI if not fixed! Please check the related documentation (https://coolify.io/docs/knowledge-base/cloudflare/tunnels/overview) or get help on Discord (https://coollabs.io/discord).) @ :27
[  261275ms] [ERROR] Coolify could not connect to its real-time service. This will cause unusual problems on the UI if not fixed! Please check the related documentation (https://coolify.io/docs/knowledge-base/cloudflare/tunnels/overview) or get help on Discord (https://coollabs.io/discord).) @ :27
[  261772ms] [ERROR] Coolify could not connect to its real-time service. This will cause unusual problems on the UI if not fixed! Please check the related documentation (https://coolify.io/docs/knowledge-base/cloudflare/tunnels/overview) or get help on Discord (https://coollabs.io/discord).) @ :27
[  262035ms] [ERROR] Coolify could not connect to its real-time service. This will cause unusual problems on the UI if not fixed! Please check the related documentation (https://coolify.io/docs/knowledge-base/cloudflare/tunnels/overview) or get help on Discord (https://coollabs.io/discord).) @ :27
[  262205ms] [ERROR] Coolify could not connect to its real-time service. This will cause unusual problems on the UI if not fixed! Please check the related documentation (https://coolify.io/docs/knowledge-base/cloudflare/tunnels/overview) or get help on Discord (https://coollabs.io/discord).) @ :27
[  263277ms] [ERROR] Coolify could not connect to its real-time service. This will cause unusual problems on the UI if not fixed! Please check the related documentation (https://coolify.io/docs/knowledge-base/cloudflare/tunnels/overview) or get help on Discord (https://coollabs.io/discord).) @ :27
[  263775ms] [ERROR] Coolify could not connect to its real-time service. This will cause unusual problems on the UI if not fixed! Please check the related documentation (https://coolify.io/docs/knowledge-base/cloudflare/tunnels/overview) or get help on Discord (https://coollabs.io/discord).) @ :27
[  264025ms] [ERROR] Coolify could not connect to its real-time service. This will cause unusual problems on the UI if not fixed! Please check the related documentation (https://coolify.io/docs/knowledge-base/cloudflare/tunnels/overview) or get help on Discord (https://coollabs.io/discord).) @ :27
[  264210ms] [ERROR] Coolify could not connect to its real-time service. This will cause unusual problems on the UI if not fixed! Please check the related documentation (https://coolify.io/docs/knowledge-base/cloudflare/tunnels/overview) or get help on Discord (https://coollabs.io/discord).) @ :27
[  265281ms] [ERROR] Coolify could not connect to its real-time service. This will cause unusual problems on the UI if not fixed! Please check the related documentation (https://coolify.io/docs/knowledge-base/cloudflare/tunnels/overview) or get help on Discord (https://coollabs.io/discord).) @ :27
[  265766ms] [ERROR] Coolify could not connect to its real-time service. This will cause unusual problems on the UI if not fixed! Please check the related documentation (https://coolify.io/docs/knowledge-base/cloudflare/tunnels/overview) or get help on Discord (https://coollabs.io/discord).) @ :27
[  266030ms] [ERROR] Coolify could not connect to its real-time service. This will cause unusual problems on the UI if not fixed! Please check the related documentation (https://coolify.io/docs/knowledge-base/cloudflare/tunnels/overview) or get help on Discord (https://coollabs.io/discord).) @ :27
[  266218ms] [ERROR] Coolify could not connect to its real-time service. This will cause unusual problems on the UI if not fixed! Please check the related documentation (https://coolify.io/docs/knowledge-base/cloudflare/tunnels/overview) or get help on Discord (https://coollabs.io/discord).) @ :27
[  267277ms] [ERROR] Coolify could not connect to its real-time service. This will cause unusual problems on the UI if not fixed! Please check the related documentation (https://coolify.io/docs/knowledge-base/cloudflare/tunnels/overview) or get help on Discord (https://coollabs.io/discord).) @ :27
[  267775ms] [ERROR] Coolify could not connect to its real-time service. This will cause unusual problems on the UI if not fixed! Please check the related documentation (https://coolify.io/docs/knowledge-base/cloudflare/tunnels/overview) or get help on Discord (https://coollabs.io/discord).) @ :27
[  268038ms] [ERROR] Coolify could not connect to its real-time service. This will cause unusual problems on the UI if not fixed! Please check the related documentation (https://coolify.io/docs/knowledge-base/cloudflare/tunnels/overview) or get help on Discord (https://coollabs.io/discord).) @ :27
[  268210ms] [ERROR] Coolify could not connect to its real-time service. This will cause unusual problems on the UI if not fixed! Please check the related documentation (https://coolify.io/docs/knowledge-base/cloudflare/tunnels/overview) or get help on Discord (https://coollabs.io/discord).) @ :27
[  269283ms] [ERROR] Coolify could not connect to its real-time service. This will cause unusual problems on the UI if not fixed! Please check the related documentation (https://coolify.io/docs/knowledge-base/cloudflare/tunnels/overview) or get help on Discord (https://coollabs.io/discord).) @ :27
[  269764ms] [ERROR] Coolify could not connect to its real-time service. This will cause unusual problems on the UI if not fixed! Please check the related documentation (https://coolify.io/docs/knowledge-base/cloudflare/tunnels/overview) or get help on Discord (https://coollabs.io/discord).) @ :27
[  270028ms] [ERROR] Coolify could not connect to its real-time service. This will cause unusual problems on the UI if not fixed! Please check the related documentation (https://coolify.io/docs/knowledge-base/cloudflare/tunnels/overview) or get help on Discord (https://coollabs.io/discord).) @ :27
[  270214ms] [ERROR] Coolify could not connect to its real-time service. This will cause unusual problems on the UI if not fixed! Please check the related documentation (https://coolify.io/docs/knowledge-base/cloudflare/tunnels/overview) or get help on Discord (https://coollabs.io/discord).) @ :27
[  271274ms] [ERROR] Coolify could not connect to its real-time service. This will cause unusual problems on the UI if not fixed! Please check the related documentation (https://coolify.io/docs/knowledge-base/cloudflare/tunnels/overview) or get help on Discord (https://coollabs.io/discord).) @ :27
[  271770ms] [ERROR] Coolify could not connect to its real-time service. This will cause unusual problems on the UI if not fixed! Please check the related documentation (https://coolify.io/docs/knowledge-base/cloudflare/tunnels/overview) or get help on Discord (https://coollabs.io/discord).) @ :27
[  272038ms] [ERROR] Coolify could not connect to its real-time service. This will cause unusual problems on the UI if not fixed! Please check the related documentation (https://coolify.io/docs/knowledge-base/cloudflare/tunnels/overview) or get help on Discord (https://coollabs.io/discord).) @ :27
[  272207ms] [ERROR] Coolify could not connect to its real-time service. This will cause unusual problems on the UI if not fixed! Please check the related documentation (https://coolify.io/docs/knowledge-base/cloudflare/tunnels/overview) or get help on Discord (https://coollabs.io/discord).) @ :27
[  273282ms] [ERROR] Coolify could not connect to its real-time service. This will cause unusual problems on the UI if not fixed! Please check the related documentation (https://coolify.io/docs/knowledge-base/cloudflare/tunnels/overview) or get help on Discord (https://coollabs.io/discord).) @ :27
[  273777ms] [ERROR] Coolify could not connect to its real-time service. This will cause unusual problems on the UI if not fixed! Please check the related documentation (https://coolify.io/docs/knowledge-base/cloudflare/tunnels/overview) or get help on Discord (https://coollabs.io/discord).) @ :27
[  274027ms] [ERROR] Coolify could not connect to its real-time service. This will cause unusual problems on the UI if not fixed! Please check the related documentation (https://coolify.io/docs/knowledge-base/cloudflare/tunnels/overview) or get help on Discord (https://coollabs.io/discord).) @ :27
[  274214ms] [ERROR] Coolify could not connect to its real-time service. This will cause unusual problems on the UI if not fixed! Please check the related documentation (https://coolify.io/docs/knowledge-base/cloudflare/tunnels/overview) or get help on Discord (https://coollabs.io/discord).) @ :27
[  275272ms] [ERROR] Coolify could not connect to its real-time service. This will cause unusual problems on the UI if not fixed! Please check the related documentation (https://coolify.io/docs/knowledge-base/cloudflare/tunnels/overview) or get help on Discord (https://coollabs.io/discord).) @ :27
[  275766ms] [ERROR] Coolify could not connect to its real-time service. This will cause unusual problems on the UI if not fixed! Please check the related documentation (https://coolify.io/docs/knowledge-base/cloudflare/tunnels/overview) or get help on Discord (https://coollabs.io/discord).) @ :27
[  276032ms] [ERROR] Coolify could not connect to its real-time service. This will cause unusual problems on the UI if not fixed! Please check the related documentation (https://coolify.io/docs/knowledge-base/cloudflare/tunnels/overview) or get help on Discord (https://coollabs.io/discord).) @ :27
[  276220ms] [ERROR] Coolify could not connect to its real-time service. This will cause unusual problems on the UI if not fixed! Please check the related documentation (https://coolify.io/docs/knowledge-base/cloudflare/tunnels/overview) or get help on Discord (https://coollabs.io/discord).) @ :27
[  277276ms] [ERROR] Coolify could not connect to its real-time service. This will cause unusual problems on the UI if not fixed! Please check the related documentation (https://coolify.io/docs/knowledge-base/cloudflare/tunnels/overview) or get help on Discord (https://coollabs.io/discord).) @ :27
[  277774ms] [ERROR] Coolify could not connect to its real-time service. This will cause unusual problems on the UI if not fixed! Please check the related documentation (https://coolify.io/docs/knowledge-base/cloudflare/tunnels/overview) or get help on Discord (https://coollabs.io/discord).) @ :27
[  278040ms] [ERROR] Coolify could not connect to its real-time service. This will cause unusual problems on the UI if not fixed! Please check the related documentation (https://coolify.io/docs/knowledge-base/cloudflare/tunnels/overview) or get help on Discord (https://coollabs.io/discord).) @ :27
[  278210ms] [ERROR] Coolify could not connect to its real-time service. This will cause unusual problems on the UI if not fixed! Please check the related documentation (https://coolify.io/docs/knowledge-base/cloudflare/tunnels/overview) or get help on Discord (https://coollabs.io/discord).) @ :27
[  279285ms] [ERROR] Coolify could not connect to its real-time service. This will cause unusual problems on the UI if not fixed! Please check the related documentation (https://coolify.io/docs/knowledge-base/cloudflare/tunnels/overview) or get help on Discord (https://coollabs.io/discord).) @ :27
[  279767ms] [ERROR] Coolify could not connect to its real-time service. This will cause unusual problems on the UI if not fixed! Please check the related documentation (https://coolify.io/docs/knowledge-base/cloudflare/tunnels/overview) or get help on Discord (https://coollabs.io/discord).) @ :27
[  280029ms] [ERROR] Coolify could not connect to its real-time service. This will cause unusual problems on the UI if not fixed! Please check the related documentation (https://coolify.io/docs/knowledge-base/cloudflare/tunnels/overview) or get help on Discord (https://coollabs.io/discord).) @ :27
[  280215ms] [ERROR] Coolify could not connect to its real-time service. This will cause unusual problems on the UI if not fixed! Please check the related documentation (https://coolify.io/docs/knowledge-base/cloudflare/tunnels/overview) or get help on Discord (https://coollabs.io/discord).) @ :27
[  281277ms] [ERROR] Coolify could not connect to its real-time service. This will cause unusual problems on the UI if not fixed! Please check the related documentation (https://coolify.io/docs/knowledge-base/cloudflare/tunnels/overview) or get help on Discord (https://coollabs.io/discord).) @ :27
[  281777ms] [ERROR] Coolify could not connect to its real-time service. This will cause unusual problems on the UI if not fixed! Please check the related documentation (https://coolify.io/docs/knowledge-base/cloudflare/tunnels/overview) or get help on Discord (https://coollabs.io/discord).) @ :27
[  282028ms] [ERROR] Coolify could not connect to its real-time service. This will cause unusual problems on the UI if not fixed! Please check the related documentation (https://coolify.io/docs/knowledge-base/cloudflare/tunnels/overview) or get help on Discord (https://coollabs.io/discord).) @ :27
[  282213ms] [ERROR] Coolify could not connect to its real-time service. This will cause unusual problems on the UI if not fixed! Please check the related documentation (https://coolify.io/docs/knowledge-base/cloudflare/tunnels/overview) or get help on Discord (https://coollabs.io/discord).) @ :27
[  283283ms] [ERROR] Coolify could not connect to its real-time service. This will cause unusual problems on the UI if not fixed! Please check the related documentation (https://coolify.io/docs/knowledge-base/cloudflare/tunnels/overview) or get help on Discord (https://coollabs.io/discord).) @ :27
[  283765ms] [ERROR] Coolify could not connect to its real-time service. This will cause unusual problems on the UI if not fixed! Please check the related documentation (https://coolify.io/docs/knowledge-base/cloudflare/tunnels/overview) or get help on Discord (https://coollabs.io/discord).) @ :27
[  284031ms] [ERROR] Coolify could not connect to its real-time service. This will cause unusual problems on the UI if not fixed! Please check the related documentation (https://coolify.io/docs/knowledge-base/cloudflare/tunnels/overview) or get help on Discord (https://coollabs.io/discord).) @ :27
[  284217ms] [ERROR] Coolify could not connect to its real-time service. This will cause unusual problems on the UI if not fixed! Please check the related documentation (https://coolify.io/docs/knowledge-base/cloudflare/tunnels/overview) or get help on Discord (https://coollabs.io/discord).) @ :27
[  285273ms] [ERROR] Coolify could not connect to its real-time service. This will cause unusual problems on the UI if not fixed! Please check the related documentation (https://coolify.io/docs/knowledge-base/cloudflare/tunnels/overview) or get help on Discord (https://coollabs.io/discord).) @ :27
[  285769ms] [ERROR] Coolify could not connect to its real-time service. This will cause unusual problems on the UI if not fixed! Please check the related documentation (https://coolify.io/docs/knowledge-base/cloudflare/tunnels/overview) or get help on Discord (https://coollabs.io/discord).) @ :27
[  286035ms] [ERROR] Coolify could not connect to its real-time service. This will cause unusual problems on the UI if not fixed! Please check the related documentation (https://coolify.io/docs/knowledge-base/cloudflare/tunnels/overview) or get help on Discord (https://coollabs.io/discord).) @ :27
[  286206ms] [ERROR] Coolify could not connect to its real-time service. This will cause unusual problems on the UI if not fixed! Please check the related documentation (https://coolify.io/docs/knowledge-base/cloudflare/tunnels/overview) or get help on Discord (https://coollabs.io/discord).) @ :27
[  286722ms] [ERROR] WebSocket connection to 'ws://192.168.178.50:6001/app/fa7c74551a1cb0547c6d58e49608f986af1492c3cdedd478c56b23d88dddf406?protocol=7&client=js&version=8.3.0&flash=false' failed: Connection closed before receiving a handshake response @ http://192.168.178.50:8000/js/pusher.js:8
[  287277ms] [ERROR] Coolify could not connect to its real-time service. This will cause unusual problems on the UI if not fixed! Please check the related documentation (https://coolify.io/docs/knowledge-base/cloudflare/tunnels/overview) or get help on Discord (https://coollabs.io/discord).) @ :27
[  287769ms] [ERROR] Coolify could not connect to its real-time service. This will cause unusual problems on the UI if not fixed! Please check the related documentation (https://coolify.io/docs/knowledge-base/cloudflare/tunnels/overview) or get help on Discord (https://coollabs.io/discord).) @ :27
[  288036ms] [ERROR] Coolify could not connect to its real-time service. This will cause unusual problems on the UI if not fixed! Please check the related documentation (https://coolify.io/docs/knowledge-base/cloudflare/tunnels/overview) or get help on Discord (https://coollabs.io/discord).) @ :27
[  288205ms] [ERROR] Coolify could not connect to its real-time service. This will cause unusual problems on the UI if not fixed! Please check the related documentation (https://coolify.io/docs/knowledge-base/cloudflare/tunnels/overview) or get help on Discord (https://coollabs.io/discord).) @ :27
[  289278ms] [ERROR] Coolify could not connect to its real-time service. This will cause unusual problems on the UI if not fixed! Please check the related documentation (https://coolify.io/docs/knowledge-base/cloudflare/tunnels/overview) or get help on Discord (https://coollabs.io/discord).) @ :27
[  289774ms] [ERROR] Coolify could not connect to its real-time service. This will cause unusual problems on the UI if not fixed! Please check the related documentation (https://coolify.io/docs/knowledge-base/cloudflare/tunnels/overview) or get help on Discord (https://coollabs.io/discord).) @ :27
[  290039ms] [ERROR] Coolify could not connect to its real-time service. This will cause unusual problems on the UI if not fixed! Please check the related documentation (https://coolify.io/docs/knowledge-base/cloudflare/tunnels/overview) or get help on Discord (https://coollabs.io/discord).) @ :27
[  290211ms] [ERROR] Coolify could not connect to its real-time service. This will cause unusual problems on the UI if not fixed! Please check the related documentation (https://coolify.io/docs/knowledge-base/cloudflare/tunnels/overview) or get help on Discord (https://coollabs.io/discord).) @ :27
[  291285ms] [ERROR] Coolify could not connect to its real-time service. This will cause unusual problems on the UI if not fixed! Please check the related documentation (https://coolify.io/docs/knowledge-base/cloudflare/tunnels/overview) or get help on Discord (https://coollabs.io/discord).) @ :27
[  291765ms] [ERROR] Coolify could not connect to its real-time service. This will cause unusual problems on the UI if not fixed! Please check the related documentation (https://coolify.io/docs/knowledge-base/cloudflare/tunnels/overview) or get help on Discord (https://coollabs.io/discord).) @ :27
[  292030ms] [ERROR] Coolify could not connect to its real-time service. This will cause unusual problems on the UI if not fixed! Please check the related documentation (https://coolify.io/docs/knowledge-base/cloudflare/tunnels/overview) or get help on Discord (https://coollabs.io/discord).) @ :27
[  292205ms] [ERROR] Coolify could not connect to its real-time service. This will cause unusual problems on the UI if not fixed! Please check the related documentation (https://coolify.io/docs/knowledge-base/cloudflare/tunnels/overview) or get help on Discord (https://coollabs.io/discord).) @ :27
[  293276ms] [ERROR] Coolify could not connect to its real-time service. This will cause unusual problems on the UI if not fixed! Please check the related documentation (https://coolify.io/docs/knowledge-base/cloudflare/tunnels/overview) or get help on Discord (https://coollabs.io/discord).) @ :27
[  293775ms] [ERROR] Coolify could not connect to its real-time service. This will cause unusual problems on the UI if not fixed! Please check the related documentation (https://coolify.io/docs/knowledge-base/cloudflare/tunnels/overview) or get help on Discord (https://coollabs.io/discord).) @ :27
[  294040ms] [ERROR] Coolify could not connect to its real-time service. This will cause unusual problems on the UI if not fixed! Please check the related documentation (https://coolify.io/docs/knowledge-base/cloudflare/tunnels/overview) or get help on Discord (https://coollabs.io/discord).) @ :27
[  294212ms] [ERROR] Coolify could not connect to its real-time service. This will cause unusual problems on the UI if not fixed! Please check the related documentation (https://coolify.io/docs/knowledge-base/cloudflare/tunnels/overview) or get help on Discord (https://coollabs.io/discord).) @ :27
[  295285ms] [ERROR] Coolify could not connect to its real-time service. This will cause unusual problems on the UI if not fixed! Please check the related documentation (https://coolify.io/docs/knowledge-base/cloudflare/tunnels/overview) or get help on Discord (https://coollabs.io/discord).) @ :27
[  295769ms] [ERROR] Coolify could not connect to its real-time service. This will cause unusual problems on the UI if not fixed! Please check the related documentation (https://coolify.io/docs/knowledge-base/cloudflare/tunnels/overview) or get help on Discord (https://coollabs.io/discord).) @ :27
[  296032ms] [ERROR] Coolify could not connect to its real-time service. This will cause unusual problems on the UI if not fixed! Please check the related documentation (https://coolify.io/docs/knowledge-base/cloudflare/tunnels/overview) or get help on Discord (https://coollabs.io/discord).) @ :27
[  296218ms] [ERROR] Coolify could not connect to its real-time service. This will cause unusual problems on the UI if not fixed! Please check the related documentation (https://coolify.io/docs/knowledge-base/cloudflare/tunnels/overview) or get help on Discord (https://coollabs.io/discord).) @ :27
[  297276ms] [ERROR] Coolify could not connect to its real-time service. This will cause unusual problems on the UI if not fixed! Please check the related documentation (https://coolify.io/docs/knowledge-base/cloudflare/tunnels/overview) or get help on Discord (https://coollabs.io/discord).) @ :27
[  297772ms] [ERROR] Coolify could not connect to its real-time service. This will cause unusual problems on the UI if not fixed! Please check the related documentation (https://coolify.io/docs/knowledge-base/cloudflare/tunnels/overview) or get help on Discord (https://coollabs.io/discord).) @ :27
[  298036ms] [ERROR] Coolify could not connect to its real-time service. This will cause unusual problems on the UI if not fixed! Please check the related documentation (https://coolify.io/docs/knowledge-base/cloudflare/tunnels/overview) or get help on Discord (https://coollabs.io/discord).) @ :27
[  298207ms] [ERROR] Coolify could not connect to its real-time service. This will cause unusual problems on the UI if not fixed! Please check the related documentation (https://coolify.io/docs/knowledge-base/cloudflare/tunnels/overview) or get help on Discord (https://coollabs.io/discord).) @ :27
[  299278ms] [ERROR] Coolify could not connect to its real-time service. This will cause unusual problems on the UI if not fixed! Please check the related documentation (https://coolify.io/docs/knowledge-base/cloudflare/tunnels/overview) or get help on Discord (https://coollabs.io/discord).) @ :27
[  299777ms] [ERROR] Coolify could not connect to its real-time service. This will cause unusual problems on the UI if not fixed! Please check the related documentation (https://coolify.io/docs/knowledge-base/cloudflare/tunnels/overview) or get help on Discord (https://coollabs.io/discord).) @ :27
[  300040ms] [ERROR] Coolify could not connect to its real-time service. This will cause unusual problems on the UI if not fixed! Please check the related documentation (https://coolify.io/docs/knowledge-base/cloudflare/tunnels/overview) or get help on Discord (https://coollabs.io/discord).) @ :27
[  300212ms] [ERROR] Coolify could not connect to its real-time service. This will cause unusual problems on the UI if not fixed! Please check the related documentation (https://coolify.io/docs/knowledge-base/cloudflare/tunnels/overview) or get help on Discord (https://coollabs.io/discord).) @ :27
[  301274ms] [ERROR] Coolify could not connect to its real-time service. This will cause unusual problems on the UI if not fixed! Please check the related documentation (https://coolify.io/docs/knowledge-base/cloudflare/tunnels/overview) or get help on Discord (https://coollabs.io/discord).) @ :27
[  301772ms] [ERROR] Coolify could not connect to its real-time service. This will cause unusual problems on the UI if not fixed! Please check the related documentation (https://coolify.io/docs/knowledge-base/cloudflare/tunnels/overview) or get help on Discord (https://coollabs.io/discord).) @ :27
[  302036ms] [ERROR] Coolify could not connect to its real-time service. This will cause unusual problems on the UI if not fixed! Please check the related documentation (https://coolify.io/docs/knowledge-base/cloudflare/tunnels/overview) or get help on Discord (https://coollabs.io/discord).) @ :27
[  302221ms] [ERROR] Coolify could not connect to its real-time service. This will cause unusual problems on the UI if not fixed! Please check the related documentation (https://coolify.io/docs/knowledge-base/cloudflare/tunnels/overview) or get help on Discord (https://coollabs.io/discord).) @ :27
[  303278ms] [ERROR] Coolify could not connect to its real-time service. This will cause unusual problems on the UI if not fixed! Please check the related documentation (https://coolify.io/docs/knowledge-base/cloudflare/tunnels/overview) or get help on Discord (https://coollabs.io/discord).) @ :27
[  303778ms] [ERROR] Coolify could not connect to its real-time service. This will cause unusual problems on the UI if not fixed! Please check the related documentation (https://coolify.io/docs/knowledge-base/cloudflare/tunnels/overview) or get help on Discord (https://coollabs.io/discord).) @ :27
[  304025ms] [ERROR] Coolify could not connect to its real-time service. This will cause unusual problems on the UI if not fixed! Please check the related documentation (https://coolify.io/docs/knowledge-base/cloudflare/tunnels/overview) or get help on Discord (https://coollabs.io/discord).) @ :27
[  304210ms] [ERROR] Coolify could not connect to its real-time service. This will cause unusual problems on the UI if not fixed! Please check the related documentation (https://coolify.io/docs/knowledge-base/cloudflare/tunnels/overview) or get help on Discord (https://coollabs.io/discord).) @ :27
[  305281ms] [ERROR] Coolify could not connect to its real-time service. This will cause unusual problems on the UI if not fixed! Please check the related documentation (https://coolify.io/docs/knowledge-base/cloudflare/tunnels/overview) or get help on Discord (https://coollabs.io/discord).) @ :27
[  305777ms] [ERROR] Coolify could not connect to its real-time service. This will cause unusual problems on the UI if not fixed! Please check the related documentation (https://coolify.io/docs/knowledge-base/cloudflare/tunnels/overview) or get help on Discord (https://coollabs.io/discord).) @ :27
[  306040ms] [ERROR] Coolify could not connect to its real-time service. This will cause unusual problems on the UI if not fixed! Please check the related documentation (https://coolify.io/docs/knowledge-base/cloudflare/tunnels/overview) or get help on Discord (https://coollabs.io/discord).) @ :27
[  306211ms] [ERROR] Coolify could not connect to its real-time service. This will cause unusual problems on the UI if not fixed! Please check the related documentation (https://coolify.io/docs/knowledge-base/cloudflare/tunnels/overview) or get help on Discord (https://coollabs.io/discord).) @ :27
[  307271ms] [ERROR] Coolify could not connect to its real-time service. This will cause unusual problems on the UI if not fixed! Please check the related documentation (https://coolify.io/docs/knowledge-base/cloudflare/tunnels/overview) or get help on Discord (https://coollabs.io/discord).) @ :27
[  307769ms] [ERROR] Coolify could not connect to its real-time service. This will cause unusual problems on the UI if not fixed! Please check the related documentation (https://coolify.io/docs/knowledge-base/cloudflare/tunnels/overview) or get help on Discord (https://coollabs.io/discord).) @ :27
[  308035ms] [ERROR] Coolify could not connect to its real-time service. This will cause unusual problems on the UI if not fixed! Please check the related documentation (https://coolify.io/docs/knowledge-base/cloudflare/tunnels/overview) or get help on Discord (https://coollabs.io/discord).) @ :27
[  308220ms] [ERROR] Coolify could not connect to its real-time service. This will cause unusual problems on the UI if not fixed! Please check the related documentation (https://coolify.io/docs/knowledge-base/cloudflare/tunnels/overview) or get help on Discord (https://coollabs.io/discord).) @ :27
[  308869ms] [ERROR] WebSocket connection to 'wss://192.168.178.50:6001/app/fa7c74551a1cb0547c6d58e49608f986af1492c3cdedd478c56b23d88dddf406?protocol=7&client=js&version=8.3.0&flash=false' failed: Error in connection establishment: net::ERR_CONNECTION_CLOSED @ http://192.168.178.50:8000/js/pusher.js:8
[  309279ms] [ERROR] Coolify could not connect to its real-time service. This will cause unusual problems on the UI if not fixed! Please check the related documentation (https://coolify.io/docs/knowledge-base/cloudflare/tunnels/overview) or get help on Discord (https://coollabs.io/discord).) @ :27
[  309776ms] [ERROR] Coolify could not connect to its real-time service. This will cause unusual problems on the UI if not fixed! Please check the related documentation (https://coolify.io/docs/knowledge-base/cloudflare/tunnels/overview) or get help on Discord (https://coollabs.io/discord).) @ :27
[  310039ms] [ERROR] Coolify could not connect to its real-time service. This will cause unusual problems on the UI if not fixed! Please check the related documentation (https://coolify.io/docs/knowledge-base/cloudflare/tunnels/overview) or get help on Discord (https://coollabs.io/discord).) @ :27
[  310211ms] [ERROR] Coolify could not connect to its real-time service. This will cause unusual problems on the UI if not fixed! Please check the related documentation (https://coolify.io/docs/knowledge-base/cloudflare/tunnels/overview) or get help on Discord (https://coollabs.io/discord).) @ :27
[  311282ms] [ERROR] Coolify could not connect to its real-time service. This will cause unusual problems on the UI if not fixed! Please check the related documentation (https://coolify.io/docs/knowledge-base/cloudflare/tunnels/overview) or get help on Discord (https://coollabs.io/discord).) @ :27
[  311778ms] [ERROR] Coolify could not connect to its real-time service. This will cause unusual problems on the UI if not fixed! Please check the related documentation (https://coolify.io/docs/knowledge-base/cloudflare/tunnels/overview) or get help on Discord (https://coollabs.io/discord).) @ :27
[  312027ms] [ERROR] Coolify could not connect to its real-time service. This will cause unusual problems on the UI if not fixed! Please check the related documentation (https://coolify.io/docs/knowledge-base/cloudflare/tunnels/overview) or get help on Discord (https://coollabs.io/discord).) @ :27
[  312206ms] [ERROR] Coolify could not connect to its real-time service. This will cause unusual problems on the UI if not fixed! Please check the related documentation (https://coolify.io/docs/knowledge-base/cloudflare/tunnels/overview) or get help on Discord (https://coollabs.io/discord).) @ :27
[  313284ms] [ERROR] Coolify could not connect to its real-time service. This will cause unusual problems on the UI if not fixed! Please check the related documentation (https://coolify.io/docs/knowledge-base/cloudflare/tunnels/overview) or get help on Discord (https://coollabs.io/discord).) @ :27
[  313766ms] [ERROR] Coolify could not connect to its real-time service. This will cause unusual problems on the UI if not fixed! Please check the related documentation (https://coolify.io/docs/knowledge-base/cloudflare/tunnels/overview) or get help on Discord (https://coollabs.io/discord).) @ :27
[  314029ms] [ERROR] Coolify could not connect to its real-time service. This will cause unusual problems on the UI if not fixed! Please check the related documentation (https://coolify.io/docs/knowledge-base/cloudflare/tunnels/overview) or get help on Discord (https://coollabs.io/discord).) @ :27
[  314215ms] [ERROR] Coolify could not connect to its real-time service. This will cause unusual problems on the UI if not fixed! Please check the related documentation (https://coolify.io/docs/knowledge-base/cloudflare/tunnels/overview) or get help on Discord (https://coollabs.io/discord).) @ :27
[  315272ms] [ERROR] Coolify could not connect to its real-time service. This will cause unusual problems on the UI if not fixed! Please check the related documentation (https://coolify.io/docs/knowledge-base/cloudflare/tunnels/overview) or get help on Discord (https://coollabs.io/discord).) @ :27
[  315770ms] [ERROR] Coolify could not connect to its real-time service. This will cause unusual problems on the UI if not fixed! Please check the related documentation (https://coolify.io/docs/knowledge-base/cloudflare/tunnels/overview) or get help on Discord (https://coollabs.io/discord).) @ :27
[  316034ms] [ERROR] Coolify could not connect to its real-time service. This will cause unusual problems on the UI if not fixed! Please check the related documentation (https://coolify.io/docs/knowledge-base/cloudflare/tunnels/overview) or get help on Discord (https://coollabs.io/discord).) @ :27
[  316206ms] [ERROR] Coolify could not connect to its real-time service. This will cause unusual problems on the UI if not fixed! Please check the related documentation (https://coolify.io/docs/knowledge-base/cloudflare/tunnels/overview) or get help on Discord (https://coollabs.io/discord).) @ :27
[  317278ms] [ERROR] Coolify could not connect to its real-time service. This will cause unusual problems on the UI if not fixed! Please check the related documentation (https://coolify.io/docs/knowledge-base/cloudflare/tunnels/overview) or get help on Discord (https://coollabs.io/discord).) @ :27
[  317778ms] [ERROR] Coolify could not connect to its real-time service. This will cause unusual problems on the UI if not fixed! Please check the related documentation (https://coolify.io/docs/knowledge-base/cloudflare/tunnels/overview) or get help on Discord (https://coollabs.io/discord).) @ :27
[  318039ms] [ERROR] Coolify could not connect to its real-time service. This will cause unusual problems on the UI if not fixed! Please check the related documentation (https://coolify.io/docs/knowledge-base/cloudflare/tunnels/overview) or get help on Discord (https://coollabs.io/discord).) @ :27
[  318210ms] [ERROR] Coolify could not connect to its real-time service. This will cause unusual problems on the UI if not fixed! Please check the related documentation (https://coolify.io/docs/knowledge-base/cloudflare/tunnels/overview) or get help on Discord (https://coollabs.io/discord).) @ :27
[  319285ms] [ERROR] Coolify could not connect to its real-time service. This will cause unusual problems on the UI if not fixed! Please check the related documentation (https://coolify.io/docs/knowledge-base/cloudflare/tunnels/overview) or get help on Discord (https://coollabs.io/discord).) @ :27
[  319768ms] [ERROR] Coolify could not connect to its real-time service. This will cause unusual problems on the UI if not fixed! Please check the related documentation (https://coolify.io/docs/knowledge-base/cloudflare/tunnels/overview) or get help on Discord (https://coollabs.io/discord).) @ :27
[  320034ms] [ERROR] Coolify could not connect to its real-time service. This will cause unusual problems on the UI if not fixed! Please check the related documentation (https://coolify.io/docs/knowledge-base/cloudflare/tunnels/overview) or get help on Discord (https://coollabs.io/discord).) @ :27
[  320220ms] [ERROR] Coolify could not connect to its real-time service. This will cause unusual problems on the UI if not fixed! Please check the related documentation (https://coolify.io/docs/knowledge-base/cloudflare/tunnels/overview) or get help on Discord (https://coollabs.io/discord).) @ :27
[  321275ms] [ERROR] Coolify could not connect to its real-time service. This will cause unusual problems on the UI if not fixed! Please check the related documentation (https://coolify.io/docs/knowledge-base/cloudflare/tunnels/overview) or get help on Discord (https://coollabs.io/discord).) @ :27
[  321769ms] [ERROR] Coolify could not connect to its real-time service. This will cause unusual problems on the UI if not fixed! Please check the related documentation (https://coolify.io/docs/knowledge-base/cloudflare/tunnels/overview) or get help on Discord (https://coollabs.io/discord).) @ :27
[  322033ms] [ERROR] Coolify could not connect to its real-time service. This will cause unusual problems on the UI if not fixed! Please check the related documentation (https://coolify.io/docs/knowledge-base/cloudflare/tunnels/overview) or get help on Discord (https://coollabs.io/discord).) @ :27
[  322206ms] [ERROR] Coolify could not connect to its real-time service. This will cause unusual problems on the UI if not fixed! Please check the related documentation (https://coolify.io/docs/knowledge-base/cloudflare/tunnels/overview) or get help on Discord (https://coollabs.io/discord).) @ :27
[  323280ms] [ERROR] Coolify could not connect to its real-time service. This will cause unusual problems on the UI if not fixed! Please check the related documentation (https://coolify.io/docs/knowledge-base/cloudflare/tunnels/overview) or get help on Discord (https://coollabs.io/discord).) @ :27
[  323778ms] [ERROR] Coolify could not connect to its real-time service. This will cause unusual problems on the UI if not fixed! Please check the related documentation (https://coolify.io/docs/knowledge-base/cloudflare/tunnels/overview) or get help on Discord (https://coollabs.io/discord).) @ :27
[  324027ms] [ERROR] Coolify could not connect to its real-time service. This will cause unusual problems on the UI if not fixed! Please check the related documentation (https://coolify.io/docs/knowledge-base/cloudflare/tunnels/overview) or get help on Discord (https://coollabs.io/discord).) @ :27
[  324213ms] [ERROR] Coolify could not connect to its real-time service. This will cause unusual problems on the UI if not fixed! Please check the related documentation (https://coolify.io/docs/knowledge-base/cloudflare/tunnels/overview) or get help on Discord (https://coollabs.io/discord).) @ :27
[  325274ms] [ERROR] Coolify could not connect to its real-time service. This will cause unusual problems on the UI if not fixed! Please check the related documentation (https://coolify.io/docs/knowledge-base/cloudflare/tunnels/overview) or get help on Discord (https://coollabs.io/discord).) @ :27
[  325772ms] [ERROR] Coolify could not connect to its real-time service. This will cause unusual problems on the UI if not fixed! Please check the related documentation (https://coolify.io/docs/knowledge-base/cloudflare/tunnels/overview) or get help on Discord (https://coollabs.io/discord).) @ :27
[  326038ms] [ERROR] Coolify could not connect to its real-time service. This will cause unusual problems on the UI if not fixed! Please check the related documentation (https://coolify.io/docs/knowledge-base/cloudflare/tunnels/overview) or get help on Discord (https://coollabs.io/discord).) @ :27
[  326208ms] [ERROR] Coolify could not connect to its real-time service. This will cause unusual problems on the UI if not fixed! Please check the related documentation (https://coolify.io/docs/knowledge-base/cloudflare/tunnels/overview) or get help on Discord (https://coollabs.io/discord).) @ :27
[  327280ms] [ERROR] Coolify could not connect to its real-time service. This will cause unusual problems on the UI if not fixed! Please check the related documentation (https://coolify.io/docs/knowledge-base/cloudflare/tunnels/overview) or get help on Discord (https://coollabs.io/discord).) @ :27
[  327778ms] [ERROR] Coolify could not connect to its real-time service. This will cause unusual problems on the UI if not fixed! Please check the related documentation (https://coolify.io/docs/knowledge-base/cloudflare/tunnels/overview) or get help on Discord (https://coollabs.io/discord).) @ :27
[  328027ms] [ERROR] Coolify could not connect to its real-time service. This will cause unusual problems on the UI if not fixed! Please check the related documentation (https://coolify.io/docs/knowledge-base/cloudflare/tunnels/overview) or get help on Discord (https://coollabs.io/discord).) @ :27
[  328213ms] [ERROR] Coolify could not connect to its real-time service. This will cause unusual problems on the UI if not fixed! Please check the related documentation (https://coolify.io/docs/knowledge-base/cloudflare/tunnels/overview) or get help on Discord (https://coollabs.io/discord).) @ :27
[  329277ms] [ERROR] Coolify could not connect to its real-time service. This will cause unusual problems on the UI if not fixed! Please check the related documentation (https://coolify.io/docs/knowledge-base/cloudflare/tunnels/overview) or get help on Discord (https://coollabs.io/discord).) @ :27
[  329775ms] [ERROR] Coolify could not connect to its real-time service. This will cause unusual problems on the UI if not fixed! Please check the related documentation (https://coolify.io/docs/knowledge-base/cloudflare/tunnels/overview) or get help on Discord (https://coollabs.io/discord).) @ :27
[  330039ms] [ERROR] Coolify could not connect to its real-time service. This will cause unusual problems on the UI if not fixed! Please check the related documentation (https://coolify.io/docs/knowledge-base/cloudflare/tunnels/overview) or get help on Discord (https://coollabs.io/discord).) @ :27
[  330208ms] [ERROR] Coolify could not connect to its real-time service. This will cause unusual problems on the UI if not fixed! Please check the related documentation (https://coolify.io/docs/knowledge-base/cloudflare/tunnels/overview) or get help on Discord (https://coollabs.io/discord).) @ :27
[  331280ms] [ERROR] Coolify could not connect to its real-time service. This will cause unusual problems on the UI if not fixed! Please check the related documentation (https://coolify.io/docs/knowledge-base/cloudflare/tunnels/overview) or get help on Discord (https://coollabs.io/discord).) @ :27
[  331766ms] [ERROR] Coolify could not connect to its real-time service. This will cause unusual problems on the UI if not fixed! Please check the related documentation (https://coolify.io/docs/knowledge-base/cloudflare/tunnels/overview) or get help on Discord (https://coollabs.io/discord).) @ :27
[  332035ms] [ERROR] Coolify could not connect to its real-time service. This will cause unusual problems on the UI if not fixed! Please check the related documentation (https://coolify.io/docs/knowledge-base/cloudflare/tunnels/overview) or get help on Discord (https://coollabs.io/discord).) @ :27
[  332206ms] [ERROR] Coolify could not connect to its real-time service. This will cause unusual problems on the UI if not fixed! Please check the related documentation (https://coolify.io/docs/knowledge-base/cloudflare/tunnels/overview) or get help on Discord (https://coollabs.io/discord).) @ :27
[  333277ms] [ERROR] Coolify could not connect to its real-time service. This will cause unusual problems on the UI if not fixed! Please check the related documentation (https://coolify.io/docs/knowledge-base/cloudflare/tunnels/overview) or get help on Discord (https://coollabs.io/discord).) @ :27
[  333777ms] [ERROR] Coolify could not connect to its real-time service. This will cause unusual problems on the UI if not fixed! Please check the related documentation (https://coolify.io/docs/knowledge-base/cloudflare/tunnels/overview) or get help on Discord (https://coollabs.io/discord).) @ :27
[  334027ms] [ERROR] Coolify could not connect to its real-time service. This will cause unusual problems on the UI if not fixed! Please check the related documentation (https://coolify.io/docs/knowledge-base/cloudflare/tunnels/overview) or get help on Discord (https://coollabs.io/discord).) @ :27
[  334214ms] [ERROR] Coolify could not connect to its real-time service. This will cause unusual problems on the UI if not fixed! Please check the related documentation (https://coolify.io/docs/knowledge-base/cloudflare/tunnels/overview) or get help on Discord (https://coollabs.io/discord).) @ :27
[  335271ms] [ERROR] Coolify could not connect to its real-time service. This will cause unusual problems on the UI if not fixed! Please check the related documentation (https://coolify.io/docs/knowledge-base/cloudflare/tunnels/overview) or get help on Discord (https://coollabs.io/discord).) @ :27
[  335769ms] [ERROR] Coolify could not connect to its real-time service. This will cause unusual problems on the UI if not fixed! Please check the related documentation (https://coolify.io/docs/knowledge-base/cloudflare/tunnels/overview) or get help on Discord (https://coollabs.io/discord).) @ :27
[  336035ms] [ERROR] Coolify could not connect to its real-time service. This will cause unusual problems on the UI if not fixed! Please check the related documentation (https://coolify.io/docs/knowledge-base/cloudflare/tunnels/overview) or get help on Discord (https://coollabs.io/discord).) @ :27
[  336205ms] [ERROR] Coolify could not connect to its real-time service. This will cause unusual problems on the UI if not fixed! Please check the related documentation (https://coolify.io/docs/knowledge-base/cloudflare/tunnels/overview) or get help on Discord (https://coollabs.io/discord).) @ :27
[  337282ms] [ERROR] Coolify could not connect to its real-time service. This will cause unusual problems on the UI if not fixed! Please check the related documentation (https://coolify.io/docs/knowledge-base/cloudflare/tunnels/overview) or get help on Discord (https://coollabs.io/discord).) @ :27
[  337764ms] [ERROR] Coolify could not connect to its real-time service. This will cause unusual problems on the UI if not fixed! Please check the related documentation (https://coolify.io/docs/knowledge-base/cloudflare/tunnels/overview) or get help on Discord (https://coollabs.io/discord).) @ :27
[  338032ms] [ERROR] Coolify could not connect to its real-time service. This will cause unusual problems on the UI if not fixed! Please check the related documentation (https://coolify.io/docs/knowledge-base/cloudflare/tunnels/overview) or get help on Discord (https://coollabs.io/discord).) @ :27
[  338217ms] [ERROR] Coolify could not connect to its real-time service. This will cause unusual problems on the UI if not fixed! Please check the related documentation (https://coolify.io/docs/knowledge-base/cloudflare/tunnels/overview) or get help on Discord (https://coollabs.io/discord).) @ :27
[  339283ms] [ERROR] Coolify could not connect to its real-time service. This will cause unusual problems on the UI if not fixed! Please check the related documentation (https://coolify.io/docs/knowledge-base/cloudflare/tunnels/overview) or get help on Discord (https://coollabs.io/discord).) @ :27
[  339767ms] [ERROR] Coolify could not connect to its real-time service. This will cause unusual problems on the UI if not fixed! Please check the related documentation (https://coolify.io/docs/knowledge-base/cloudflare/tunnels/overview) or get help on Discord (https://coollabs.io/discord).) @ :27
[  340031ms] [ERROR] Coolify could not connect to its real-time service. This will cause unusual problems on the UI if not fixed! Please check the related documentation (https://coolify.io/docs/knowledge-base/cloudflare/tunnels/overview) or get help on Discord (https://coollabs.io/discord).) @ :27
[  340216ms] [ERROR] Coolify could not connect to its real-time service. This will cause unusual problems on the UI if not fixed! Please check the related documentation (https://coolify.io/docs/knowledge-base/cloudflare/tunnels/overview) or get help on Discord (https://coollabs.io/discord).) @ :27
[  341273ms] [ERROR] Coolify could not connect to its real-time service. This will cause unusual problems on the UI if not fixed! Please check the related documentation (https://coolify.io/docs/knowledge-base/cloudflare/tunnels/overview) or get help on Discord (https://coollabs.io/discord).) @ :27
[  341773ms] [ERROR] Coolify could not connect to its real-time service. This will cause unusual problems on the UI if not fixed! Please check the related documentation (https://coolify.io/docs/knowledge-base/cloudflare/tunnels/overview) or get help on Discord (https://coollabs.io/discord).) @ :27
[  342036ms] [ERROR] Coolify could not connect to its real-time service. This will cause unusual problems on the UI if not fixed! Please check the related documentation (https://coolify.io/docs/knowledge-base/cloudflare/tunnels/overview) or get help on Discord (https://coollabs.io/discord).) @ :27
[  342206ms] [ERROR] Coolify could not connect to its real-time service. This will cause unusual problems on the UI if not fixed! Please check the related documentation (https://coolify.io/docs/knowledge-base/cloudflare/tunnels/overview) or get help on Discord (https://coollabs.io/discord).) @ :27
[  343275ms] [ERROR] Coolify could not connect to its real-time service. This will cause unusual problems on the UI if not fixed! Please check the related documentation (https://coolify.io/docs/knowledge-base/cloudflare/tunnels/overview) or get help on Discord (https://coollabs.io/discord).) @ :27
[  343770ms] [ERROR] Coolify could not connect to its real-time service. This will cause unusual problems on the UI if not fixed! Please check the related documentation (https://coolify.io/docs/knowledge-base/cloudflare/tunnels/overview) or get help on Discord (https://coollabs.io/discord).) @ :27
[  344032ms] [ERROR] Coolify could not connect to its real-time service. This will cause unusual problems on the UI if not fixed! Please check the related documentation (https://coolify.io/docs/knowledge-base/cloudflare/tunnels/overview) or get help on Discord (https://coollabs.io/discord).) @ :27
[  344219ms] [ERROR] Coolify could not connect to its real-time service. This will cause unusual problems on the UI if not fixed! Please check the related documentation (https://coolify.io/docs/knowledge-base/cloudflare/tunnels/overview) or get help on Discord (https://coollabs.io/discord).) @ :27
[  345273ms] [ERROR] Coolify could not connect to its real-time service. This will cause unusual problems on the UI if not fixed! Please check the related documentation (https://coolify.io/docs/knowledge-base/cloudflare/tunnels/overview) or get help on Discord (https://coollabs.io/discord).) @ :27
[  345772ms] [ERROR] Coolify could not connect to its real-time service. This will cause unusual problems on the UI if not fixed! Please check the related documentation (https://coolify.io/docs/knowledge-base/cloudflare/tunnels/overview) or get help on Discord (https://coollabs.io/discord).) @ :27
[  346039ms] [ERROR] Coolify could not connect to its real-time service. This will cause unusual problems on the UI if not fixed! Please check the related documentation (https://coolify.io/docs/knowledge-base/cloudflare/tunnels/overview) or get help on Discord (https://coollabs.io/discord).) @ :27
[  346208ms] [ERROR] Coolify could not connect to its real-time service. This will cause unusual problems on the UI if not fixed! Please check the related documentation (https://coolify.io/docs/knowledge-base/cloudflare/tunnels/overview) or get help on Discord (https://coollabs.io/discord).) @ :27
